autonomousCommunityRank,competition,eligible,latentSkill,nationalRank,opposition,playerId,position,provinceCode,provinceRank,quality,ratingV2,risk,score,uniqueOpponents,validChallenges
83,220.29,true,95.01,1574,109.67,player-00001,POR,20,21,317.09,91.34,10.12,647.05,19,40
16,219.43,true,97.21,442,115.17,player-00002,DEF,20,5,347.63,96.67,9.97,682.22,21,45
167,216.46,true,82.75,2906,114.55,player-00003,DEF,20,30,289.92,78.49,10.05,620.93,20,43
277,222.22,true,69.72,4602,113.26,player-00004,MC,20,56,257.5,72.86,7.42,592.98,22,42
389,221.87,true,85.23,5994,117.12,player-00005,MC,20,87,230.98,68.55,9.78,569.96,24,51
76,220.12,true,85.15,1427,113.87,player-00006,DEL,20,19,316,91.47,7.21,649.99,21,38
35,233.64,true,92.36,856,114.72,player-00007,DEF,20,11,317.68,94.84,7.75,666.05,21,43
325,219.5,true,84.49,5183,114.24,player-00008,MC,20,69,249.85,75.69,7.66,583.59,24,45
65,238.83,true,94.46,1286,114.08,player-00009,DEL,20,15,300.72,92.84,7.05,653.63,22,43
120,210.8,true,85.1,2229,113.38,player-00010,DEF,20,27,309.62,84.54,7.4,633.8,20,42
511,234.47,true,59.88,7711,121.87,player-00011,POR,48,289,179.78,56.71,6.31,536.12,22,39
632,218,true,55.8,8985,119.06,player-00012,DEF,48,359,142.1,43.04,6.16,479.15,19,35
503,235.7,true,49.38,7543,121.29,player-00013,DEF,48,285,184,52.44,7.99,540.99,22,40
252,205.69,true,67.85,4174,120.15,player-00014,MC,48,158,274.03,84.31,5.17,599.86,20,31
635,233.15,true,46.21,9003,119.96,player-00015,MC,48,361,124.23,38.28,6.85,477.34,19,33
590,230.4,true,51.67,8635,120.05,player-00016,DEL,48,339,153.42,46.17,6.61,503.86,22,42
365,235.68,true,58.69,5667,120.3,player-00017,DEF,48,217,219.87,61.24,6.78,575.85,21,41
600,214.48,true,54.66,8710,118.67,player-00018,MC,48,344,166.66,50.15,7.1,499.81,19,38
642,222.84,true,46.81,9033,120.63,player-00019,DEL,48,365,131.85,40.41,8.04,475.33,20,40
557,188.72,true,60.91,8207,121.67,player-00020,DEF,48,315,211.14,57.65,7.82,521.54,21,36
320,197.99,true,85.57,5351,118.02,player-00021,POR,35,236,264.78,74.74,5,580.79,19,37
244,186.13,true,77.26,4096,118.84,player-00022,DEF,35,181,296.06,85.3,5.14,601.04,23,46
192,194.82,true,91.62,3174,119.21,player-00023,DEF,35,146,302.44,89.6,5.81,616.47,23,39
82,200.03,true,96.64,1408,119.69,player-00024,MC,35,68,330.78,93.91,5.14,650.51,20,40
262,162.58,true,81.91,4377,118.89,player-00025,MC,35,193,314.91,86.91,5.26,596.37,20,41
224,209.99,true,70.58,3729,117.96,player-00026,DEL,35,170,279.26,84.73,6.58,607.21,20,39
38,205.58,true,98,678,120.35,player-00027,DEF,35,31,346.62,99,6.6,672.55,22,43
151,180.85,true,92.32,2505,120.14,player-00028,MC,35,116,327.75,93.9,5.62,628.74,19,42
60,203.91,true,92.51,964,121.79,player-00029,DEL,35,48,337.1,98.29,6.31,662.8,20,37
444,170.6,true,79.09,7508,119.17,player-00030,DEF,35,331,251.95,71.81,5.02,541.71,21,41
191,233.15,true,51.24,8032,117.73,player-00031,POR,30,191,175.79,50.93,4.76,526.67,21,39
136,244.22,true,55.48,6007,119.83,player-00032,DEF,30,136,205.75,62.43,6.58,569.8,20,39
208,220.5,true,47.2,8544,120.32,player-00033,DEF,30,208,167.66,48.18,5.02,508.48,21,41
167,226.68,true,63.23,7225,118.56,player-00034,MC,30,167,202.48,61.75,6.71,547.72,21,42
132,224.52,true,55.58,5978,116.82,player-00035,MC,30,132,228.9,69.02,7.27,570.24,16,36
111,236.83,true,59.87,5051,117.92,player-00036,DEL,30,111,231.03,66.43,5.14,585.77,18,36
168,247.48,true,63.12,7237,115.82,player-00037,DEF,30,168,184.17,55.32,5.14,547.47,18,36
200,226.51,true,53.34,8269,119.9,player-00038,MC,30,200,173.77,48.75,5.26,520.18,20,41
183,201.15,true,64.82,7741,119.08,player-00039,DEL,30,183,215.23,60.69,5.14,535.46,19,38
162,232.47,true,59.21,7003,117.28,player-00040,DEF,30,162,202,55.23,6.97,551.75,18,38
565,256.81,true,47.25,8282,119.22,player-00041,POR,48,320,143.57,42.54,3.6,519.6,17,26
353,273.1,true,48.98,5525,117.94,player-00042,DEF,48,211,187.23,53.14,3.89,578.28,15,24
382,225.6,true,69.88,5882,121.08,player-00043,DEF,48,228,225.47,67.1,3.22,572.15,18,26
266,301.82,true,63.17,4378,121.09,player-00044,MC,48,165,173.44,51.02,3,596.35,20,28
528,268.07,true,47.81,7878,119.36,player-00045,MC,48,297,144.02,43.58,3.6,531.45,17,26
342,257.56,true,52.22,5425,120.41,player-00046,DEL,48,204,201.77,59.09,3.59,579.74,19,29
204,266.29,true,54.71,3545,120.19,player-00047,DEF,48,129,223.81,61.79,3.35,610.28,19,28
419,261.55,true,53.29,6364,115.67,player-00048,MC,48,246,185.98,53.1,3.99,563.21,16,26
588,243.86,true,57.97,8609,117.18,player-00049,DEL,48,337,143.94,42.73,3.99,504.99,16,26
322,270.97,true,60.05,5144,119.13,player-00050,DEF,48,196,194.15,56.73,3,584.25,20,28
607,206.67,true,67.95,6723,118.91,player-00051,POR,47,79,231.01,64.12,6.56,556.6,17,33
564,196.34,true,76.07,6246,117.99,player-00052,DEF,47,73,251.18,70.63,4.76,565.51,18,30
652,197.78,true,74.66,7170,118.57,player-00053,DEF,47,87,232.48,66.48,7.02,548.83,16,30
469,183.26,true,80.62,5294,118.49,player-00054,MC,47,61,279.85,79.8,6.7,581.61,19,34
405,181.86,true,79.1,4609,119.02,player-00055,MC,47,54,291.98,84.05,6.25,592.86,20,33
461,207.16,true,68.98,5228,119.81,player-00056,DEL,47,60,255.72,69.83,6.26,582.69,18,33
493,187.84,true,69.88,5583,120.27,player-00057,DEF,47,63,269.08,81.33,4.96,577.19,19,33
701,163.66,true,80.83,7709,117.02,player-00058,MC,47,93,255.47,75.92,4.95,536.15,18,31
613,208.17,true,65.93,6775,118.06,player-00059,DEL,47,80,229.58,62.51,5.45,555.81,17,32
713,194.38,true,66.19,7829,117.26,player-00060,DEF,47,96,221.42,64.73,5.14,533.07,15,30
1,278.34,true,90.89,29,112.41,player-00061,POR,42,1,338.31,97.28,7.34,729.06,14,35
318,262.59,true,71.27,3796,107.88,player-00062,DEF,42,38,235.77,72.48,8.19,606.25,12,36
170,258.22,true,81.99,2290,113.72,player-00063,DEF,42,22,260.61,75.68,7.45,632.55,14,36
39,266.38,true,84.15,604,107.69,player-00064,MC,42,4,301.23,85.39,7.91,675.29,13,37
266,281.99,true,73.24,3265,104.66,player-00065,MC,42,30,228.4,72.3,8.01,615.06,14,42
41,277.58,true,84.56,633,106.4,player-00066,DEL,42,5,290.05,84.36,8.09,674.04,13,39
60,246.13,true,87.19,926,107.71,player-00067,DEF,42,9,310.03,94.32,7.84,663.86,14,40
287,267.97,true,65.15,3451,113.62,player-00068,MC,42,34,230.4,65.35,7.85,611.99,11,29
197,262.96,true,77.27,2593,110.29,player-00069,DEL,42,24,253.77,75.53,8.58,627.02,11,36
115,282.72,true,66.45,1728,110.83,player-00070,DEF,42,16,250.26,75.16,6.47,643.81,11,30
238,207.96,true,79.48,2545,123.59,player-00071,POR,03,96,296.32,87.54,3.1,627.87,19,27
750,198.26,true,63.59,7421,123.81,player-00072,DEF,03,297,221.43,65.02,3,543.49,20,28
491,205.04,true,68.24,4909,124.25,player-00073,DEF,03,209,258.93,71.03,2.64,588.22,21,28
780,192.76,true,61.46,7662,122.36,player-00074,MC,03,311,222.46,61.83,2.64,537.58,21,28
241,232.53,true,83.31,2564,123.99,player-00075,MC,03,98,271.05,78.48,2.87,627.57,24,33
,217.14,false,62.55,,123.75,player-00076,DEL,03,,132.77,43.09,2.64,473.66,21,28
464,213.96,true,68.55,4642,125.23,player-00077,DEF,03,197,253.24,69.31,1.99,592.43,22,27
651,202.7,true,64.57,6525,124.24,player-00078,MC,03,261,233.29,65.22,1.68,560.23,22,26
596,232.23,true,61.23,5949,124.72,player-00079,DEL,03,241,213.84,68,2.06,570.79,21,26
755,208.31,true,51.57,7495,123.27,player-00080,DEF,03,299,210.37,59.92,3.35,541.95,19,28
529,223.45,true,64.83,4873,116.6,player-00081,POR,17,102,248.67,69.88,4.26,588.72,20,34
701,227.08,true,61.17,6421,112.32,player-00082,DEF,17,123,222.74,64.95,5.93,562.14,20,43
526,250.65,true,72.94,4867,115.27,player-00083,DEF,17,101,222.9,64.77,5.14,588.81,19,38
506,208.01,true,75.48,4723,117.97,player-00084,MC,17,94,265.02,76.09,4.73,591,20,37
792,221.2,true,69.13,7297,114.3,player-00085,MC,17,138,210.78,63.4,5.24,546.28,22,41
820,225.34,true,56.58,7577,114.01,player-00086,DEL,17,146,200.89,56.31,5.27,540.25,19,39
419,219.26,true,67.68,3942,115.31,player-00087,DEF,17,81,269.35,76.08,4.86,603.92,23,40
658,224.71,true,66.88,6008,112.59,player-00088,MC,17,119,232.49,64.61,5.65,569.79,18,36
886,201.63,true,67.45,8229,115.78,player-00089,DEL,17,170,203.71,62.54,5.4,521.12,18,38
956,204.18,true,54.57,9005,107.55,player-00090,DEF,17,188,165.51,51.24,6.27,477.24,17,39
53,253.74,true,71.3,2211,120.82,player-00091,POR,39,53,259.56,76.19,6,634.13,16,34
85,246.24,true,76.21,3517,120,player-00092,DEF,39,85,244.66,73.52,5.87,610.89,16,33
49,271.14,true,74.45,1906,120.64,player-00093,DEF,39,49,248.66,69.25,5.58,640.44,16,31
75,264.72,true,84.83,3074,119.38,player-00094,MC,39,75,233.97,70.28,5.45,618.07,16,30
18,265.9,true,75.54,852,119.89,player-00095,MC,39,18,280.58,85.35,4.62,666.38,16,29
16,268.62,true,81.92,801,119.93,player-00096,DEL,39,16,279.54,83.5,5.6,668.09,16,31
121,252.54,true,75.7,5043,120.35,player-00097,DEF,39,121,212.98,65.48,5.72,585.87,16,32
17,242.64,true,86.97,827,118.86,player-00098,MC,39,17,305.63,91.02,3.89,667.13,15,24
11,259.16,true,83.2,719,120.49,player-00099,DEL,39,11,291.38,82.85,5.48,671.03,14,26
51,243.89,true,82.56,2053,120.84,player-00100,DEF,39,51,272.79,78.95,4.21,637.52,16,27
317,229.52,true,84.25,3045,122.32,player-00101,POR,17,63,266.69,80.77,5.7,618.53,25,52
57,244.53,true,88.88,568,121.7,player-00102,DEF,17,13,310.42,86.06,4.56,676.65,24,43
233,229.49,true,83.44,2123,120.83,player-00103,DEF,17,43,285.78,84.11,6.98,636.1,27,53
264,237.18,true,78.19,2441,123.06,player-00104,MC,17,49,269.76,79.06,5.31,629.99,28,54
287,216.71,true,82.99,2723,123.4,player-00105,MC,17,55,284.05,80.86,6.61,624.16,24,47
347,216.24,true,70.49,3326,121.72,player-00106,DEL,17,68,276.01,74.44,6.42,613.97,27,51
58,250.64,true,80.5,569,122.4,player-00107,DEF,17,14,303.56,90.41,6.98,676.61,26,55
446,212.16,true,73.71,4190,121.67,player-00108,MC,17,86,265.66,78.92,4.27,599.48,27,46
652,194.4,true,73.22,5935,122.1,player-00109,DEL,17,118,254.58,69.08,6.29,571.09,28,48
861,199.43,true,70.93,8024,120.38,player-00110,DEF,17,158,207.09,62.06,4.94,526.9,26,50
303,290.91,true,76.86,1032,120.19,player-00111,POR,29,70,249.6,77.66,6.31,660.71,21,45
61,272.99,true,82.21,168,119.97,player-00112,DEF,29,18,309.22,92.26,6.28,702.19,22,47
891,245.05,true,68.74,3745,125.37,player-00113,DEF,29,199,236.64,68.4,5.63,607.05,24,49
1044,238.84,true,75.66,4599,124.61,player-00114,MC,29,231,229.56,68.35,5.94,593.01,24,48
632,276.75,true,72.41,2425,121.43,player-00115,MC,29,150,232.2,65.05,4.99,630.37,23,41
604,278.49,true,68.03,2317,123.13,player-00116,DEL,29,144,230.56,67.87,6.42,632.17,22,49
932,286.14,true,69.8,3994,123.33,player-00117,DEF,29,207,193.49,57.89,5.56,602.96,22,44
921,265.84,true,81.46,3923,119.46,player-00118,MC,29,206,218.91,65.72,5.7,604.21,22,41
764,250.69,true,69.45,3071,120.88,player-00119,DEL,29,174,246.53,66.49,5.97,618.1,19,41
579,256.19,true,73.21,2198,123.19,player-00120,DEF,29,138,255.01,69.03,5.74,634.39,23,48
80,215.4,true,91.33,1519,123.73,player-00121,POR,48,52,308.83,93.46,4.1,647.96,26,40
26,231.36,true,85.02,637,115.6,player-00122,DEF,48,17,326.95,93.37,3.17,673.9,23,33
61,213.97,true,94.08,1239,120.93,player-00123,DEF,48,42,319.91,90.29,4.25,654.81,26,41
188,223.6,true,73.08,3328,117.87,player-00124,MC,48,122,272.49,82.11,3.75,613.96,23,36
66,216.54,true,81.85,1298,120.4,player-00125,MC,48,44,316.47,98.02,4.04,653.4,25,41
33,222.89,true,91.6,792,120.91,player-00126,DEL,48,22,324.53,95.26,4.14,668.33,24,40
397,218.75,true,73.45,6111,118.3,player-00127,DEF,48,235,230.97,70.1,3.54,568.02,25,35
150,235.7,true,74.86,2689,119.19,player-00128,MC,48,96,270.13,74.21,3.92,625.02,23,34
282,236.38,true,80.42,4687,121.23,player-00129,DEL,48,172,234.01,67.5,4.15,591.62,24,37
237,205.23,true,80.5,3952,120.01,player-00130,DEF,48,148,278.52,81.99,4.16,603.76,27,42
1785,177.58,true,65.66,8483,124.34,player-00131,POR,41,361,209.33,61.23,3.04,511.25,22,31
1474,163.82,true,73.44,6789,120.15,player-00132,DEF,41,294,271.66,85.29,3.75,555.62,23,36
1711,193.94,true,59.56,8062,125.52,player-00133,DEF,41,344,206.59,60.63,3.14,526.06,21,30
1486,198.29,true,63.08,6852,125.91,player-00134,MC,41,299,230.2,67.28,3.59,554.4,19,29
1622,180.13,true,64.98,7664,122.53,player-00135,MC,41,324,234.89,65.04,3.57,537.55,23,35
1699,194.19,true,58.48,8013,124.7,player-00136,DEL,41,343,208.56,56.89,3.26,527.45,22,32
1893,177.35,true,50.68,9210,121.99,player-00137,DEF,41,380,139.96,43.23,3.78,439.29,21,33
1394,204.7,true,69.24,6428,123.47,player-00138,MC,41,271,233.72,64.43,2.95,561.9,23,32
1735,186.33,true,62.89,8200,125.02,player-00139,DEL,41,349,210.55,61.18,3.58,521.9,21,32
1598,201.8,true,64.5,7527,125.77,player-00140,DEF,41,322,213.71,61.61,3.37,541.29,21,31
1644,248.14,true,60.16,7764,121.03,player-00141,POR,11,325,165.74,47.78,6.34,534.91,24,41
468,255.08,true,69.51,1770,122.69,player-00142,DEF,11,99,265.25,71.65,8.82,643.02,25,47
,237.35,false,43.99,,123.43,player-00143,DEF,11,,160.51,52.61,8.38,521.28,26,49
1853,243.84,true,50.45,8927,122.71,player-00144,MC,11,374,118.1,36.46,6.82,484.65,24,45
1513,233.19,true,66.81,7002,119.9,player-00145,MC,11,307,198.66,57.88,7.56,551.76,21,41
233,248.95,true,77.21,730,121.26,player-00146,DEL,11,45,300.49,87.72,8.16,670.7,24,43
1359,247.79,true,63.21,6193,122.24,player-00147,DEF,11,277,196.53,55.29,8.05,566.56,25,44
1104,255.63,true,58.1,4943,120.29,player-00148,MC,11,223,211.53,57.26,6.42,587.45,24,38
795,249.45,true,64.95,3263,121.84,player-00149,DEL,11,171,243.8,68.9,5.24,615.09,21,39
874,254.91,true,60.15,3641,120.92,player-00150,DEF,11,187,232.63,67.88,5.61,608.46,23,42
190,220.27,true,97.88,588,123.04,player-00151,POR,29,45,332.69,97.96,3.47,676,20,30
66,250.4,true,93.02,185,123.15,player-00152,DEF,29,21,326.44,92.28,3.92,700,23,37
77,223.84,true,95.8,223,121.04,player-00153,DEF,29,23,350.98,95.72,4.19,695.87,22,37
995,231.11,true,80.15,4355,121.54,player-00154,MC,29,221,244.18,71.62,3.28,596.83,24,35
570,206.86,true,92.36,2162,124.6,player-00155,MC,29,135,303.78,88.46,2.92,635.24,26,36
123,231,true,98,366,121.99,player-00156,DEL,29,32,333.29,97.07,3.57,686.28,23,35
1099,234.69,true,81.93,4928,122.68,player-00157,DEF,29,242,230.37,71.09,3.75,587.74,23,36
24,234.41,true,98,76,123.74,player-00158,MC,29,7,357.22,97.07,3.47,715.37,22,33
25,236.11,true,92.94,77,125.34,player-00159,DEL,29,8,353.88,99,3,715.33,25,35
228,246.92,true,94.76,716,122.02,player-00160,DEF,29,53,302.16,90.66,3.57,671.1,23,35
392,213.29,true,82.65,3691,122.38,player-00161,POR,08,180,272.08,75.01,5.06,607.75,28,39
564,194.26,true,67.04,5126,123.32,player-00162,DEF,08,257,266.95,74.99,3.64,584.53,28,40
201,218.36,true,82.69,1900,124.99,player-00163,DEF,08,105,297.16,81.89,5.72,640.51,29,45
316,207.08,true,79.73,3042,121.66,player-00164,MC,08,146,289.81,85.8,5.51,618.55,23,34
730,223.65,true,66.42,6608,124.82,player-00165,MC,08,328,210.33,65.4,5.22,558.8,24,37
245,228.29,true,74.74,2299,121.43,player-00166,DEL,08,123,282.65,76.23,5.32,632.36,23,33
897,189.19,true,76.51,8354,124.02,player-00167,DEF,08,394,203.23,62.09,5.7,516.44,26,40
474,206.33,true,77.59,4433,124.5,player-00168,MC,08,216,264.67,78.07,5.17,595.5,27,38
346,235.25,true,70.7,3294,125.08,player-00169,DEL,08,162,254.15,72.88,5.07,614.48,26,36
680,201.09,true,69.67,6195,124.97,player-00170,DEF,08,308,240.48,67.24,5.22,566.54,24,37
62,256,true,75.06,1051,117.26,player-00171,POR,02,15,286.76,81.95,6.05,660.02,18,44
281,208.44,true,84.22,4470,117.56,player-00172,DEF,02,62,268.98,81.54,5.79,594.99,20,46
335,263.55,true,67.73,5428,118.55,player-00173,DEF,02,80,197.58,59.86,5.52,579.67,18,39
71,225.97,true,79.07,1171,120.88,player-00174,MC,02,18,309.9,97.23,5.72,656.75,19,43
212,223.49,true,85.67,3515,117.48,player-00175,MC,02,47,269.96,82.5,5.97,610.92,20,48
129,213.44,true,79.53,2191,117.2,player-00176,DEL,02,27,303.86,86.29,5.62,634.5,19,42
245,216.19,true,77.83,3962,120.85,player-00177,DEF,02,55,266.56,81.49,5.7,603.6,20,45
208,237.66,true,79.13,3386,116.25,player-00178,MC,02,44,258.98,76.8,5.49,612.89,20,43
251,217.33,true,82.37,4097,116.28,player-00179,DEL,02,57,267.43,84.87,5.39,601.04,19,40
113,235.83,true,78.19,1912,118.88,player-00180,DEF,02,25,285.63,80.37,5.14,640.34,19,38
89,183.44,true,98,1347,113.48,player-00181,POR,05,3,355.33,98.08,5.81,652.25,14,28
409,160.39,true,94.99,4652,113.88,player-00182,DEF,05,43,318.01,99,4.76,592.29,14,26
216,186.11,true,95.64,2806,114.5,player-00183,DEF,05,23,322.02,91.39,5.9,622.62,15,31
660,160.31,true,82.79,7287,114.97,player-00184,MC,05,66,271.3,76.45,5.5,546.57,13,28
505,178.61,true,87.44,5702,111.8,player-00185,MC,05,54,284.73,88,6.52,575.14,12,28
231,158.33,true,97.99,3043,114.56,player-00186,DEL,05,25,345.65,99,5.92,618.55,12,24
344,186.11,true,98,4019,114.5,player-00187,DEF,05,34,302.01,98.06,5.9,602.61,15,31
403,141.99,true,98,4593,111.4,player-00188,MC,05,42,339.68,96.77,6.24,593.08,12,26
650,167.06,true,75.04,7154,108.75,player-00189,DEL,05,64,273.37,75.97,6.49,549.18,11,25
599,163.18,true,78.5,6670,110.66,player-00190,DEF,05,61,283.65,84.44,6.24,557.5,12,26
484,228.59,true,69.88,6244,117.06,player-00191,POR,36,115,219.89,66.26,4.14,565.54,18,30
392,220.26,true,76.25,4971,113.73,player-00192,DEF,36,83,252.91,71.91,4.26,586.91,20,34
385,224.17,true,73.04,4910,115.68,player-00193,DEF,36,80,248.37,78.4,3.93,588.21,18,29
409,248.32,true,74.86,5181,114.95,player-00194,MC,36,87,220.36,66.22,4.63,583.64,19,31
200,213.02,true,81.41,2550,114.9,player-00195,MC,36,30,299.88,85.28,4.05,627.8,22,33
267,230.95,true,68.12,3237,117.46,player-00196,DEL,36,41,267.03,84.12,4.36,615.44,21,33
317,238.18,true,71.05,3910,115.46,player-00197,DEF,36,56,250.73,69.1,4.14,604.38,21,35
441,222.24,true,65.66,5670,114.33,player-00198,MC,36,94,239.24,72.52,3.78,575.81,21,33
440,233.09,true,72.29,5660,114.67,player-00199,DEL,36,93,228.2,65.76,4.38,575.95,19,33
268,255.18,true,67.48,3238,115.39,player-00200,DEF,36,42,244.87,72.04,4.36,615.44,21,33
421,170.56,true,88.09,4223,123.21,player-00201,POR,46,161,305.27,91.87,7.17,599.04,30,57
768,207.44,true,62.42,7582,121.01,player-00202,DEF,46,301,211.66,57.79,6.61,540.1,29,53
891,173.22,true,78.98,8994,122.4,player-00203,DEF,46,344,182.74,56.21,7.5,478.36,32,52
229,188.28,true,96.5,2419,124.84,player-00204,MC,46,92,317.27,93.18,8.73,630.39,32,61
565,182.16,true,77.74,5643,121.68,player-00205,MC,46,217,272.43,75.03,8.71,576.26,29,59
501,181.11,true,83,5045,123.63,player-00206,DEL,46,188,281.1,82.69,7.06,585.85,29,58
756,182.06,true,79.95,7498,122.36,player-00207,DEF,46,297,237.49,71.61,6.84,541.9,29,51
263,180.88,true,79.83,2778,122.51,player-00208,MC,46,102,319.62,88.48,8.19,623,29,53
436,222.9,true,81.03,4325,125.22,player-00209,DEL,46,166,249.16,75.67,6.43,597.27,30,53
620,168.9,true,76.29,6203,123.28,player-00210,DEF,46,239,274.19,80.52,8.02,566.37,30,57
666,221.61,true,75.02,2559,121.26,player-00211,POR,14,65,284.85,85.9,5.58,627.71,16,25
,202.39,false,63.28,,118.01,player-00212,DEF,14,,172.84,55.69,5.01,493.24,15,24
1424,199.62,true,64.47,6556,120.09,player-00213,DEF,14,139,239.86,68.34,6.14,559.57,17,30
972,251.15,true,68.41,4210,120.8,player-00214,MC,14,97,227.22,66.14,5.48,599.18,16,28
1707,204.16,true,59.6,8044,117.45,player-00215,MC,14,173,204.86,57.41,6.43,526.47,17,32
508,197.95,true,92.43,1928,120.15,player-00216,DEL,14,51,321.98,92.67,4.84,640.08,17,27
1609,219.53,true,71.97,7614,119.81,player-00217,DEF,14,166,199.87,60.6,5.66,539.21,17,31
1725,197.13,true,57.71,8140,122.04,player-00218,MC,14,175,204.59,57.17,4.58,523.76,15,27
1593,201.8,true,66.8,7486,117.85,player-00219,DEL,14,164,222.43,62.17,6.28,542.08,17,31
1473,203.84,true,71.04,6788,119.96,player-00220,DEF,14,147,231.83,65.17,5.94,555.63,17,29
1661,192.33,true,59.93,7833,120.43,player-00221,POR,29,321,220.15,63.87,4.53,532.91,29,45
1675,188.64,true,70.3,7918,119.88,player-00222,DEF,29,325,221.53,64.97,5.77,530.05,31,49
1841,221.23,true,45.53,8832,121.61,player-00223,DEF,29,351,148.82,42.19,3.6,491.67,30,43
1877,193.03,true,40.83,9107,121.1,player-00224,MC,29,359,150.99,40.74,6.06,465.12,32,50
993,216.87,true,71.53,4341,120.23,player-00225,MC,29,220,259.96,70.11,4.16,597.06,30,47
883,263.42,true,67.27,3704,123.13,player-00226,DEL,29,197,221,68.53,4.17,607.55,30,47
1737,203.43,true,67.83,8218,120.34,player-00227,DEF,29,333,197.6,58.67,4.7,521.36,28,48
1450,236.57,true,54.25,6692,122.04,player-00228,MC,29,295,198.51,58.85,4.2,557.13,28,44
1703,200.23,true,60.48,8034,123.62,player-00229,DEL,29,330,202.77,61.71,4.27,526.62,29,43
935,220.06,true,75.93,4017,123.34,player-00230,DEF,29,208,259.24,75.07,4.77,602.64,28,45
1727,205.87,true,54.06,8142,125.49,player-00231,POR,11,347,192.38,55.29,7.1,523.74,23,34
1791,198.95,true,52.57,8514,127.73,player-00232,DEF,11,359,183.46,49.48,7.52,510.14,21,33
1670,193.62,true,72.26,7885,125.46,player-00233,DEF,11,334,212.11,63.56,3.37,531.19,21,31
1842,200.95,true,59.74,8835,127.88,player-00234,MC,11,371,162.78,46.17,5.44,491.62,22,32
1726,205.4,true,62.6,8141,124.65,player-00235,MC,11,346,193.7,55.3,5.75,523.75,21,32
1120,200.53,true,72.13,5011,126.82,player-00236,DEL,11,228,258.97,75.69,4.12,586.32,20,30
1049,193.74,true,69.29,4650,127.28,player-00237,DEF,11,210,271.28,73.52,5.26,592.3,20,31
1552,206.81,true,67.11,7254,125.79,player-00238,MC,11,313,214.54,63.69,7.19,547.14,19,28
1667,232.13,true,58,7856,124.95,player-00239,DEL,11,331,175.22,52.46,5.66,532.3,17,25
1101,197.31,true,61.93,4933,125.9,player-00240,DEF,11,222,264.46,80.42,5.83,587.67,19,29
406,213.21,true,74.14,5147,113.42,player-00241,POR,36,86,257.57,75.68,6.57,584.19,14,34
60,227.88,true,83.85,757,116.06,player-00242,DEF,36,10,325.66,92.78,5.43,669.6,16,30
142,223.87,true,80.77,1741,113.53,player-00243,DEF,36,21,306.24,93.44,5.76,643.64,15,30
435,208.79,true,74.33,5615,112.47,player-00244,MC,36,92,255.39,72.65,6.55,576.65,13,31
470,224.35,true,70.94,6119,115.5,player-00245,MC,36,109,227.97,67.57,6.03,567.82,17,32
482,208.81,true,79.1,6233,116.77,player-00246,DEL,36,114,240.17,69.35,5.76,565.75,17,30
468,203.59,true,62.84,6075,118.05,player-00247,DEF,36,107,246.95,68.5,6.03,568.59,17,32
182,239.86,true,68.09,2372,116.01,player-00248,MC,36,24,275.32,78.76,6.02,631.19,15,27
329,234.94,true,76.58,4188,117.94,player-00249,DEL,36,58,246.62,70.71,6.03,599.5,17,32
110,233.52,true,82.75,1332,115.55,player-00250,DEF,36,16,303.48,85.08,4.49,652.55,13,23
152,260.21,true,73.29,1552,119.08,player-00251,POR,08,78,268.16,73.66,7.08,647.46,20,39
127,283.44,true,72.15,1221,119.36,player-00252,DEF,08,64,252.51,70.76,6.71,655.31,19,38
694,260.21,true,60.18,6390,119.08,player-00253,DEF,08,315,183.47,58.27,7.26,562.77,18,36
82,257.27,true,76.97,738,122.73,player-00254,MC,08,41,290.39,83.98,4.28,670.38,17,29
202,290.67,true,64.59,1902,119.95,player-00255,MC,08,106,229.87,63.06,5.58,640.48,16,31
21,269.83,true,79.67,207,122.68,player-00256,DEL,08,8,304.86,89.14,5.69,697.37,18,36
151,284.58,true,65.86,1541,119.75,player-00257,DEF,08,77,243.3,69.82,7.65,647.62,17,37
441,256.04,true,62.11,4135,121.11,player-00258,MC,08,200,223.28,60.81,4.8,600.43,20,34
537,260.79,true,63.06,4919,121.35,player-00259,DEL,08,242,205.78,58.89,5.11,587.92,18,32
173,280.7,true,68.98,1707,121.96,player-00260,DEF,08,87,241.46,74.59,4.63,644.12,19,31
1615,153.65,true,75.69,7636,120.95,player-00261,POR,11,322,263.78,79.16,5.29,538.38,16,33
1620,157.45,true,76.68,7656,121.48,player-00262,DEF,11,323,258.93,72.93,5.3,537.87,15,31
1766,142.19,true,69.59,8392,121.93,player-00263,DEF,11,355,251.04,69.05,4.07,515.16,17,28
1182,180.42,true,82.62,5283,121.72,player-00264,MC,11,239,279.63,80.89,3.6,581.77,17,26
1482,138.52,true,80.12,6836,120.65,player-00265,MC,11,301,295.66,81.15,4.78,554.83,15,28
1800,136.44,true,68.96,8586,122.16,player-00266,DEL,11,361,247.97,70.07,5,506.57,18,35
1388,174.89,true,73.51,6356,122.87,player-00267,DEF,11,284,265.57,75.41,4.98,563.33,16,31
815,172.74,true,89.27,3327,121.04,player-00268,MC,11,177,320.19,89.07,4.37,613.97,15,26
1734,158.43,true,77.73,8195,116.91,player-00269,DEL,11,349,246.82,71.69,5.5,522.16,13,28
1599,179.46,true,63.23,7546,122.7,player-00270,DEF,11,319,238.8,65.02,4.47,540.95,17,30
81,238.69,true,80.12,1394,116.12,player-00271,POR,35,67,295.98,81.75,4.07,650.8,17,28
311,226.63,true,69.05,5252,119.46,player-00272,DEF,35,228,236.29,66.81,4.33,582.38,18,31
188,234.74,true,73.68,3114,113.46,player-00273,DEF,35,143,269.21,76.25,4.95,617.41,14,27
88,238.43,true,80.4,1469,118.83,player-00274,MC,35,72,291.84,84.64,4.98,649.11,16,31
79,218.36,true,87.89,1361,118.83,player-00275,MC,35,65,314.7,86.99,5.31,651.89,14,29
281,192.38,true,76.57,4614,120.17,player-00276,DEL,35,207,280.26,77.33,3.71,592.81,18,28
386,181.85,true,79.69,6422,117.61,player-00277,DEF,35,290,262.66,75.35,3.89,562.12,15,24
351,226.2,true,72.69,5931,117.86,player-00278,MC,35,257,227.13,69.1,4.28,571.18,17,29
168,222.66,true,74.87,2837,118.54,player-00279,DEL,35,129,281,84.59,4.37,622.19,15,26
146,245.29,true,83.62,2398,119.07,player-00280,DEF,35,113,266.42,81.83,4.14,630.78,18,30
821,227.5,true,39.61,8188,114.69,player-00281,POR,12,170,180.13,52.69,7.42,522.33,26,56
852,210.5,true,49.07,8547,118.47,player-00282,DEF,12,180,179.4,49.05,5.54,508.37,24,48
845,213.23,true,50.18,8518,114.85,player-00283,DEF,12,177,182,50.87,7.51,510.09,26,57
870,227.85,true,43.89,8772,116.57,player-00284,MC,12,186,151.4,47.07,7.3,495.82,26,59
725,235.28,true,49.18,7202,118.69,player-00285,MC,12,153,194.26,54.93,7.17,548.23,26,53
743,215.31,true,64.43,7351,114.37,player-00286,DEL,12,158,215.46,61.62,6.02,545.13,21,51
823,242.84,true,44.68,8205,118.01,player-00287,DEF,12,171,160.84,44.32,5.82,521.68,24,51
520,216.79,true,66,5269,118.76,player-00288,MC,12,105,246.58,67.5,5.59,582.12,27,55
911,226.12,true,39.33,9184,113.23,player-00289,DEL,12,196,109.79,31.21,5.63,449.14,23,51
865,229.67,true,52.19,8683,120.41,player-00290,DEF,12,185,151.05,44.28,5.51,501.12,25,54
902,240.01,true,68.26,3818,120.31,player-00291,POR,14,86,245.56,70.49,3.78,605.88,21,33
641,246.22,true,74.73,2465,116.99,player-00292,DEF,14,61,266.4,76.57,4.58,629.6,20,36
1428,235.69,true,59.74,6606,118.46,player-00293,DEF,14,140,204.66,56.25,4.26,558.81,20,34
700,256.42,true,62.8,2749,118.52,player-00294,MC,14,66,248.63,73.44,3.47,623.57,20,30
1587,233.88,true,65.14,7442,117.03,player-00295,MC,14,162,192.18,59.33,3.84,543.09,17,27
419,242.53,true,80.75,1510,117.22,player-00296,DEL,14,43,288.33,91.17,4.33,648.09,18,31
437,257.35,true,69.23,1604,121.3,player-00297,DEF,14,45,267.68,72.46,3.14,646.33,21,30
1244,248.43,true,57.29,5626,121.3,player-00298,MC,14,120,206.69,63.12,3.59,576.41,19,29
840,229.53,true,69.37,3441,116.9,player-00299,DEL,14,81,265.75,75.51,4.47,612.18,17,30
954,260.31,true,61.56,4103,116.31,player-00300,DEF,14,92,224.33,61.62,4.43,600.95,20,35
15,233.68,true,98,122,122,player-00301,POR,08,5,351.22,99,4.99,706.9,24,43
165,246.56,true,86.54,1636,121.98,player-00302,DEF,08,83,277.12,78.65,3.47,645.66,26,39
70,244.96,true,88.33,636,121.94,player-00303,DEF,08,36,307.02,86.03,4.31,673.92,24,38
76,223.01,true,92.11,710,121.06,player-00304,MC,08,38,327.22,90.9,3.89,671.29,25,40
169,240.55,true,73.99,1673,122.44,player-00305,MC,08,85,281.88,79.52,3.99,644.87,24,36
61,228.09,true,84.49,579,122.23,player-00306,DEL,08,30,325.95,87.91,4.31,676.27,24,38
562,245.35,true,74.61,5107,121.88,player-00307,DEF,08,255,217.61,63.08,3.88,584.84,25,37
556,222.41,true,90.37,5047,121.89,player-00308,MC,08,250,241.51,68.67,3.38,585.81,25,37
,241.22,false,92.73,,122.87,player-00309,DEL,08,,304.45,98.16,3.38,668.53,23,34
105,217.92,true,87.47,1008,122.01,player-00310,DEF,08,52,321.49,95.35,4.21,661.41,22,34
364,253.06,true,56.3,4639,120.51,player-00311,POR,15,108,218.89,68.72,6.56,592.46,17,33
13,258.25,true,95.09,147,118.3,player-00312,DEF,15,3,327.41,95.05,5.42,703.95,17,36
439,207.38,true,71.83,5646,119.79,player-00313,DEF,15,125,249.04,70.23,4.85,576.21,18,34
298,251.35,true,65.68,3650,122.33,player-00314,MC,15,92,234.68,67.07,6.57,608.36,18,35
481,268.13,true,51.72,6231,121.95,player-00315,MC,15,134,175.72,50.2,6.84,565.79,19,39
152,257.72,true,72.95,1873,117.78,player-00316,DEL,15,53,265.48,72.14,7.01,640.98,16,34
520,223.58,true,57.93,6689,120.25,player-00317,DEF,15,145,213.37,61.49,6.26,557.2,18,33
176,251.64,true,68.47,2293,122.29,player-00318,MC,15,60,258.54,71.22,4.51,632.47,18,32
503,236.41,true,63.45,6526,123.69,player-00319,DEL,15,140,200.12,58.96,4.85,560.22,18,34
223,283.37,true,68.65,2733,121.87,player-00320,DEF,15,73,218.84,67.23,6.42,624.08,18,34
305,229.01,true,52.25,7275,121.44,player-00321,POR,28,305,196.35,62.54,8.05,546.79,25,44
123,248.77,true,63.15,3070,121.57,player-00322,DEF,28,123,247.78,70.19,5.6,618.12,22,36
301,235.3,true,69.51,7215,120.33,player-00323,DEF,28,301,192.29,56.74,9.01,547.92,20,42
302,191.21,true,64.72,7241,119.95,player-00324,MC,28,302,236.16,67.57,6.85,547.32,18,37
328,226.18,true,51.87,7637,122.57,player-00325,MC,28,328,189.6,57.38,6.7,538.34,24,44
317,224.88,true,55.61,7446,120.6,player-00326,DEL,28,317,197.52,57.86,8.02,543,23,40
330,239.1,true,48.03,7669,121.64,player-00327,DEF,28,330,176.76,50.63,6.7,537.49,22,40
268,211.78,true,64.12,6445,122.37,player-00328,MC,28,268,227.59,61.38,4.29,561.74,24,41
392,221.85,true,32.22,8941,120.79,player-00329,DEL,28,392,141.01,38.72,7.78,483.65,22,40
349,220.2,true,58.75,7984,119.36,player-00330,DEF,28,349,188.76,55.94,7.1,528.32,20,39
96,241.53,true,70.11,4998,112.58,player-00331,POR,06,36,232.38,70.65,8.82,586.49,18,49
76,244.11,true,70.78,4116,109.68,player-00332,DEF,06,30,246.96,75.73,7.06,600.75,19,49
116,257.42,true,73.1,6155,109.4,player-00333,DEF,06,45,200.31,58.22,7.14,567.12,16,47
40,238.17,true,77.68,2595,112.83,player-00334,MC,06,13,276.01,78.27,8.42,627,17,46
15,246.73,true,79.99,979,114.58,player-00335,MC,06,5,300.93,87,7.78,662.24,20,46
54,243.97,true,75.26,3025,115.05,player-00336,DEL,06,17,259.79,73.09,6.72,618.81,19,50
97,197,true,80.1,5000,116.52,player-00337,DEF,06,37,272.94,77.73,6.78,586.46,18,42
68,251.94,true,66.03,3491,110.59,player-00338,MC,06,24,248.74,74.16,6.47,611.27,18,49
,280.19,false,91.63,,114.92,player-00339,DEL,06,,279,91.99,6.33,674.11,16,42
17,259.52,true,80.01,1052,112.29,player-00340,DEF,06,6,288.2,87.87,6.86,660.01,16,43
558,243.73,true,57.91,5063,122.09,player-00341,POR,08,251,219.71,63.29,8.04,585.53,16,32
749,211.05,true,65.14,6886,125.14,player-00342,DEF,08,340,217.43,64.35,6.85,553.62,20,33
747,223.09,true,58.22,6824,121.6,player-00343,DEF,08,338,210.37,59.29,6.06,555.06,16,29
732,222.73,true,61.22,6651,124.48,player-00344,MC,08,330,210.62,61.13,7.44,557.83,19,35
874,204.46,true,58.78,8125,125.01,player-00345,MC,08,385,194.85,55.57,5.14,524.32,18,32
393,212.88,true,70.59,3692,125.35,player-00346,DEL,08,181,269.52,74.37,6.7,607.74,20,32
387,219.28,true,71.14,3672,125.53,player-00347,DEF,08,177,263.25,75.9,5.27,608.07,18,33
963,156.11,true,69.54,9092,121.44,player-00348,MC,08,426,190.14,58.16,4.6,467.69,18,29
704,200.72,true,62.11,6452,125.95,player-00349,DEL,08,319,234.89,67.78,3.93,561.56,18,29
808,184.41,true,67.05,7465,122.71,player-00350,DEF,08,367,235.48,64.59,4.4,542.6,18,28
17,191.51,true,95.5,798,121.6,player-00351,POR,50,13,355,98.68,6.09,668.11,15,37
26,204,true,94.88,948,121.36,player-00352,DEF,50,19,337.79,98.84,5.97,663.15,15,36
128,201.09,true,82.27,3609,120.66,player-00353,DEF,50,70,287.35,84.66,6.32,609.1,13,34
143,186.29,true,90.15,3976,122.79,player-00354,MC,50,79,294.37,84.58,5.97,603.45,15,36
146,177.67,true,86.76,4052,120.28,player-00355,MC,50,81,304.09,85.42,6.14,602.04,14,35
42,192.05,true,98,1342,122.82,player-00356,DEL,50,28,337.43,95.23,7.71,652.31,14,35
132,195.92,true,98,3739,119.89,player-00357,DEF,50,71,291.28,87.04,7.54,607.09,15,36
39,209.99,true,90.9,1290,120.48,player-00358,MC,50,27,323.06,91.87,7.02,653.54,15,32
75,189.45,true,97.65,2462,118.66,player-00359,DEL,50,44,321.52,92.15,8.03,629.64,14,38
32,200.68,true,98,1191,121.43,player-00360,DEF,50,23,333.98,98.65,7.17,656.09,15,33
1850,187.8,true,65.83,8917,113.29,player-00361,POR,23,143,184.38,56.82,6.9,485.47,13,27
1721,179.5,true,67.92,8112,116.74,player-00362,DEF,23,130,228.55,66.83,7.04,524.79,14,30
1458,175.22,true,71.34,6728,119.72,player-00363,DEF,23,100,261.63,73.29,3.47,556.57,14,21
1801,203.46,true,56.87,8591,114.14,player-00364,MC,23,137,188.52,53.19,5.31,506.12,14,29
1285,163.8,true,77.72,5818,116.96,player-00365,MC,23,82,292.53,91.12,5.34,573.28,12,25
1674,194.12,true,60.08,7910,119.66,player-00366,DEL,23,124,216.59,58.99,5.62,530.36,14,23
1269,181.33,true,77.88,5759,115.49,player-00367,DEF,23,80,277.36,79.16,4.97,574.18,15,29
1522,157.45,true,76.92,7042,115.49,player-00368,MC,23,105,278.2,81.66,5.7,551.15,12,27
1600,155.07,true,68.8,7558,115.11,player-00369,DEL,23,119,270.54,76.17,7.02,540.71,15,32
1624,145.36,true,76.98,7673,116.13,player-00370,DEF,23,121,275.86,80.4,7.07,537.36,13,28
1230,282.55,true,52.45,5531,121.54,player-00371,POR,29,267,174.12,51.83,6.56,578.21,24,39
516,287.92,true,74.76,1955,120.47,player-00372,DEF,29,122,231.19,66.69,8.64,639.58,22,39
746,298.04,true,58.47,2984,119.8,player-00373,DEF,29,168,201.83,61.1,8.6,619.68,23,41
834,286.07,true,59.63,3432,120.94,player-00374,MC,29,189,205.28,56.9,6.19,612.29,21,38
1733,280.42,true,54.49,8189,119.2,player-00375,MC,29,332,122.69,38.18,8.14,522.31,24,43
1252,274.5,true,55.14,5664,120.22,player-00376,DEL,29,275,181.14,56.01,7.76,575.87,24,40
918,287.63,true,68.62,3906,120.07,player-00377,DEF,29,205,196.76,58.97,9.01,604.46,21,40
229,255.13,true,81.85,720,122.92,player-00378,MC,29,54,292.94,82.79,7.52,670.99,20,28
331,284.2,true,66.26,1130,120.42,player-00379,DEL,29,76,253.02,68.24,6.84,657.65,21,35
1289,261.84,true,49.42,5839,121.1,player-00380,DEF,29,279,190,56.69,5.27,572.94,21,35
367,220.64,true,82.94,3496,120.19,player-00381,POR,08,168,270.4,81.18,4.11,611.23,26,40
,224.14,false,90.71,,117.74,player-00382,DEF,08,,259.19,83.4,6.23,601.06,27,42
73,218.52,true,88.76,686,120.36,player-00383,DEF,08,37,333.41,89.92,3.86,672.28,29,43
121,216.81,true,98,1149,119.07,player-00384,MC,08,60,321.33,99,6.02,657.21,29,44
28,219.91,true,98,254,117.59,player-00385,MC,08,9,356.13,99,5.84,693.63,26,41
450,219.35,true,83.78,4215,118.55,player-00386,DEL,08,205,261.22,75.43,6.51,599.11,29,48
174,237.82,true,81.76,1712,118.86,player-00387,DEF,08,88,287.37,82.87,4.09,644.05,28,43
31,250.23,true,86.4,303,116.63,player-00388,MC,08,12,323.54,88.04,5.4,690.4,24,35
119,220.54,true,98,1136,118.89,player-00389,DEL,08,58,318.08,92.63,5.99,657.5,22,35
103,238.8,true,80.55,977,117.84,player-00390,DEF,08,51,305.66,85.56,6.92,662.3,25,40
1034,199.59,true,80.06,4551,120.75,player-00391,POR,41,204,273.45,82.01,3.71,593.8,18,28
716,195.67,true,82.29,2848,123.11,player-00392,DEF,41,134,303.29,87.87,3.1,622.08,19,27
794,175.13,true,86.44,3259,122.96,player-00393,DEF,41,148,317.04,92.79,3.84,615.13,17,27
326,206.26,true,83.62,1122,121.87,player-00394,MC,41,54,329.75,96.7,4.14,657.87,18,30
1172,198.75,true,76.74,5253,123.06,player-00395,MC,41,232,260.56,73.85,3.59,582.37,19,29
362,195.78,true,87.15,1273,123.73,player-00396,DEL,41,63,334.47,95.54,2.22,653.97,19,24
901,193.7,true,84.4,3813,124.24,player-00397,DEF,41,181,288.01,81.22,3.35,605.95,19,28
1107,198.93,true,72.29,4959,120.75,player-00398,MC,41,219,267.44,76.46,3.89,587.12,20,32
302,222.72,true,84.48,1027,122.68,player-00399,DEL,41,49,315.36,94.21,2.54,660.76,19,25
713,193.56,true,90.89,2834,124.19,player-00400,DEF,41,132,304.48,86.33,2.83,622.23,19,26
314,239.34,true,65.48,3033,110.62,player-00401,POR,17,62,268.72,79.78,4.23,618.68,13,22
953,190.71,true,61.62,8965,108.62,player-00402,DEF,17,187,182.11,54.27,4.76,481.44,14,26
735,214.25,true,69.63,6709,106.91,player-00403,DEF,17,129,235.63,69.85,5.62,556.79,14,31
693,239.65,true,63.31,6385,108.82,player-00404,MC,17,122,214.36,61.9,4.81,562.84,16,30
805,202.24,true,65.71,7451,112.84,player-00405,MC,17,141,227.84,72.56,5.14,542.92,16,32
836,236.19,true,53.59,7796,109.97,player-00406,DEL,17,150,187.89,52.37,5.33,534.05,13,27
685,190.41,true,69.64,6264,108.55,player-00407,DEF,17,121,266.27,73.76,5.31,565.23,14,29
968,216.25,true,52.51,9165,108.36,player-00408,MC,17,194,128.82,40.34,5.45,453.43,15,32
952,200.23,true,49.1,8963,109.6,player-00409,DEL,17,186,171.93,53.88,5.3,481.76,15,31
409,242.77,true,73.94,3857,111.69,player-00410,DEF,17,79,250.79,75.14,5.45,605.26,15,32
170,243.93,true,98,518,122.79,player-00411,POR,29,41,312.3,94.15,3,679.02,15,21
8,252.62,true,98,20,120.53,player-00412,DEF,29,3,361.25,99,3.47,734.4,14,21
1004,211.23,true,94.33,4394,123.12,player-00413,DEF,29,223,261.75,77.12,3.47,596.1,14,21
31,255.36,true,95.5,94,119.05,player-00414,MC,29,10,336.1,92.41,3.47,710.51,14,21
50,254.09,true,94.48,145,122.33,player-00415,MC,29,14,327.75,91.97,3.89,704.17,15,24
242,218.89,true,98,750,122.94,player-00416,DEL,29,59,327.99,95.91,4.21,669.82,16,27
67,230.71,true,98,193,121.88,player-00417,DEF,29,22,346.52,99,4.14,699.12,15,25
,210.8,false,85.19,,117.48,player-00418,MC,29,,278.59,91.98,4.14,606.86,12,20
433,220.55,true,94.52,1589,117.8,player-00419,DEL,29,103,308.27,90.14,4.14,646.62,12,20
531,224.55,true,89.71,2021,122.17,player-00420,DEF,29,124,291.56,85.23,4.05,638.28,14,23
869,212.09,true,44.69,8737,123.14,player-00421,POR,46,335,163.14,49,4.58,498.37,25,45
599,234.71,true,57.24,5975,122.75,player-00422,DEF,46,231,212.87,60.83,4.52,570.32,27,48
643,240.2,true,55.22,6393,121.7,player-00423,DEF,46,250,200.79,55.61,4.18,562.69,28,47
746,251.22,true,58.79,7391,119.26,player-00424,MC,46,292,173.69,48.75,4.92,544.17,24,46
511,236.31,true,55.68,5129,123.38,player-00425,MC,46,193,224.75,63.88,4.31,584.44,28,48
425,254.22,true,58.27,4247,124.05,player-00426,DEL,46,162,220.34,59.75,4.31,598.61,28,48
805,229.41,true,58.88,7994,122.98,player-00427,DEF,46,317,175.65,51.55,4.54,528.04,28,50
490,233.14,true,56.27,4900,124.32,player-00428,MC,46,183,230.81,66.75,4.31,588.28,28,48
639,258.78,true,50.2,6373,124.34,player-00429,DEL,46,248,179.94,52.34,4.66,563.07,23,42
676,245.63,true,52.83,6779,124.92,player-00430,DEF,46,263,185.16,52.32,4.27,555.71,27,46
49,230.72,true,81.74,1889,115.47,player-00431,POR,30,49,294.46,80.54,3.64,640.65,13,20
,241.41,false,77.75,,114.98,player-00432,DEF,30,,285.17,78.82,4.49,641.56,13,23
163,235.74,true,61.51,7026,116.08,player-00433,DEF,30,163,199.58,58.11,3.47,551.4,14,21
,252.62,false,69.69,,116.24,player-00434,MC,30,,248.12,75.32,2.49,616.98,13,17
85,223.2,true,77.28,4107,114.34,player-00435,MC,30,85,263.32,74.92,4.14,600.86,12,20
63,245.93,true,70.38,2804,114.52,player-00436,DEL,30,63,262.21,80.56,2.67,622.66,12,16
179,208.49,true,76.76,7602,114.39,player-00437,DEF,30,179,216.59,68.42,4.23,539.48,13,22
55,255.67,true,78.54,2251,114.21,player-00438,MC,30,55,263.53,77.74,3.64,633.41,13,20
42,254.51,true,80.89,1590,113.88,player-00439,DEL,30,42,278.22,80,2.01,646.61,13,16
17,267.01,true,76.04,607,113.01,player-00440,DEF,30,17,295.25,85.53,3.63,675.27,12,18
186,217.9,true,76.83,3100,118.69,player-00441,POR,35,141,280.97,80.91,6.51,617.57,26,50
45,214.3,true,98,791,120.38,player-00442,DEF,35,35,333.7,99,5.58,668.38,27,44
327,214.7,true,87.33,5481,120.27,player-00443,DEF,35,239,243.95,77.21,6.79,578.91,27,51
353,205.32,true,83.11,5955,115.78,player-00444,MC,35,259,249.58,74.59,4.97,570.68,22,39
129,212.83,true,88.31,2109,118.46,player-00445,MC,35,103,305.08,89.32,6.79,636.37,25,47
278,194.9,true,78.43,4568,120.76,player-00446,DEL,35,205,277.85,80.77,5.12,593.52,27,50
30,220.58,true,97.79,508,118.37,player-00447,DEF,35,25,340.38,99,4.49,679.33,26,46
137,219.45,true,83.68,2238,119.92,player-00448,MC,35,109,294.25,79.79,5,633.63,24,43
89,237.23,true,90.23,1486,118.83,player-00449,DEL,35,73,292.57,82.45,4.53,648.63,23,41
157,197.4,true,86.07,2619,119.95,player-00450,DEF,35,121,309.12,84.62,4.88,626.46,24,42
184,183.52,true,83.93,4620,113.93,player-00451,POR,28,184,295.28,84.1,4.14,592.73,18,30
320,189.36,true,71.05,7506,114.47,player-00452,DEF,28,320,237.89,68.05,3.47,541.72,18,27
168,198.21,true,83.63,4201,113.9,player-00453,DEF,28,168,287.24,81.23,3.62,599.36,15,23
334,157.47,true,76.51,7704,111.45,player-00454,MC,28,334,267.43,81.2,3.99,536.35,16,26
377,196.95,true,74.23,8552,113.02,player-00455,MC,28,377,198.05,61.86,3.89,508.01,15,24
370,157.8,true,70.51,8369,116.91,player-00456,DEL,28,370,241.08,70.01,3,515.8,20,28
368,183.09,true,72.94,8330,117.31,player-00457,DEF,28,368,217.02,63.59,2.31,517.42,18,23
374,174.01,true,68.43,8496,115.81,player-00458,MC,28,374,221.08,64.81,3.34,510.9,17,25
205,187.5,true,81.92,5018,114.53,player-00459,DEL,28,205,284.21,81.33,3.74,586.24,16,25
383,171.34,true,77.85,8637,114.49,player-00460,DEF,28,383,217.9,65.4,3.6,503.73,17,26
32,272.32,true,73.67,779,116.05,player-00461,POR,20,10,280.39,79.07,7.03,668.75,22,47
490,274.1,true,62.36,7438,116.31,player-00462,DEF,20,116,152.82,48.48,7.4,543.23,24,51
354,266.21,true,57.58,5528,116.34,player-00463,DEF,20,78,195.71,54.16,7.18,578.26,26,53
486,239.18,true,69.45,7382,117.63,player-00464,MC,20,115,187.64,58.65,7.49,544.46,25,50
71,283.66,true,70.6,1396,117.01,player-00465,MC,20,17,250.09,72.33,7.82,650.76,23,49
91,269.01,true,70.74,1722,120.17,player-00466,DEL,20,23,254.72,71.51,5,643.9,23,41
247,277.43,true,63.67,4046,116.93,player-00467,DEF,20,47,207.83,61.13,6.99,602.19,25,49
206,274.1,true,60.85,3577,119.08,player-00468,MC,20,42,216.42,59.59,5.11,609.59,24,44
400,260.29,true,59.91,6138,116.17,player-00469,DEL,20,91,190.92,54.11,5.73,567.38,24,50
309,271.75,true,64.01,5028,117.89,player-00470,DEF,20,62,196.48,57.73,7.4,586.12,21,44
159,182.71,true,66.11,8572,117.61,player-00471,POR,31,159,207.17,62.66,5.97,507.48,15,36
143,195.05,true,71.97,7806,118.88,player-00472,DEF,31,143,219.95,65.65,4.99,533.88,17,33
119,188.24,true,73.89,6783,119.6,player-00473,DEF,31,119,247.83,68.89,5.42,555.67,17,36
114,191.79,true,71.72,6535,118.75,player-00474,MC,31,114,249.5,77.56,5.64,560.04,18,40
103,209.57,true,65.33,5846,119.26,player-00475,MC,31,103,243.98,68.4,6.97,572.81,18,38
71,204.29,true,69.97,4049,117.6,player-00476,DEL,31,71,280.25,82.17,5.93,602.14,16,38
99,219.37,true,68,5689,120.08,player-00477,DEF,31,99,235.99,67.1,7.5,575.44,16,38
,180.74,false,67.47,,115.97,player-00478,MC,31,,245.65,81.04,7.32,542.36,18,41
148,228.2,true,48.07,8080,116.4,player-00479,DEL,31,148,181.06,51.68,6.56,525.67,17,33
162,197.67,true,55.4,8661,117.28,player-00480,DEF,31,162,187.45,51.83,5.14,502.4,17,34
379,215.59,true,64.4,4849,120.37,player-00481,POR,27,86,253.11,73.07,5.32,589.06,18,29
358,213.59,true,84.28,4547,119.63,player-00482,DEF,27,81,260.7,79.35,5.47,593.92,18,30
193,255.15,true,76.44,2470,121.46,player-00483,DEF,27,47,252.89,72.5,6.06,629.5,20,34
386,252.98,true,62.14,4925,120.72,player-00484,MC,27,87,214.09,59.29,5.94,587.79,19,31
168,218.78,true,74.19,2185,119.13,player-00485,MC,27,40,296.66,88.16,5.13,634.58,20,32
167,230.12,true,78.92,2166,119.95,player-00486,DEL,27,39,285.09,77.47,4.58,635.17,20,29
107,256.9,true,75.71,1313,119.13,player-00487,DEF,27,27,276.99,77.59,4.58,653.02,18,29
579,228.85,true,58.43,7665,118.58,player-00488,MC,27,114,190.13,54.51,5.87,537.55,15,26
347,211.56,true,67.46,4391,120.09,player-00489,DEL,27,80,264.5,73.51,6.13,596.15,19,32
320,225.76,true,73.55,3959,120.08,player-00490,DEF,27,75,257.82,74.92,3.24,603.65,20,29
991,247.22,true,63.22,4323,122.11,player-00491,POR,11,202,227.98,61.78,3,597.31,15,21
157,253.19,true,83.42,471,118.58,player-00492,DEF,11,26,309.3,85,4.37,681.07,15,26
583,256.33,true,74.74,2215,120.05,player-00493,DEF,11,128,257.71,76.97,5.62,634.09,14,23
1265,250.17,true,64.45,5753,120.19,player-00494,MC,11,256,203.95,57.64,3.89,574.31,15,24
1215,243.73,true,71.8,5459,122.55,player-00495,MC,11,246,212.92,67.04,3.6,579.2,17,26
598,243.47,true,76.05,2273,122.27,player-00496,DEL,11,130,267.19,78.15,3.47,632.93,14,21
174,266.95,true,78.43,529,121.32,player-00497,DEF,11,29,289.95,81.29,6,678.22,16,28
1282,222.56,true,71.89,5809,121.16,player-00498,MC,11,261,229.68,70.69,4.05,573.4,14,23
231,239.54,true,87.92,724,121.29,player-00499,DEL,11,44,309.93,91.11,4.76,670.75,14,26
655,251.2,true,79.02,2508,120.32,player-00500,DEF,11,143,257.17,72.97,4.54,628.69,14,25
,188.14,true,65.76,7590,117.29,player-00501,POR,51,79,234.38,66.73,5.47,539.82,14,30
,213.24,true,68.82,7488,118.94,player-00502,DEF,51,75,209.86,62.04,4.95,542.04,14,27
,145.36,true,66.54,8436,120.06,player-00503,DEF,51,92,247.82,73.52,5.67,513.24,14,27
,182.89,true,82.4,5322,118.4,player-00504,MC,51,53,279.87,81.03,6.19,581.16,15,33
,198.5,true,72.47,7386,116.94,player-00505,MC,51,72,228.89,67.42,6.35,544.33,13,29
,228.3,true,77.51,4775,112.41,player-00506,DEL,51,50,249.6,76.4,5.56,590.31,11,24
,198.57,true,66.85,7536,118.06,player-00507,DEF,51,78,224.57,69.18,4.97,541.2,15,29
,187.18,true,80.26,4499,118.78,player-00508,MC,51,47,288.59,78.74,4.69,594.55,12,22
,160.16,true,69.55,7765,116.03,player-00509,DEL,51,85,258.73,73.69,6.45,534.91,12,27
,207.42,true,65.73,7395,116.45,player-00510,DEF,51,73,220.2,62.25,6.45,544.07,12,27
144,236.46,true,79.2,1485,121.52,player-00511,POR,03,57,290.66,78.68,4.21,648.64,16,27
634,211.7,true,73.06,6336,119.64,player-00512,DEF,03,255,232.55,67,4.87,563.89,14,23
779,185.37,true,62.94,7660,121.68,player-00513,DEF,03,310,230.57,62.78,4.09,537.61,14,20
347,240.64,true,62.82,3544,119.63,player-00514,MC,03,139,250.02,73.18,4.09,610.29,17,25
693,223.88,true,63.77,6877,117.54,player-00515,MC,03,278,212.4,64.94,4.71,553.82,16,26
775,224.57,true,55.39,7633,122.43,player-00516,DEL,03,308,191.44,53.88,5.12,538.44,16,28
843,225.55,true,55.86,8450,121.12,player-00517,DEF,03,339,165.93,47.03,4.93,512.6,16,27
435,237.45,true,68.02,4319,123.85,player-00518,MC,03,180,236.04,72.04,2.64,597.33,18,24
110,227.5,true,81.64,1182,123.17,player-00519,DEL,03,44,305.74,85.07,4.29,656.42,16,24
227,266.38,true,85.87,2382,120.7,player-00520,DEF,03,91,243.95,75.99,4.49,631.03,16,25
817,225.85,true,53.42,8168,120.02,player-00521,POR,03,324,177.07,51.29,3.75,522.94,23,36
835,207.41,true,61.82,8342,120.26,player-00522,DEF,03,333,189.26,56.16,4.03,516.93,22,36
272,238.7,true,70.64,2849,122.38,player-00523,DEF,03,111,261,73.1,4.09,622.07,26,43
441,227.75,true,64,4415,123.91,player-00524,MC,03,184,244.05,70.03,3.56,595.72,25,38
672,222.59,true,60.43,6717,123.07,player-00525,MC,03,270,211.01,58.43,3.55,556.67,27,41
913,186.55,true,50.27,9214,121.37,player-00526,DEL,03,365,127.71,39.63,3.3,435.63,26,38
713,220.67,true,59.42,7108,123.31,player-00527,DEF,03,287,206,58.89,3.55,549.98,27,41
788,208.86,true,50.73,7791,122.12,player-00528,MC,03,315,203.24,59.51,3.75,534.22,23,36
613,206.29,true,63.75,6142,122.29,player-00529,DEL,03,248,238.76,64.63,3.38,567.34,25,37
695,238.11,true,56.41,6885,119.44,player-00530,DEF,03,279,196.13,56.01,3.82,553.68,24,38
602,201.11,true,50.94,8720,121.8,player-00531,POR,48,345,176.56,50.24,4.82,499.46,19,32
437,203.83,true,67.74,6780,120.06,player-00532,DEF,48,256,231.8,65.74,4.2,555.69,19,32
433,207.81,true,64.06,6704,121.64,player-00533,DEF,48,253,227.49,71.82,4.49,556.95,24,39
413,176.54,true,69.73,6311,118.63,player-00534,MC,48,243,269.17,80.85,4.07,564.34,22,33
297,211.45,true,64.57,4859,119.71,player-00535,MC,48,184,257.78,77.17,3.38,588.95,23,34
545,198.73,true,66.61,8103,122.9,player-00536,DEL,48,309,203.53,61.48,4.14,525.16,21,35
92,221.32,true,76.17,1733,122.58,player-00537,DEF,48,58,299.79,82.29,4.59,643.7,23,38
570,187.26,true,62.68,8318,122.71,player-00538,MC,48,324,207.78,60.54,3.36,517.75,21,28
371,191.29,true,75.45,5741,123.53,player-00539,DEL,48,220,259.66,79.64,2.98,574.48,22,28
513,225.22,true,59.43,7738,122.32,player-00540,DEF,48,291,187.96,52.43,3.14,535.5,21,30
248,195.93,true,89.57,2306,122.27,player-00541,POR,08,124,314.06,94.05,3.11,632.26,26,37
179,225.19,true,94.64,1724,121.56,player-00542,DEF,08,93,297.09,86.31,3,643.85,30,42
93,206.49,true,89.69,897,121.6,player-00543,DEF,08,45,336.8,91.17,3.3,664.89,26,38
436,172.38,true,84.52,4101,119.54,player-00544,MC,08,197,309.06,83.66,3.3,600.98,26,38
186,209.23,true,90.84,1765,123.36,player-00545,MC,08,95,310.58,88.2,2.96,643.17,28,39
131,210.1,true,87.38,1252,121.67,player-00546,DEL,08,67,322.8,94.98,3.92,654.57,28,45
36,234.26,true,85.24,331,121.2,player-00547,DEF,08,17,332.95,99,3.84,688.41,29,46
561,220.95,true,66.39,5089,121.68,player-00548,MC,08,254,242.49,68.42,3.47,585.11,28,42
133,198.3,true,98,1279,121.7,player-00549,DEL,08,68,333.8,99,3.3,653.8,26,38
177,217.72,true,98,1720,121.33,player-00550,DEF,08,91,304.88,91.2,3.09,643.92,31,44
707,178.85,true,66.81,6462,119.37,player-00551,POR,43,185,263.12,71.94,3.78,561.33,21,33
549,195.34,true,74.17,5006,119.13,player-00552,DEF,43,134,271.91,75.46,4.64,586.37,20,33
904,184.89,true,63.84,8400,120.82,player-00553,DEF,43,240,209.29,61.97,4.97,515,20,35
752,217.84,true,59.59,6930,115.68,player-00554,MC,43,199,219.34,60.29,3.89,552.87,20,32
849,175.89,true,65.9,7922,118.34,player-00555,MC,43,225,235.69,68.59,3.66,529.92,20,28
932,175.59,true,68.42,8781,118.19,player-00556,DEL,43,248,201.43,58.18,4.85,495.2,22,38
709,234.83,true,59.16,6468,120.91,player-00557,DEF,43,186,205.49,61.85,3.89,561.22,20,32
852,195.13,true,72.15,7953,118.63,player-00558,MC,43,227,215.38,62.35,4.71,529.14,19,35
396,183.82,true,78.14,3724,118.37,player-00559,DEL,43,92,305.09,87.18,4.96,607.27,20,35
785,189.15,true,63.81,7245,119.23,player-00560,DEF,43,208,238.85,65.06,5.11,547.23,20,36
281,233.45,true,71.61,2925,122.12,player-00561,POR,46,113,265,75.42,5.53,620.57,22,39
763,201.98,true,95.72,7547,122.12,player-00562,DEF,46,298,216.84,67.47,4.39,540.94,23,40
13,215.34,true,98,152,122.36,player-00563,DEF,46,7,366.11,99,4.92,703.8,27,48
37,229.97,true,92.47,430,124.47,player-00564,MC,46,23,328.25,94.37,4.6,682.69,28,47
176,208.3,true,84.29,1790,120.83,player-00565,MC,46,70,313.33,94.67,5.49,642.46,26,47
282,230.58,true,84.74,2933,123.12,player-00566,DEL,46,114,266.63,75.3,5.13,620.33,26,48
24,228.04,true,96.08,265,120.67,player-00567,DEF,46,16,344.11,97.13,5.37,692.82,27,48
29,243.12,true,95.29,316,123.55,player-00568,MC,46,19,322.94,95.67,4.88,689.6,23,40
111,241.74,true,82.59,1187,124.43,player-00569,DEL,46,48,290.14,82.25,5.02,656.31,26,43
87,221.81,true,93.64,913,123.02,player-00570,DEF,46,40,319.49,96.91,4.56,664.32,27,45
767,245.64,true,48.36,7579,117.59,player-00571,POR,46,300,176.96,50.01,5,540.2,25,45
647,259.77,true,58.2,6493,120.41,player-00572,DEF,46,251,180.65,51.81,5.32,560.82,24,46
752,230.93,true,54,7428,118.9,player-00573,DEF,46,295,193.56,55,4.85,543.4,23,40
829,245.1,true,56.18,8263,121.07,player-00574,MC,46,328,154.14,48.58,5.71,520.31,24,41
550,243.25,true,63.77,5541,119.24,player-00575,MC,46,213,215.57,62.96,6.02,578.06,22,44
734,253.26,true,46.78,7264,119.02,player-00576,DEL,46,286,174.65,49.36,5.69,546.93,23,43
701,261.4,true,49.67,6967,119.68,player-00577,DEF,46,273,171.14,48.23,4.9,552.22,22,42
595,242.41,true,61.1,5947,120.3,player-00578,MC,46,230,208.12,57.57,6.09,570.82,24,45
480,227.59,true,62.96,4811,123.2,player-00579,DEL,46,181,238.94,64.7,6.18,589.73,23,43
507,217.31,true,63.23,5102,119.93,player-00580,DEF,46,191,247.7,68.6,5.48,584.94,26,43
28,269.11,true,79.69,297,121.17,player-00581,POR,15,11,300.49,83.82,4.9,690.77,22,42
424,236.17,true,85.73,5427,120.96,player-00582,DEF,15,121,222.55,69.51,3.85,579.68,22,35
121,261.64,true,73.78,1497,119.92,player-00583,DEF,15,41,266.81,78.71,4.58,648.38,20,36
87,253.96,true,76.63,1065,117.15,player-00584,MC,15,30,288.59,84.23,4.55,659.7,19,34
137,262.91,true,85.56,1687,120.77,player-00585,MC,15,46,260.86,78.72,4.76,644.54,21,39
27,261.81,true,83.52,291,120.61,player-00586,DEL,15,10,308.75,94.89,5.26,691.17,21,43
180,236.9,true,82.13,2363,120.18,player-00587,DEF,15,61,274.31,80.32,4.08,631.4,20,33
282,227.1,true,78.2,3480,120.39,player-00588,MC,15,87,264.04,72.61,4.31,611.53,21,36
16,231.84,true,94.48,173,121.41,player-00589,DEL,15,4,348.31,93.94,3.85,701.57,22,35
46,246.34,true,85.75,593,120.85,player-00590,DEF,15,17,308.57,84.87,4.2,675.76,19,32
809,210,true,82.18,3311,120.81,player-00591,POR,14,76,283.34,81.17,5.01,614.15,20,39
1504,228.98,true,67.82,6935,120.76,player-00592,DEF,14,150,203.08,61.87,4.86,552.82,24,42
1583,214.88,true,76.87,7431,121.24,player-00593,DEF,14,161,207.22,60.57,4.84,543.34,22,38
1398,227.68,true,72.97,6440,124.97,player-00594,MC,14,136,209.16,65.17,6.78,561.81,24,41
1452,227.31,true,69.77,6699,122.1,player-00595,MC,14,143,207.57,61.56,6.66,556.98,24,40
1784,211.24,true,64.84,8478,120.77,player-00596,DEL,14,182,179.48,53.2,7.44,511.48,23,45
1248,201.49,true,86.86,5651,121.11,player-00597,DEF,14,121,253.51,75.39,5.49,576.11,21,37
771,205.15,true,76.29,3096,120.77,player-00598,MC,14,74,291.68,79.42,7.09,617.61,20,35
254,231.11,true,80.6,824,120.29,player-00599,DEL,14,35,315.8,94.13,6.26,667.2,21,39
642,217.65,true,88.97,2474,118.8,player-00600,DEF,14,62,292.97,84.64,5.59,629.42,22,40
1582,224.25,true,61.74,7426,119.97,player-00601,POR,23,117,199.19,59.55,8.9,543.41,28,55
1267,209.97,true,65.14,5757,121.14,player-00602,DEF,23,79,243.16,67.92,5.6,574.27,27,51
1220,225.98,true,84.04,5483,122.98,player-00603,DEF,23,72,229.94,73.39,8.56,578.89,29,53
719,205.37,true,77.74,2869,121.86,player-00604,MC,23,40,294.5,79.72,7.98,621.74,30,49
1271,207.68,true,72.37,5773,121.6,player-00605,MC,23,81,244.59,70.62,5.2,573.88,29,51
1185,213.82,true,70.51,5305,122.57,player-00606,DEL,23,68,245.1,71.31,9.07,581.49,28,52
1256,219.58,true,78.82,5680,120.57,player-00607,DEF,23,77,235.45,70.25,4.93,575.6,28,46
715,211.02,true,87.92,2841,121.67,player-00608,MC,23,39,289.46,84.29,8.05,622.15,26,46
1090,230.24,true,66.07,4870,122.84,player-00609,DEL,23,62,235.72,67.98,5.97,588.8,27,47
917,217.18,true,74.58,3904,120.46,player-00610,DEF,23,54,266.84,75.16,6.28,604.48,25,46
257,212.84,true,86.39,3120,116.11,player-00611,POR,27,61,288.35,83.9,4.79,617.31,23,43
311,221.64,true,86.53,3848,121.53,player-00612,DEF,27,74,262.27,80.42,4.26,605.45,20,34
33,225.18,true,97.51,347,118.35,player-00613,DEF,27,9,343.98,99,4.35,687.51,22,38
138,243.11,true,86.41,1694,118.6,player-00614,MC,27,35,282.58,83.75,4.29,644.3,24,41
116,235.81,true,79.18,1440,120.05,player-00615,MC,27,30,293.81,80.25,3.85,649.66,22,35
32,225.61,true,98,344,118.97,player-00616,DEL,27,8,343.04,98.05,3.65,687.62,24,37
18,231.12,true,94.33,184,117.85,player-00617,DEF,27,5,351.11,95.41,4.81,700.09,24,45
14,249.45,true,97.79,157,121.02,player-00618,MC,27,4,332.87,92.19,4.24,703.33,23,39
128,228.56,true,89.15,1549,121.58,player-00619,DEL,27,33,297.35,87.04,3.2,647.49,25,36
7,244.2,true,97.2,81,122.83,player-00620,DEF,27,2,346.98,99,4.61,714.01,21,38
592,234.03,true,67.36,5937,119.39,player-00621,POR,03,240,217.65,66.58,5.9,571.07,18,31
147,233.85,true,80.94,1539,119.68,player-00622,DEF,03,59,294.12,81.41,6.88,647.65,18,33
484,197.9,true,72.55,4863,117.77,player-00623,DEF,03,204,273.23,73.69,6.85,588.9,20,37
438,235.58,true,66.08,4345,116.42,player-00624,MC,03,182,244.99,72.37,4.07,596.99,17,28
244,239.76,true,76.25,2589,119.23,player-00625,MC,03,100,268.08,73.8,4.18,627.07,21,32
699,208.05,true,63.41,6951,118.34,player-00626,DEL,03,282,226.11,62.11,4.28,552.5,17,29
684,199.34,true,66.52,6823,118.85,player-00627,DEF,03,274,236.88,68.8,6.72,555.07,19,34
487,224.46,true,68.17,4879,118.63,player-00628,MC,03,207,245.56,69.96,5.04,588.65,18,27
21,246.5,true,90.81,242,119.72,player-00629,DEL,03,7,328.16,88.83,3.72,694.37,18,25
554,229.13,true,75.44,5557,117.97,player-00630,DEF,03,226,230.57,71.79,3.71,577.68,18,28
83,217.44,true,85.13,1426,117.16,player-00631,POR,38,15,315.46,92.62,8.68,650.06,17,43
257,237.57,true,68.03,4311,119.47,player-00632,DEF,38,67,240.38,68.18,6.01,597.43,18,39
139,210.54,true,87.02,2271,119.11,player-00633,DEF,38,29,303.3,89.83,8.36,632.95,18,48
,223.19,false,83.71,,117.85,player-00634,MC,38,,292.33,99,8.84,633.37,18,49
263,208.2,true,75.62,4405,117.86,player-00635,MC,38,70,269.8,75.97,8.13,595.87,18,45
332,215.73,true,80.33,5570,116.61,player-00636,DEL,38,90,245.11,72.98,8.5,577.45,17,47
130,217.22,true,82.95,2127,118.24,player-00637,DEF,38,27,300.52,86.9,8.05,635.98,18,44
346,213.16,true,71.36,5875,113.81,player-00638,MC,38,91,245.34,79.75,5.92,572.31,15,31
485,226.56,true,59.9,8220,116.03,player-00639,DEL,38,120,178.72,54.87,7.03,521.31,15,36
422,221.91,true,63.89,7074,116.59,player-00640,DEF,38,109,212.08,62.51,8.74,550.59,16,40
475,252.56,true,64.78,5347,121.15,player-00641,POR,37,106,207.12,61.74,4.01,580.82,19,31
553,262.61,true,56.07,6164,122.12,player-00642,DEF,37,119,182.23,52.22,4.83,566.96,17,32
737,248.55,true,45.71,8155,123.26,player-00643,DEF,37,141,151.47,43.39,5.82,523.28,16,37
466,253.22,true,55.3,5255,121.8,player-00644,MC,37,104,207.29,56.13,5.4,582.31,18,38
163,252.57,true,72.9,2230,122.3,player-00645,MC,37,47,258.87,76.96,5.14,633.74,16,32
120,255.47,true,72.75,1768,120.53,player-00646,DEL,37,36,267.04,72.71,4.85,643.04,18,34
166,264.16,true,71.79,2261,123.03,player-00647,DEF,37,48,245.99,73.55,5.28,633.17,18,37
324,251.71,true,63.11,3844,122.3,player-00648,MC,37,79,231.52,62.67,4.66,605.52,17,31
551,262.77,true,54.97,6153,121.8,player-00649,DEL,37,118,182.61,53.75,5.14,567.17,17,34
418,269.06,true,57.79,4770,121.88,player-00650,DEF,37,91,199.4,56.23,5.28,590.34,18,37
530,189.11,true,65.46,8596,117.17,player-00651,POR,13,128,199.66,61.94,6.57,505.94,18,35
344,190.46,true,74.78,5554,113.37,player-00652,DEF,13,75,273.92,78.78,5.9,577.75,18,31
544,169.26,true,68.92,8794,113.36,player-00653,DEF,13,133,212.02,65.63,4.55,494.64,19,34
419,170.22,true,73.41,6773,117.38,player-00654,MC,13,95,268.25,78.04,5.64,555.86,17,28
513,151.65,true,58.75,8321,114.42,player-00655,MC,13,119,251.59,73.94,6.38,517.67,16,30
353,191.19,true,74.77,5658,115.2,player-00656,DEL,13,79,269.61,76.79,4.83,576,17,32
531,161.42,true,68.43,8614,115.33,player-00657,DEF,13,129,228.12,66.16,6.4,504.87,17,32
546,169.02,true,72.34,8800,117.58,player-00658,MC,13,134,207.65,62.3,4.33,494.24,18,31
347,161,true,86.94,5592,117.69,player-00659,DEL,13,77,298.35,84.88,3.93,577.04,18,29
529,160.86,true,64.3,8582,114.42,player-00660,DEF,13,127,231.81,62.75,4.69,507.09,18,33
556,171.06,true,71.4,8203,110.08,player-00661,POR,20,130,240.67,68.98,5.96,521.81,14,29
182,188.48,true,85.71,3251,110.22,player-00662,DEF,20,35,316.55,87.6,5.43,615.25,16,30
339,210.47,true,89.82,5416,115.19,player-00663,DEF,20,74,254.2,75.88,5.87,579.86,16,33
395,180.71,true,76.8,6096,113.93,player-00664,MC,20,89,273.58,77.21,5.45,568.22,16,30
294,209.63,true,73.75,4814,114.11,player-00665,MC,20,57,265.96,77.85,6.22,589.7,16,36
256,189.46,true,79.42,4203,112.02,player-00666,DEL,20,49,297.84,82.52,4.43,599.32,16,28
314,210.58,true,78.47,5085,110.16,player-00667,DEF,20,64,264.44,80.59,5.92,585.18,15,31
311,205.69,true,75,5040,111.36,player-00668,MC,20,63,268.87,78.46,5.63,585.92,15,29
302,196.05,true,78.57,4949,111.94,player-00669,DEL,20,60,279.28,78.19,6.03,587.27,15,32
491,183.82,true,71.62,7454,110.95,player-00670,DEF,20,117,248.08,70.33,5.65,542.85,14,27
427,236.29,true,75.71,1556,122.92,player-00671,POR,29,100,288.23,81.1,4.88,647.43,27,44
1026,215.53,true,66.68,4512,124.59,player-00672,DEF,29,226,254.26,68.6,4.47,594.38,26,39
396,228.08,true,79.16,1414,122.24,player-00673,DEF,29,93,300.04,84.67,4.51,650.35,28,43
841,243.58,true,71.76,3443,120.95,player-00674,MC,29,190,247.61,66.78,4.4,612.14,28,42
1071,237.61,true,77.35,4758,121.4,player-00675,MC,29,237,231.53,71.23,4.79,590.55,29,47
236,255.21,true,85.88,739,123.11,player-00676,DEL,29,57,292.05,86.88,4.76,670.38,27,43
685,239.62,true,75.88,2678,122.06,player-00677,DEF,29,159,263.62,79.56,4.49,625.3,25,41
412,208.66,true,84.53,1474,121.55,player-00678,MC,29,98,318.7,95.9,3.85,648.92,27,40
673,204.99,true,85,2605,122.79,player-00679,DEL,29,156,298.95,82.73,4.35,626.72,25,40
1189,251.45,true,69.95,5319,123.81,player-00680,DEF,29,258,205.97,62.8,4.47,581.22,24,39
219,250.03,true,71.45,2863,115.7,player-00681,POR,34,17,256.09,70.02,7.34,621.82,14,35
10,267.75,true,91.65,187,116.99,player-00682,DEF,34,1,315.01,91.1,6.49,699.75,16,34
274,233.06,true,76.23,3317,116.93,player-00683,DEF,34,21,264.13,74.46,7.1,614.12,16,39
107,245.4,true,80.74,1596,116.69,player-00684,MC,34,7,284.44,79.25,6.72,646.53,15,33
135,246.02,true,79.27,1923,116.33,player-00685,MC,34,10,277.79,85.17,6.85,640.14,15,34
483,226.84,true,71.97,5457,115.06,player-00686,DEL,34,30,237.36,68.45,7.45,579.25,14,36
441,235.96,true,65.51,5004,115.74,player-00687,DEF,34,28,234.71,71.35,5.57,586.41,16,35
612,242.7,true,75.7,6767,116.54,player-00688,MC,34,43,196.69,61.83,5.59,555.94,15,33
239,216.57,true,81.86,3121,117.32,player-00689,DEL,34,19,283.4,85.47,5.81,617.29,13,30
55,245.87,true,87.66,878,114.85,player-00690,DEF,34,5,304.73,94.12,5.85,665.45,15,35
119,206.34,true,87.3,1759,113.77,player-00691,POR,47,12,323.26,90.58,5.92,643.37,12,24
202,210.4,true,79.81,2641,114.88,player-00692,DEF,47,21,300.8,81.74,5.66,626.08,13,29
252,197.15,true,90.87,3186,109.34,player-00693,DEF,47,27,309.77,91.78,6.39,616.26,12,27
301,211.44,true,79.31,3618,115.79,player-00694,MC,47,36,281.66,78.39,4.94,608.89,13,25
348,215.53,true,80.03,4086,110.63,player-00695,MC,47,43,275.13,80.6,6.09,601.29,12,25
543,205.91,true,67.54,6113,114.9,player-00696,DEL,47,69,247.19,67.17,6.39,568,12,27
626,208.96,true,65.99,6927,113.09,player-00697,DEF,47,84,230.83,67.31,4.92,552.89,12,23
425,217.55,true,77.09,4828,113.36,player-00698,MC,47,57,258.64,81.66,5.74,589.55,12,23
373,191.37,true,89.5,4390,111.49,player-00699,DEL,47,45,293.31,91.64,6.49,596.17,11,25
88,216.54,true,90,1334,110.2,player-00700,DEF,47,10,325.79,99,5.14,652.53,10,20
279,189.31,true,95.71,945,122.35,player-00701,POR,11,59,351.61,99,3.37,663.27,21,31
502,205.71,true,98,1916,121.73,player-00702,DEF,11,107,312.82,99,4.54,640.25,21,34
263,199.14,true,94.02,864,124.03,player-00703,DEF,11,53,342.64,92.41,4.38,665.82,25,40
1319,221.25,true,83.61,6040,121.56,player-00704,MC,11,270,226.4,65.37,2.79,569.21,25,34
304,192.52,true,91.45,1039,123.75,player-00705,MC,11,65,344.14,96.13,3.82,660.41,24,38
260,200.41,true,98,849,122.5,player-00706,DEL,11,52,343.55,99,6.46,666.46,25,40
791,200.66,true,88.09,3239,122.06,player-00707,DEF,11,169,292.7,85.37,4.52,615.43,25,41
216,218.15,true,95.17,679,122.05,player-00708,MC,11,40,332.33,95.7,3.88,672.54,25,37
775,216.92,true,89.71,3135,122.26,player-00709,DEL,11,166,277.87,83.16,3.85,617.05,22,35
384,192.17,true,98,1357,124.33,player-00710,DEF,11,81,335.56,95.02,4.36,652.06,26,38
472,234.8,true,55,7194,114.19,player-00711,POR,20,109,199.29,60.45,5.62,548.29,16,31
598,238.66,true,46.06,8703,118.3,player-00712,DEF,20,134,143.19,40.62,5.14,500.14,16,32
442,253.55,true,55.17,6868,117.35,player-00713,DEF,20,100,183.05,54.74,5.81,553.95,15,30
515,245.21,true,45.24,7751,115.01,player-00714,MC,20,120,174.92,51.35,5.14,535.15,16,32
478,237.67,true,53.35,7315,118.63,player-00715,MC,20,112,189.69,52.17,4.81,545.99,16,30
550,232.08,true,49.24,8145,116.77,player-00716,DEL,20,128,174.83,49.84,5.74,523.68,17,34
257,261.36,true,59.22,4208,116.5,player-00717,DEF,20,50,221.38,64.8,5.32,599.23,16,29
378,256.15,true,56.37,5828,113.32,player-00718,MC,20,85,203.68,60.94,3.95,573.14,13,21
465,252.29,true,52.85,7107,118.94,player-00719,DEL,20,107,178.76,56.19,5.66,549.99,15,29
324,264.5,true,56.52,5161,121.8,player-00720,DEF,20,68,197.73,57,4.16,584.03,17,25
224,257.96,true,67.74,2371,118.3,player-00721,POR,12,45,254.95,72.73,4.99,631.21,17,33
67,265.36,true,77.87,749,120.13,player-00722,DEF,12,7,284.42,76.99,5.83,669.91,17,35
872,236.13,true,53.81,8782,118.31,player-00723,DEF,12,188,140.73,42.13,4.86,495.17,19,36
235,277.19,true,67.62,2503,118.46,player-00724,MC,12,48,233.13,65.59,5.72,628.78,20,41
737,237.34,true,57.74,7271,120.78,player-00725,MC,12,157,188.71,54.78,5.74,546.83,19,39
500,258.32,true,69.96,5035,118.54,player-00726,DEL,12,102,209.21,62.57,5.39,586.07,19,36
428,256.56,true,63.71,4254,119.37,player-00727,DEF,12,89,222.55,64.37,6.1,598.48,18,40
455,240.19,true,71.57,4557,121.81,player-00728,MC,12,92,231.69,65.39,5.38,593.69,20,38
150,275.33,true,69.6,1557,117.5,player-00729,DEL,12,30,254.6,72.78,6.17,647.43,17,38
74,262.77,true,74.89,793,119.83,player-00730,DEF,12,9,285.72,81.52,4.84,668.32,21,36
62,175.6,true,92.77,3399,119.62,player-00731,POR,31,62,317.47,91.13,6.67,612.69,17,49
66,175.02,true,90.09,3620,122.76,player-00732,DEF,31,66,311.07,90.25,6.74,608.85,17,50
19,193.82,true,95.08,880,119.59,player-00733,DEF,31,19,351.99,97.1,6.54,665.4,18,50
83,185.53,true,90.83,5039,120,player-00734,MC,31,83,280.45,82.55,6.34,585.98,19,50
42,174.04,true,97.82,2377,121.37,player-00735,MC,31,42,335.71,99,6.49,631.11,19,52
87,179.94,true,86.1,5272,119.7,player-00736,DEL,31,87,282.4,83.85,6.74,582.03,18,53
35,178.72,true,94.67,1995,117.93,player-00737,DEF,31,35,342.11,93.15,6.6,638.76,17,48
88,174.6,true,77.48,5358,120.06,player-00738,MC,31,88,286.04,80.11,6.54,580.7,18,50
73,171.6,true,88.27,4091,120.58,player-00739,DEL,31,73,309.01,85.32,6.54,601.19,18,50
21,197.92,true,98,1086,120.43,player-00740,DEF,31,21,340.43,99,6.31,658.77,18,47
6,239.4,true,95.15,166,115.86,player-00741,POR,31,6,347.21,94.35,5.66,702.47,13,29
44,254.63,true,85.98,2568,107.12,player-00742,DEF,31,44,265.77,86.01,6.39,627.51,12,32
1,287.22,true,89.04,67,111.37,player-00743,DEF,31,1,319.42,88.33,6.39,718.01,12,32
89,248.27,true,76.02,5407,115.5,player-00744,MC,31,89,216.14,69.3,5.7,579.9,12,27
3,274.99,true,98,102,111.01,player-00745,MC,31,3,323.05,99,6.32,709.06,13,34
20,278.82,true,92.14,910,109.18,player-00746,DEL,31,20,276.45,80.09,6.39,664.45,12,32
29,253.42,true,85.35,1618,114.4,player-00747,DEF,31,29,278.24,82.89,5.85,646.07,12,28
4,254.1,true,85.08,106,116.71,player-00748,MC,31,4,337.86,94.95,5.14,708.67,13,26
24,240.92,true,98,1202,114.81,player-00749,DEL,31,24,300.17,90.84,5.14,655.89,11,22
49,251.35,true,78.28,2679,112.82,player-00750,DEF,31,49,261.12,76.88,6.21,625.29,11,28
123,197.54,true,87.23,2276,119.61,player-00751,POR,48,80,315.66,88.07,3.67,632.81,22,34
43,204.44,true,98,994,118.61,player-00752,DEF,48,29,338.67,98.24,3.6,661.72,17,26
105,207.26,true,86.71,1926,118.65,player-00753,DEF,48,67,314.22,90.27,3.89,640.13,20,32
54,204.39,true,94.09,1158,118.87,player-00754,MC,48,37,333.77,99,3.58,657.03,21,32
108,205.91,true,93.05,1956,118.01,player-00755,MC,48,69,315.64,99,3.81,639.56,19,30
77,214.47,true,82.88,1430,119.04,player-00756,DEL,48,50,316.43,85.34,2.36,649.94,21,27
448,205.66,true,73.02,6916,120.68,player-00757,DEF,48,263,226.7,68.67,3.47,553.03,20,30
27,198.79,true,95.78,647,119.85,player-00758,MC,48,18,354.88,99,3.17,673.52,23,33
68,208.59,true,89.03,1363,119.95,player-00759,DEL,48,45,323.3,91.01,2.55,651.84,22,29
31,223.54,true,88.13,771,121.81,player-00760,DEF,48,21,323.64,90.26,2.94,668.98,18,25
240,183.8,true,82.78,3915,118.9,player-00761,POR,02,54,301.6,81.64,6.2,604.3,18,41
477,192.83,true,81.27,7646,119.58,player-00762,DEF,02,118,225.67,67.79,7.57,538.07,17,41
566,174.4,true,60.63,9072,117.72,player-00763,DEF,02,141,178.66,51.98,7.76,470.78,17,43
,198.33,false,80.6,,117.74,player-00764,MC,02,,258.36,83.31,8.2,574.43,16,40
572,153.04,true,64.54,9221,119.84,player-00765,MC,02,143,161.12,46.67,6.85,433.99,18,37
182,200.75,true,88.07,2983,117.36,player-00766,DEL,02,37,301.59,87.22,7.81,619.7,18,41
137,180.13,true,93.2,2304,119.03,player-00767,DEF,02,29,333.14,93.71,9.79,632.31,18,46
401,174.44,true,77.61,6530,117.07,player-00768,MC,02,96,268.69,76.4,7.89,560.2,18,42
317,162.35,true,86.97,5136,115.25,player-00769,DEL,02,77,306.75,86.1,9.62,584.35,18,44
293,187.85,true,82.04,4631,114.87,player-00770,DEF,02,66,289.85,81.11,8.13,592.58,18,45
1651,197.9,true,59.35,7793,122.48,player-00771,POR,21,168,213.73,61.62,4.6,534.11,23,38
594,204.74,true,85.23,2252,122.32,player-00772,DEF,21,58,306.36,88.97,3.96,633.41,21,34
381,218.96,true,78.41,1351,121.83,player-00773,DEF,21,39,311.37,91.45,4.38,652.16,19,33
,253.93,false,69.85,,120.52,player-00774,MC,21,,255.1,81.66,4.38,629.54,19,33
424,219.66,true,77.36,1543,120.84,player-00775,MC,21,42,307.11,96.53,4.43,647.61,20,35
659,225.89,true,86.61,2521,118.76,player-00776,DEL,21,64,283.78,86.49,4.88,628.43,22,38
761,221.66,true,64.52,3059,122.33,player-00777,DEF,21,78,274.33,80.12,5.01,618.32,21,37
1127,197.4,true,68.63,5052,122.64,player-00778,MC,21,115,265.65,75.52,4.05,585.69,19,28
943,191.86,true,87.97,4051,122.53,player-00779,DEL,21,93,287.68,86.33,3.47,602.07,20,30
849,207.15,true,83.85,3504,121.37,player-00780,DEF,21,84,282.56,79.43,3.1,611.08,19,27
246,274.31,true,68.87,2300,123.86,player-00781,POR,25,29,234.18,67.81,5.28,632.35,17,35
774,260.05,true,47.49,7141,123.33,player-00782,DEF,25,84,166.08,45.13,4.81,549.45,16,30
182,252.12,true,72.41,1742,122,player-00783,DEF,25,20,269.53,83.33,4.98,643.64,16,31
553,275.9,true,59.55,5031,124.97,player-00784,MC,25,65,185.21,55.9,5.6,586.08,16,31
413,254.77,true,67.2,3913,124.47,player-00785,MC,25,48,225.09,61.51,4.28,604.34,17,29
567,214.15,true,69.12,5159,121.29,player-00786,DEL,25,67,248.61,68.71,5.14,584.04,14,28
63,268.41,true,71.45,592,121.01,player-00787,DEF,25,4,286.38,78.75,5.6,675.81,16,31
403,280.96,true,64.72,3805,121.93,player-00788,MC,25,47,203.22,59.39,5.86,606.11,14,28
598,257.08,true,51.34,5431,124.26,player-00789,DEL,25,70,198.25,58.07,5.5,579.59,16,30
303,270.3,true,60.79,2913,124.19,player-00790,DEF,25,39,226.3,61.82,5.15,620.8,16,28
781,212.64,true,46.05,8604,114.74,player-00791,POR,24,89,177.97,48.44,5.65,505.35,18,36
428,233.18,true,57.41,4841,114.31,player-00792,DEF,24,40,241.76,67.57,5.57,589.25,16,35
625,205.24,true,57.75,6919,114.46,player-00793,DEF,24,72,233.31,67.95,5.93,553.01,17,36
280,251.88,true,69.49,3364,115.38,player-00794,MC,24,18,246.07,73.06,5.4,613.33,18,38
369,249.13,true,65.33,4363,112.74,player-00795,MC,24,32,234.8,64.59,6.43,596.67,16,38
,231.63,false,63.27,,112.94,player-00796,DEL,24,,171.13,55.3,6.33,515.7,16,37
433,245.38,true,62.86,4883,113.62,player-00797,DEF,24,41,229.55,61.91,6.33,588.55,16,37
828,188,true,48.93,9096,111.6,player-00798,MC,24,97,167.05,51.56,5.6,466.65,16,31
703,224.46,true,61.24,7718,115.59,player-00799,DEL,24,82,195.98,57.27,6.33,536.03,16,37
108,248.51,true,79.44,1607,115.32,player-00800,DEF,24,6,282.41,78.71,6.18,646.24,15,33
152,224.15,true,81.17,6398,118.65,player-00801,POR,39,152,219.81,63.8,5.49,562.61,20,43
10,226.07,true,87.02,713,121.18,player-00802,DEF,39,10,323.9,93.15,4.88,671.15,20,38
84,178.04,true,91.24,3492,119.62,player-00803,DEF,39,84,313.61,90.81,5.39,611.27,19,40
108,203.35,true,84.77,4630,120.65,player-00804,MC,39,108,268.6,83.57,5.01,592.6,20,39
50,220.72,true,76.96,2033,119.24,player-00805,MC,39,50,298.07,90.56,5.37,638.03,21,44
190,206.59,true,59.8,8687,120.1,player-00806,DEL,39,190,174.24,51.19,5.27,500.92,19,39
158,192.43,true,70.39,6646,119.09,player-00807,DEF,39,158,246.42,69.02,5.4,557.94,18,38
97,223.52,true,72.36,3849,118.46,player-00808,MC,39,97,263.47,81.99,5.14,605.45,19,38
24,200.8,true,86.81,1029,119.53,player-00809,DEL,39,24,340.4,93.61,5.01,660.73,20,39
113,201.94,true,76.83,4715,118.51,player-00810,DEF,39,113,270.66,78.64,4.14,591.12,21,35
164,247.15,true,53.66,7481,121.2,player-00811,POR,26,164,173.93,48.25,6.3,542.27,18,37
93,242.38,true,68.2,3765,123.14,player-00812,DEF,26,93,241.17,76.02,4.43,606.69,20,35
153,220.88,true,64.72,6969,120.87,player-00813,DEF,26,153,210.41,63.22,5.52,552.17,20,35
103,234.31,true,61.97,4114,121.79,player-00814,MC,26,103,244.68,67.6,5.38,600.77,19,36
122,214.23,true,65.32,5003,121.81,player-00815,MC,26,122,250.39,68.88,4.01,586.42,19,31
180,200.53,true,48.15,8460,118.87,player-00816,DEL,26,180,192.91,54.12,5.11,512.31,18,32
119,243.56,true,57.89,4787,120.29,player-00817,DEF,26,119,226.27,61.25,5.76,590.12,21,39
79,240.27,true,74.14,3061,122.13,player-00818,MC,26,79,255.9,74.71,4.84,618.3,21,36
94,225.4,true,61.22,3865,121.84,player-00819,DEL,26,94,257.87,76.97,4.93,605.12,18,31
165,215.29,true,52.79,7494,120.76,player-00820,DEF,26,165,205.95,55.68,5.45,541.99,17,28
105,297.12,true,64.21,1121,118.85,player-00821,POR,12,18,241.91,67.81,5.14,657.88,20,40
558,263.37,true,48.04,5603,119.39,player-00822,DEF,12,117,194.14,57.14,6.85,576.91,18,37
579,263.85,true,64.72,5803,118.03,player-00823,DEF,12,120,191.63,57.75,6.85,573.51,18,37
721,235.24,true,59.16,7163,115.5,player-00824,MC,12,151,198.21,57.42,8.67,548.95,18,39
162,282.06,true,66.05,1683,118.33,player-00825,MC,12,33,244.2,68.43,7.08,644.6,19,41
286,274.75,true,64.58,2954,118.25,player-00826,DEL,12,57,227.04,67.94,8.76,620.04,19,42
549,281.23,true,63.97,5537,120.44,player-00827,DEF,12,113,176.43,52.56,8.65,578.1,19,41
419,278.67,true,59.48,4206,120.35,player-00828,MC,12,87,200.24,59.09,7.06,599.27,20,43
189,268.41,true,79.51,1901,117.32,player-00829,DEL,12,40,254.77,74.36,4.85,640.49,18,34
495,255.54,true,76.27,4974,116.51,player-00830,DEF,12,100,214.86,66.88,7.71,586.9,16,40
1122,255.27,true,57.62,5021,121.67,player-00831,POR,29,243,209.25,56.5,3.27,586.19,33,48
1632,234.98,true,51.93,7713,122.56,player-00832,DEF,29,317,178.57,51.47,3.24,536.11,29,42
459,243.09,true,75.18,1727,122.57,player-00833,DEF,29,110,278.16,75.02,4.24,643.82,29,46
787,253.48,true,68.9,3213,120.55,player-00834,MC,29,182,241.74,74.11,3.99,615.78,24,36
1614,244.56,true,66.44,7635,123,player-00835,MC,29,315,170.86,48.7,3.71,538.42,27,42
407,264.3,true,66.75,1453,122.95,player-00836,DEL,29,95,262.12,72.81,3.27,649.37,30,41
899,240.35,true,71.54,3803,121.98,player-00837,DEF,29,201,243.8,70.69,3.67,606.13,29,42
1520,242.28,true,56.17,7035,120.98,player-00838,MC,29,300,187.99,53.47,4.1,551.25,26,40
1696,239.49,true,62.49,7992,122.26,player-00839,DEL,29,327,166.31,51.31,3.4,528.06,29,43
741,241.84,true,66.75,2969,121.69,player-00840,DEF,29,167,256.36,69.48,5,619.89,25,45
1526,198.59,true,69.82,7085,109.71,player-00841,POR,23,106,242.03,72.13,6,550.32,11,22
1340,208.81,true,71.26,6112,107.58,player-00842,DEF,23,86,251.63,74.82,5.79,568.02,10,23
1126,222.74,true,72.27,5048,108.33,player-00843,DEF,23,65,254.72,71.55,4.03,585.8,11,18
1823,214,true,60.56,8713,110.29,player-00844,MC,23,139,175.45,50.66,5.09,499.74,11,18
665,220.88,true,73.78,2555,107.95,player-00845,MC,23,35,298.9,84.59,4.94,627.73,10,19
1883,189.82,true,51.13,9143,110.72,player-00846,DEL,23,147,157.01,47.16,6.34,457.54,11,24
1519,225.74,true,70.34,7032,107.75,player-00847,DEF,23,104,217.84,65.5,5.14,551.33,10,20
846,214.37,true,70.68,3477,108.82,player-00848,MC,23,46,288.45,88.55,5.56,611.64,10,16
1566,189.28,true,73.74,7338,109.66,player-00849,DEL,23,113,246.47,70.75,6.09,545.41,10,20
1900,203.29,true,45.66,9246,106.71,player-00850,DEF,23,150,106.1,33.79,6.2,416.11,9,18
,245.44,true,75.6,4139,113.87,player-00851,POR,52,10,241.07,76.6,9.92,600.38,13,40
,272.52,true,66.33,7503,113.05,player-00852,DEF,52,25,156.22,52.86,9.91,541.78,11,40
,251.22,true,61.65,5950,113.83,player-00853,DEF,52,18,205.74,64.96,8.09,570.79,14,39
,217.08,true,63.96,7069,110.62,player-00854,MC,52,23,222.92,65.14,8.47,550.63,13,42
,227.23,true,66.04,5971,114.89,player-00855,MC,52,19,228.28,65.74,7.92,570.4,13,41
,217.91,true,58.54,7596,112.92,player-00856,DEL,52,26,208.79,62.35,9.12,539.63,12,39
,242.41,true,62.1,6362,113.87,player-00857,DEF,52,20,206.96,65,9.43,563.25,13,40
,261.8,true,63.88,1535,108.69,player-00858,MC,52,2,277.21,88.19,9.06,647.7,11,39
,227.81,true,49.9,7697,111.64,player-00859,DEL,52,27,197.16,61.01,7.74,536.61,12,34
,232.16,true,59.3,5458,113.26,player-00860,DEF,52,14,233.8,68.75,7.81,579.22,13,39
157,239.42,true,66.87,3892,119.95,player-00861,POR,28,157,245.3,66.28,3.95,604.68,26,42
348,223.66,true,58.7,7975,119.01,player-00862,DEF,28,348,185.83,54.23,4.58,528.5,25,45
187,214.12,true,69.19,4665,121.66,player-00863,DEF,28,187,256.16,71.67,4.09,591.94,26,43
194,228.79,true,63.62,4868,120.39,player-00864,MC,28,194,239.63,70.36,4.49,588.81,26,46
228,221.88,true,72.83,5493,120.02,player-00865,MC,28,228,236.82,67.08,4.69,578.72,24,44
341,208.58,true,62.29,7862,120.01,player-00866,DEL,28,341,203.55,61.2,4.46,532.14,25,44
108,228.24,true,82.14,2748,119.07,player-00867,DEF,28,108,276.27,84.42,4.69,623.58,24,44
162,223.54,true,67.4,4073,120.07,player-00868,MC,28,162,257.89,72.85,3.73,601.49,25,39
109,237.35,true,70.89,2799,118.86,player-00869,DEL,28,109,266.49,80.87,4.23,622.7,26,44
344,226.2,true,58.3,7921,119.14,player-00870,DEF,28,344,184.63,53.82,3.89,529.97,25,40
432,216,true,65.2,5581,117.41,player-00871,POR,15,123,243.81,68.15,5.36,577.22,11,23
650,192.75,true,59.05,8641,118.21,player-00872,DEF,15,166,192.58,54.58,4.72,503.54,13,24
393,198.4,true,80.03,4986,114.21,player-00873,DEF,15,114,274.12,80.35,5.34,586.73,12,25
625,212.45,true,50.91,8327,119.98,player-00874,MC,15,161,185.02,58.51,4.31,517.45,14,24
403,185.69,true,78.42,5121,115.95,player-00875,MC,15,117,283,87.81,4.92,584.63,12,23
566,206.57,true,71.75,7455,120.24,player-00876,DEL,15,150,216.02,64.28,4.54,542.83,14,25
250,224.82,true,73.17,3012,117.74,player-00877,DEF,15,81,276.63,77.73,5.31,619.19,14,29
659,190.98,true,57.86,8789,118.11,player-00878,MC,15,168,185.73,54.72,4.23,494.82,13,22
309,209.74,true,77.2,3839,118.52,player-00879,DEL,15,96,277.32,81.74,4.95,605.58,14,27
584,177.94,true,68.5,7710,115.21,player-00880,DEF,15,153,242.98,67.7,4.72,536.13,13,24
40,221.65,true,70.81,4286,106.74,player-00881,POR,33,40,269.55,77.1,6.14,597.94,14,35
96,215.75,true,60.91,8276,106.61,player-00882,DEF,33,96,197.46,58.1,6.08,519.82,13,32
95,202.26,true,64.25,8270,105.84,player-00883,DEF,33,95,212.08,62.61,5.81,520.17,13,30
69,204.42,true,64.72,6926,109.51,player-00884,MC,33,69,238.98,70.61,6.08,552.91,13,32
104,163.4,true,64.71,8634,109,player-00885,MC,33,104,231.53,66.62,5.33,503.93,13,27
38,218.08,true,75,4214,104.88,player-00886,DEL,33,38,276.16,85.71,6.2,599.12,13,33
108,213.4,true,57.77,8845,106.5,player-00887,DEF,33,108,171.02,55.14,5.62,490.92,14,31
44,214.72,true,77.58,4999,108.35,player-00888,MC,33,44,263.39,75.35,5.74,586.47,11,25
55,238.26,true,62.73,5625,110.74,player-00889,DEL,33,55,227.42,66.94,4.94,576.42,13,25
,220.06,false,71.15,,109.42,player-00890,DEF,33,,198.4,68.24,5.33,527.89,13,27
127,262.72,true,91.31,1540,118.52,player-00891,POR,36,19,266.4,79.4,3.58,647.64,21,32
3,285.29,true,90.58,33,117.74,player-00892,DEF,36,1,324.68,96.12,3.81,727.71,19,30
8,267.99,true,79.33,84,118.1,player-00893,DEF,36,3,327.49,91.34,3.71,713.58,18,28
24,263.58,true,84.3,264,119.8,player-00894,MC,36,5,309.48,85.97,4.26,692.87,20,34
5,265.92,true,88.88,66,120.39,player-00895,MC,36,2,332.01,90.09,4.14,718.32,18,30
30,272.41,true,89.29,326,119.39,player-00896,DEL,36,6,297.13,91.93,4.01,688.93,19,31
22,251.19,true,90.16,228,117.43,player-00897,DEF,36,4,327.01,99,4.2,695.63,19,32
49,234.72,true,94.25,611,118.1,player-00898,MC,36,9,322.19,87.94,3.47,675.01,18,27
70,261.27,true,82.58,858,119.99,player-00899,DEL,36,11,284.76,79.32,3.22,666.01,18,26
278,252.45,true,65.23,3462,118.14,player-00900,DEF,36,46,241.3,68,4.07,611.89,17,28
83,240.89,true,98,234,118.88,player-00901,POR,14,12,335.5,96.13,5.95,695.26,20,32
451,235.9,true,81.04,1696,117.23,player-00902,DEF,14,46,291.14,84.65,7.58,644.27,19,31
308,239.7,true,95.65,1047,118.89,player-00903,DEF,14,37,301.53,85.95,6.97,660.12,20,35
137,233.25,true,98,411,113.58,player-00904,MC,14,19,336.85,99,7.84,683.68,15,26
204,224.57,true,98,644,117.86,player-00905,MC,14,28,331.17,94.77,8.16,673.6,17,29
56,227.23,true,98,156,119.29,player-00906,DEL,14,7,356.83,99,6.24,703.35,20,34
53,240.94,true,95.8,150,116.74,player-00907,DEF,14,6,346.2,99,5.97,703.89,16,27
86,242.46,true,90.87,239,116.76,player-00908,MC,14,13,335.3,90.85,6.21,694.52,18,29
22,264.49,true,94.39,70,118.63,player-00909,DEL,14,1,333.9,99,6.54,717.01,16,26
213,233.09,true,98,668,117.83,player-00910,DEF,14,31,321.98,89.97,7.32,672.9,18,32
50,245.12,true,80.48,1783,120.04,player-00911,POR,26,50,277.46,78.17,5.71,642.61,15,25
47,228.46,true,85.83,1697,120.81,player-00912,DEF,26,47,294.99,79.56,4.43,644.27,16,28
40,231.83,true,84.03,1550,115.52,player-00913,DEF,26,40,300.14,85.07,4.76,647.48,14,26
89,222.12,true,80.56,3649,122.11,player-00914,MC,26,89,264.14,80,4.43,608.37,16,28
111,207.84,true,79.57,4314,119.49,player-00915,MC,26,111,270.09,79.97,6.53,597.41,14,27
28,238.04,true,88.6,1169,120.98,player-00916,DEL,26,28,297.74,85.68,4.83,656.77,17,32
115,222.87,true,73.65,4522,120.53,player-00917,DEF,26,115,250.88,73.09,6.56,594.28,17,33
22,221.61,true,79.98,890,119.21,player-00918,MC,26,22,324.21,94.55,4.97,665.03,15,29
67,228.89,true,76.77,2535,122.25,player-00919,DEL,26,67,277.01,83.73,5.42,628.15,17,27
25,204.16,true,85.57,1064,120.05,player-00920,DEF,26,25,335.51,99,5.14,659.73,15,30
156,244.14,true,82.85,3887,120.08,player-00921,POR,28,156,240.51,70.85,5.28,604.73,17,35
97,248.46,true,83.97,2466,120.16,player-00922,DEF,28,97,260.98,78.37,4.58,629.6,20,36
112,230.81,true,81.56,2855,119.69,player-00923,DEF,28,112,271.42,79.16,5.28,621.92,18,37
25,236.71,true,90.59,495,119.83,player-00924,MC,28,25,323.45,92.87,4.43,679.99,20,35
22,239.21,true,87.89,467,120.17,player-00925,MC,28,22,321.74,88.45,4.73,681.12,20,37
69,248.87,true,76.17,1615,118.27,player-00926,DEL,28,69,278.99,75.52,4.66,646.13,17,31
26,261.4,true,77.97,509,118.84,player-00927,DEF,28,26,298.99,84.06,5.3,679.22,15,31
55,264.63,true,75.05,1325,116.95,player-00928,MC,28,55,271.14,77.3,5.28,652.72,17,35
41,248.68,true,84.81,822,114.24,player-00929,DEL,28,41,304.35,85.59,5.3,667.26,15,31
163,275.43,true,82.55,4083,118.13,player-00930,DEF,28,163,207.74,64.61,4.71,601.31,19,35
180,244.6,true,87.13,3164,114.27,player-00931,POR,20,34,257.83,79.01,4.23,616.69,13,22
298,248.03,true,66.69,4888,115.25,player-00932,DEF,20,58,225.17,63.59,3.32,588.45,15,22
224,261.62,true,69.95,3791,110.5,player-00933,DEF,20,45,234.2,67.82,6.71,606.32,15,30
132,233.28,true,85.69,2395,115.82,player-00934,MC,20,28,281.79,82.94,5.94,630.89,14,21
212,246.09,true,67.47,3655,112.13,player-00935,MC,20,43,250.09,74.86,5.69,608.31,13,25
273,236.91,true,64.49,4554,115.8,player-00936,DEL,20,54,241.05,67.74,5.09,593.76,16,28
334,243.84,true,66.41,5302,114.1,player-00937,DEF,20,72,223.56,66.28,5.28,581.5,15,27
109,229.58,true,79.91,1957,114.35,player-00938,MC,20,25,295.56,82.49,5.09,639.49,16,28
541,218.06,true,57.63,8040,114.31,player-00939,DEL,20,126,194.15,58.05,3.89,526.53,15,24
196,236.48,true,70.34,3425,113.45,player-00940,DEF,20,38,262.43,73.57,6.29,612.36,13,24
494,194.17,true,66.72,8334,118.86,player-00941,POR,35,372,204.13,59.7,4.05,517.17,19,28
369,229.57,true,65.52,6186,120.65,player-00942,DEF,35,275,216.43,62.53,5.9,566.65,20,31
521,204.2,true,53.82,8852,121.65,player-00943,DEF,35,394,164.62,49.79,4.47,490.47,21,30
501,222.76,true,55.43,8470,122.54,player-00944,MC,35,376,166.76,48.15,4.47,512.06,21,29
362,216.45,true,60.72,6104,117.92,player-00945,MC,35,268,233.74,65.01,4.62,568.11,23,34
389,203.88,true,70.46,6466,121.67,player-00946,DEL,35,293,235.73,67.33,4.28,561.28,22,31
469,188.64,true,57.76,7912,121,player-00947,DEF,35,350,220.63,59.81,6.1,530.27,20,32
471,216.32,true,54.43,7923,122.68,player-00948,MC,35,352,190.92,55.13,3.47,529.92,22,30
,227.09,false,70.56,,121.94,player-00949,DEL,35,,267.63,72.18,4.37,616.66,20,27
514,184.83,true,60.49,8736,119.44,player-00950,DEF,35,388,194.13,54.1,3.84,498.4,17,27
355,248.38,true,68.55,3393,124.81,player-00951,POR,08,165,239.6,69.64,2.85,612.8,23,29
345,256.25,true,61.37,3289,126.12,player-00952,DEF,08,161,232.15,66.32,1.39,614.51,21,24
298,231.01,true,74.4,2875,123.46,player-00953,DEF,08,141,267.21,72.09,2.85,621.68,23,29
157,254.6,true,75.24,1598,125.84,player-00954,MC,08,80,266.01,78.09,2.84,646.46,26,33
452,250.36,true,64.31,4224,125.73,player-00955,MC,08,206,222.93,64.09,2.97,599.02,27,35
54,259.54,true,80.46,534,124.31,player-00956,DEL,08,26,294.13,83.33,2.88,677.97,23,29
455,263.55,true,65.27,4242,123.6,player-00957,DEF,08,209,211.54,59.97,2.03,598.7,27,31
171,254.07,true,83.28,1693,125.2,player-00958,MC,08,86,265.05,80.65,2.21,644.32,23,29
199,263.05,true,83.89,1891,124.78,player-00959,DEL,08,104,252.78,80.31,3.02,640.62,24,31
809,230.3,true,60.37,7484,123.85,player-00960,DEF,08,368,187.98,54.1,1.88,542.13,25,28
713,243.11,true,65.38,6477,122.52,player-00961,POR,43,188,195.46,59.52,3,561.09,15,21
929,216.29,true,61.26,8760,123.73,player-00962,DEF,43,245,156.73,47.5,4.74,496.75,17,28
377,219.68,true,73.04,3586,120.57,player-00963,DEF,43,87,269.18,75.56,4.71,609.43,16,26
475,227.91,true,64.27,4434,122.78,player-00964,MC,43,118,244.81,74.15,3.99,595.5,16,26
651,242.58,true,60.58,5930,121.27,player-00965,MC,43,164,207.35,61.02,5.28,571.2,15,27
356,231.28,true,67.73,3423,122.1,player-00966,DEL,43,77,258.99,73.52,4.71,612.37,16,26
167,232.27,true,77.52,1651,124.4,player-00967,DEF,43,39,288.77,78.76,4.14,645.44,18,30
416,196.13,true,79.93,3937,120.35,player-00968,MC,43,100,287.53,89.83,2.91,604.01,14,19
401,238.26,true,68.27,3741,122.56,player-00969,DEL,43,95,246.23,71.46,3.57,607.06,17,23
304,263.79,true,71.48,2926,121.91,player-00970,DEF,43,63,234.82,68.12,3.32,620.52,15,22
1466,210.33,true,77.78,6754,114.56,player-00971,POR,18,112,231.31,68.43,4.05,556.19,14,23
1402,192.1,true,73.63,6456,115.92,player-00972,DEF,18,107,253.44,74.83,3.62,561.45,15,23
894,204.16,true,83.04,3770,115.68,player-00973,DEF,18,64,286.82,79.47,3.32,606.66,15,22
1331,208.9,true,67.39,6072,114.25,player-00974,MC,18,99,245.52,76.62,3.95,568.67,13,21
,232.66,false,76.81,,116.99,player-00975,MC,18,,291.75,79.28,3.32,641.4,15,22
928,245.29,true,65.06,3982,116.42,player-00976,DEL,18,67,241.7,70.92,2.77,603.4,14,19
1146,207.11,true,72.35,5145,116.51,player-00977,DEF,18,87,260.58,74.4,3.06,584.2,17,24
606,220.97,true,77.69,2323,115.45,player-00978,MC,18,42,295.61,84.68,3.18,632.03,16,23
1131,218.95,true,69.59,5066,115.17,player-00979,DEL,18,86,251.36,68.04,3.32,585.48,15,22
1243,208.19,true,76.48,5616,118.09,player-00980,DEF,18,93,250.37,72.16,2.75,576.65,17,23
69,238.61,true,78.13,2635,119.26,player-00981,POR,26,69,268.27,76.5,5.23,626.14,20,37
134,214.21,true,74.13,5627,116.88,player-00982,DEF,26,134,245.28,76.11,7.31,576.38,19,39
100,218.77,true,66.9,3997,120.13,player-00983,DEF,26,100,264.03,74.33,4.85,602.94,18,34
88,235.42,true,73.84,3612,120.32,player-00984,MC,26,88,253.28,73.59,4.47,609.02,20,32
146,225.14,true,66.6,6634,119.75,player-00985,MC,26,146,213.41,65.95,4.71,558.3,19,35
170,198.87,true,77.91,8030,117.36,player-00986,DEL,26,170,210.46,64.82,5.28,526.69,18,37
78,213.18,true,83.23,3056,117.32,player-00987,DEF,26,78,287.84,85.95,7.2,618.35,19,38
62,215.07,true,79.86,2319,117.32,player-00988,MC,26,62,299.74,81.45,6.71,632.13,19,38
117,235.81,true,76.23,4612,117.23,player-00989,DEL,26,117,239.79,69.96,7.08,592.83,19,37
73,219.62,true,77.22,2856,121.86,player-00990,DEF,26,73,280.42,87.06,6.42,621.91,18,34
602,258.02,true,54.65,8049,117.5,player-00991,POR,27,118,150.83,43.57,6.06,526.35,17,37
297,261.92,true,57.13,3604,117.63,player-00992,DEF,27,71,229.64,70.07,5.86,609.18,19,40
261,267.65,true,62.25,3206,119.64,player-00993,DEF,27,62,228.65,70.62,5.52,615.94,18,39
589,236.1,true,59.94,7831,115.57,player-00994,MC,27,116,181.34,53.87,6.13,533,18,40
590,225.27,true,61.94,7839,119.44,player-00995,MC,27,117,187.99,55.02,5.9,532.7,18,38
535,230.65,true,61.9,6980,117.38,player-00996,DEL,27,109,204.02,61.75,5.27,552.05,19,39
498,257.1,true,53.17,6465,114.97,player-00997,DEF,27,105,189.23,54.52,5.14,561.3,19,38
248,264.2,true,60.7,3004,118.48,player-00998,MC,27,60,236.62,67.37,6.59,619.3,15,37
208,282.13,true,63.68,2602,117.11,player-00999,DEL,27,50,227.51,64.22,6.32,626.75,16,37
428,276.34,true,47.74,5484,119.04,player-01000,DEF,27,95,183.49,50.17,5.14,578.88,17,34
142,243.76,true,86.61,2563,111.55,player-01001,POR,48,93,272.34,79.72,5.97,627.66,22,35
111,248.44,true,79.42,1970,109.09,player-01002,DEF,48,71,281.71,86.95,3.92,639.23,23,34
288,240.06,true,87.14,4739,110.79,player-01003,DEF,48,178,239.87,73.44,5.75,590.72,24,37
232,229.45,true,78.26,3885,111.94,player-01004,MC,48,145,263.42,76.31,5.63,604.81,25,38
7,254.73,true,87.55,301,113.79,player-01005,MC,48,4,322.09,94.08,5.35,690.62,21,33
184,242.03,true,73.64,3299,110.32,player-01006,DEL,48,119,262.05,75.86,5.31,614.4,25,36
159,267.8,true,70.47,2809,108.7,player-01007,DEF,48,105,246.1,67.98,6.35,622.6,18,30
278,227.91,true,72.51,4615,109.86,player-01008,MC,48,169,255.03,73.47,4.23,592.8,22,34
135,245.73,true,79.74,2408,112.49,player-01009,DEL,48,87,272.32,74.79,4.05,630.54,22,33
190,213.43,true,82.66,3338,116.99,player-01010,DEF,48,124,283.31,79.72,2.06,613.74,21,26
150,264.95,true,82.83,454,125.59,player-01011,POR,11,24,291.25,83.18,3.28,681.79,24,35
82,269.97,true,78.43,233,125.21,player-01012,DEF,11,11,300.16,81.25,3.92,695.34,23,37
29,283.12,true,86.92,89,126.8,player-01013,DEF,11,3,301.49,86.77,3.38,711.42,23,34
30,277.89,true,82.19,90,125.18,player-01014,MC,11,4,307.98,86.96,4.39,711.05,23,40
14,275.58,true,89.47,42,126.65,player-01015,MC,11,2,323.8,87.33,3.75,726.03,23,36
179,283.12,true,75.99,546,126.8,player-01016,DEL,11,32,267.43,74.71,4.14,677.35,24,40
321,274.17,true,76.55,1107,124.97,player-01017,DEF,11,68,259.24,72.64,3.57,658.38,23,35
37,277.59,true,86.21,112,126.98,player-01018,MC,11,6,303.23,87.11,3.26,707.8,22,32
101,256.34,true,91.54,275,123.73,player-01019,DEL,11,14,311.83,90.05,3.96,691.9,21,34
709,260.57,true,65.22,2791,124.94,player-01020,DEF,11,154,237.3,64.92,3.38,622.81,23,34
51,267.82,true,72.8,2048,116.26,player-01021,POR,30,51,253.53,72.1,7.71,637.61,20,45
202,205.57,true,55.09,8297,112.32,player-01022,DEF,30,202,200.94,59.7,7.92,518.83,19,45
101,234.54,true,64.86,4564,112.56,player-01023,DEF,30,101,246.46,71.5,6.96,593.57,19,40
133,252.52,true,63.68,5990,115.22,player-01024,MC,30,133,202.29,62.04,7.71,570.03,18,45
153,260.39,true,64.92,6656,114.34,player-01025,MC,30,153,182.99,52.85,5.59,557.72,20,44
80,241.72,true,69.25,3960,111.79,player-01026,DEL,30,80,250.13,72.29,6.27,603.64,17,39
61,249.86,true,64.88,2682,114.73,player-01027,DEF,30,61,260.58,75.34,6.3,625.17,18,42
92,234.23,true,76.21,4350,117.27,player-01028,MC,30,92,245.44,75.98,5.43,596.93,17,32
86,233.97,true,68.79,4151,114.85,player-01029,DEL,30,86,251.4,74.26,7.49,600.22,18,38
225,244.28,true,48.52,9185,112.95,player-01030,DEF,30,225,91.41,28.5,5.51,448.64,19,41
499,197.38,true,85.9,5025,116.55,player-01031,POR,46,187,272.24,79.28,3.84,586.16,17,27
797,217.81,true,67.69,7881,116.27,player-01032,DEF,46,313,197.23,58.42,4.28,531.3,17,29
638,229.3,true,79.14,6372,116.95,player-01033,DEF,46,247,216.86,64.22,4.81,563.11,16,30
530,212.9,true,73.68,5346,113.02,player-01034,MC,46,203,254.93,74.08,4.76,580.84,14,26
544,190.21,true,82.21,5442,118.05,player-01035,MC,46,209,271.19,77.62,3.47,579.46,18,27
623,217.48,true,84.31,6219,113.89,player-01036,DEL,46,241,234.69,73.87,4.43,566.06,16,28
196,188.24,true,90.08,1993,117.19,player-01037,DEF,46,77,333.37,90.24,4.28,638.8,17,29
4,239.73,true,98,88,115.23,player-01038,MC,46,2,356.52,99,4.21,711.48,16,27
,225.93,false,86.88,,117.25,player-01039,DEL,46,,255.83,83.21,3.62,599.01,15,23
42,220.57,true,98,466,118.1,player-01040,DEF,46,26,342.49,99,2.94,681.16,18,25
107,181.41,true,97.49,1013,122.26,player-01041,POR,08,54,357.58,96.44,4.26,661.25,16,24
56,210.72,true,92.38,558,122.09,player-01042,DEF,08,28,344.09,92.8,3.94,676.9,15,21
187,182.6,true,90.75,1775,120.98,player-01043,DEF,08,96,339.36,99,2.52,642.95,16,21
208,219.23,true,88.65,1947,121.53,player-01044,MC,08,109,298.97,89.33,4.76,639.73,17,28
66,211.21,true,98,625,119.33,player-01045,MC,08,34,343.97,99,4.76,674.5,17,28
,198.55,false,98,,125.32,player-01046,DEL,08,,247.02,78.98,3.42,570.89,18,24
146,217.7,true,87.32,1499,121.63,player-01047,DEF,08,73,309.01,84.16,3.64,648.34,13,20
65,210.54,true,98,619,122.16,player-01048,MC,08,33,342.08,99,4.14,674.78,15,25
277,208.65,true,83.91,2538,122.4,player-01049,DEL,08,135,297.06,85.55,3,628.11,15,21
183,196.03,true,93.5,1743,122.8,player-01050,DEF,08,94,324.79,99,4.18,643.62,15,22
1314,216.22,true,64.68,6018,123.97,player-01051,POR,23,85,229.4,69.56,6.54,569.59,26,39
1391,220.12,true,59.64,6400,124.34,player-01052,DEF,23,94,218.06,59.28,3.82,562.53,24,38
1543,244.98,true,55.21,7165,120.76,player-01053,DEF,23,107,183.15,56.07,4.77,548.89,22,41
1311,247.09,true,55.26,5969,124.58,player-01054,MC,23,83,198.76,58.72,5.56,570.43,22,44
1798,213.07,true,49.61,8565,124.6,player-01055,MC,23,136,169.95,48.39,7.62,507.62,23,42
1165,266.89,true,57.68,5219,125.36,player-01056,DEL,23,66,190.65,57.43,4.75,582.89,25,43
1193,234.94,true,61.17,5339,124.64,player-01057,DEF,23,69,221.4,63.73,7.01,580.97,23,45
1257,232.55,true,52.3,5682,122.95,player-01058,MC,23,78,220.08,64.61,5.35,575.59,22,38
88,262.52,true,79.63,248,124.58,player-01059,DEL,23,3,306.83,86.03,4.54,693.92,22,36
1167,237.75,true,59.94,5237,123.43,player-01060,DEF,23,67,221.4,65.35,4.64,582.58,20,33
,195.33,false,68.89,,123.44,player-01061,POR,45,,173.61,56.07,10.07,492.38,23,44
305,183.05,true,86.46,4810,119.13,player-01062,DEF,45,128,287.56,79.56,6.71,589.74,20,40
484,180.92,true,79.12,7842,121.3,player-01063,DEF,45,166,230.46,66.06,7.15,532.68,22,44
190,187.83,true,88.1,3178,123.1,player-01064,MC,45,90,305.47,91.8,10.57,616.4,20,42
340,180.78,true,80.81,5505,123.35,player-01065,MC,45,136,274.45,77.04,9.22,578.58,21,47
490,190.23,true,77.02,7889,119.5,player-01066,DEL,45,169,221.38,70.15,8.72,531.12,22,44
320,177.89,true,80.62,5188,122.27,player-01067,DEF,45,132,283.38,79.42,6.93,583.54,22,46
194,185.9,true,84.58,3243,122.27,player-01068,MC,45,93,307.15,94.21,9.08,615.33,20,43
51,200.38,true,95.03,829,122.86,player-01069,DEL,45,30,343.82,99,8.65,667.06,20,39
224,175.03,true,78.34,3705,122.37,player-01070,DEF,45,101,310.15,89.06,8.89,607.55,20,41
475,229.21,true,53.14,7262,118.26,player-01071,POR,01,93,199.53,56.17,5.99,546.99,22,35
292,238.09,true,59.92,4784,116.06,player-01072,DEF,01,56,235.99,68.43,6.71,590.14,20,40
587,232.63,true,46.45,8599,119.62,player-01073,DEF,01,119,153.44,43.9,4.73,505.69,20,37
385,245.66,true,57.13,5917,117.54,player-01074,MC,01,70,208.27,57.36,7.2,571.47,20,40
669,217.39,true,48.15,9205,118.36,player-01075,MC,01,136,105.63,31.9,4.67,441.38,21,35
563,235.06,true,46.14,8258,118.72,player-01076,DEL,01,115,166.65,53.13,6.96,520.43,20,38
350,242.43,true,57.96,5510,119.87,player-01077,DEF,01,64,216.17,59.12,5.51,578.46,20,39
614,203.43,true,46.39,8836,114.83,player-01078,MC,01,127,173.21,53.41,4.85,491.47,18,34
599,186.31,true,57.62,8705,117.39,player-01079,DEL,01,122,196.39,55.92,6.71,500.08,18,36
466,225.02,true,51.64,7117,118.06,player-01080,DEF,01,91,206.79,57.78,4.51,549.87,18,32
10,258.4,true,95.7,169,115.76,player-01081,POR,13,2,328,95.62,5.33,702.16,13,27
29,247.46,true,84.87,485,113.58,player-01082,DEF,13,3,319.56,87.19,5.7,680.6,12,27
109,231.62,true,81.62,1838,112.86,player-01083,DEF,13,14,297.03,88.34,5.14,641.51,12,24
189,236.25,true,77.16,3170,111.72,player-01084,MC,13,37,268.58,76.91,5.56,616.56,11,24
6,239.03,true,95.01,133,115.31,player-01085,MC,13,1,351.34,98.49,5.14,705.68,13,26
162,246.76,true,85.63,2744,111.82,player-01086,DEL,13,28,265.16,77.9,5.7,623.74,12,27
132,240.44,true,77.1,2226,113.29,player-01087,DEF,13,19,280.11,79.15,4.9,633.83,11,21
338,217.83,true,68.93,5463,113.47,player-01088,MC,13,71,247.87,73.87,4.43,579.16,12,21
336,230.82,true,71.49,5449,110.43,player-01089,DEL,13,70,238.11,71.71,5.74,579.35,11,25
155,225.93,true,76.65,2574,111.06,player-01090,DEF,13,25,290.39,87.46,5.97,627.39,10,24
397,193.82,true,52.48,8988,120.91,player-01091,POR,28,397,164.12,46.46,7.13,478.85,18,35
,190.27,false,48.26,,121.27,player-01092,DEF,28,,200.66,64.68,5.14,512.2,15,30
388,194.04,true,56.78,8766,120.82,player-01093,DEF,28,388,181.35,49.57,5.12,496.21,16,28
265,209.1,true,55.66,6368,121.31,player-01094,MC,28,265,232.72,65.74,5.7,563.14,17,34
401,202.56,true,39.54,9152,120.8,player-01095,MC,28,401,132.89,37.02,7.02,456.26,17,32
404,209.16,true,39.25,9232,121.62,player-01096,DEL,28,404,96.6,28.66,5.85,427.38,17,35
389,197.22,true,50.42,8820,119.7,player-01097,DEF,28,389,175.77,47.58,5.43,492.7,16,34
395,196.34,true,50.82,8984,119.76,player-01098,MC,28,395,163.11,50.58,6,479.22,12,29
385,208.51,true,58.19,8649,121.08,player-01099,DEL,28,385,173.47,49.93,4.49,503.06,13,23
318,210.64,true,65.37,7459,120.48,player-01100,DEF,28,318,211.65,64.05,5.9,542.76,15,31
496,245.66,true,78.94,1897,122.15,player-01101,POR,18,36,272.74,81.93,3.84,640.55,17,27
357,260.84,true,88.27,1250,116.03,player-01102,DEF,18,28,277.75,80.15,5.5,654.62,13,28
300,250.83,true,84.43,1021,117.15,player-01103,DEF,18,23,293.05,84.1,4.37,661.03,15,26
406,250.96,true,84.52,1451,118.68,player-01104,MC,18,32,279.75,83.74,4.76,649.39,14,26
141,232.38,true,96.29,424,119.67,player-01105,MC,18,12,330.97,94.28,4.49,683.02,13,23
593,242.86,true,75.69,2250,121.24,player-01106,DEL,18,41,269.32,81.76,4.58,633.42,15,27
336,224.07,true,86.2,1145,119.83,player-01107,DEF,18,27,313.46,84.85,4.47,657.35,17,30
34,253.15,true,97.75,105,122.68,player-01108,MC,18,3,332.94,93.27,3.34,708.77,17,25
183,260.15,true,81.26,557,120.84,player-01109,DEL,18,16,295.94,84.91,4.21,676.92,16,27
699,232.5,true,83.12,2745,119.53,player-01110,DEF,18,50,271.71,77.54,4.94,623.74,13,25
36,216.13,true,80.39,1231,118.33,player-01111,POR,50,25,320.52,99,6.36,654.99,17,40
94,223.87,true,79.52,2730,117.42,player-01112,DEF,50,54,282.81,84.51,6.93,624.1,16,38
291,222.66,true,53.01,8246,115.37,player-01113,DEF,50,149,182.68,50.62,8.64,520.71,17,43
35,215.59,true,89.97,1224,114.46,player-01114,MC,50,24,325.2,97.57,6.52,655.25,16,39
110,240.53,true,72.39,3054,117.38,player-01115,MC,50,59,260.45,76.03,6.33,618.36,16,42
175,213.72,true,72.65,5059,117.51,player-01116,DEL,50,96,254.37,78.78,8.79,585.59,17,45
149,240.76,true,80.09,4200,118.84,player-01117,DEF,50,83,239.77,71.95,5.7,599.37,16,36
230,243.72,true,61.04,6635,118.28,player-01118,MC,50,121,196.28,58.11,6.87,558.28,16,37
77,218.85,true,76.49,2554,116.02,player-01119,DEL,50,46,292.88,86.8,8.24,627.75,17,38
70,222.13,true,76.79,2326,114.87,player-01120,DEF,50,41,295.02,79.86,8.64,632.01,17,43
453,270.76,true,53.32,5871,115.11,player-01121,POR,15,127,186.47,56.9,4.54,572.35,14,25
420,299.45,true,46.07,5368,120.35,player-01122,DEF,15,119,160.75,43.77,4.07,580.55,17,28
431,307.32,true,50.22,5562,122.26,player-01123,DEF,15,122,148.01,42.23,2.94,577.59,18,25
587,273.13,true,31.44,7759,119.56,player-01124,MC,15,156,142.32,42.78,3.62,535.01,15,23
475,291.77,true,37.75,6188,123.14,player-01125,MC,15,132,151.72,45.63,2.52,566.63,16,21
438,307.73,true,34.95,5637,120.83,player-01126,DEL,15,124,147.73,42.69,3.47,576.29,18,27
459,282.88,true,44.62,5979,119.1,player-01127,DEF,15,128,168.23,48.06,4.14,570.21,15,25
614,287.47,true,31.89,8177,121.65,player-01128,MC,15,158,113.44,34.14,3.18,522.57,16,23
636,283.29,true,40.32,8519,120.19,player-01129,DEL,15,164,106.58,31.13,3.34,510.05,17,25
512,287.31,true,47.08,6583,121.27,player-01130,DEF,15,143,150.63,46.63,2.64,559.2,18,24
90,159.44,true,83.67,5717,116.3,player-01131,POR,07,90,299.05,83.32,5.14,574.79,11,22
107,144.69,true,83.63,6577,115.17,player-01132,DEF,07,107,299.41,93.3,5.14,559.27,12,24
68,164.32,true,98,4663,112.6,player-01133,DEF,07,68,315.05,99,5.91,591.96,11,26
55,178.18,true,92.84,4156,115.15,player-01134,MC,07,55,306.81,88.87,4.9,600.13,11,21
154,166.78,true,83.49,8753,115.23,player-01135,MC,07,154,215.01,64.3,5.14,497.01,11,22
150,150.77,true,72.55,8666,115.26,player-01136,DEL,07,150,236.11,68.7,5.14,502.15,11,22
117,183.47,true,83.17,6976,109.08,player-01137,DEF,07,117,259.51,77.87,5.64,552.07,9,20
127,160,true,93.45,7569,115.96,player-01138,MC,07,127,264.43,83.83,4.9,540.39,11,21
92,153.61,true,92.72,5744,114.21,player-01139,DEL,07,92,306.64,89.09,3.72,574.46,12,18
148,155.68,true,72.6,8623,113.14,player-01140,DEF,07,148,235.75,74.61,5.14,504.57,12,24
34,241.29,true,88.03,808,109.81,player-01141,POR,01,2,316.66,90.44,3.78,667.76,21,33
81,266.15,true,76.96,1536,112.5,player-01142,DEF,01,9,269.06,77.46,4.82,647.7,21,36
128,252.47,true,75.27,2343,110.25,player-01143,DEF,01,18,269.07,76.79,4.34,631.78,21,33
214,258.08,true,78.38,3696,112.63,player-01144,MC,01,37,236.91,68.49,4.96,607.61,24,39
82,243.12,true,74.88,1563,114.32,player-01145,MC,01,10,289.92,80.68,4.29,647.36,20,31
183,265.54,true,65.44,3272,112.59,player-01146,DEL,01,30,236.71,67.82,5.09,614.84,20,32
148,258.91,true,69.8,2633,113.45,player-01147,DEF,01,26,253.8,72.05,3.71,626.16,25,36
178,251.26,true,68.52,3137,110.95,player-01148,MC,01,27,254.83,68.98,4.33,617.03,23,33
84,274.62,true,74.76,1608,112.06,player-01149,DEL,01,11,259.56,71.24,4.01,646.24,19,31
95,268.06,true,83.49,1756,114.76,player-01150,DEF,01,12,260.6,77.77,3.53,643.41,23,32
536,189.36,true,78.67,4915,119.43,player-01151,POR,08,241,279.25,81.78,4.25,588.04,27,39
230,205.47,true,88.45,2100,122.8,player-01152,DEF,08,118,308.31,86.42,4.2,636.58,25,35
410,225.93,true,79.31,3872,120.76,player-01153,DEF,08,188,258.32,75.57,4.32,605.01,25,36
29,223.32,true,94.06,261,120.76,player-01154,MC,08,10,349.32,99,4.29,693.4,25,36
711,201.21,true,64.72,6472,119.13,player-01155,MC,08,321,240.85,66.43,4.16,561.18,25,35
261,177.54,true,89.54,2415,120.35,player-01156,DEL,08,129,332.59,89.7,4.5,630.48,26,39
485,206.13,true,88.88,4586,120.85,player-01157,DEF,08,220,266.21,77.57,4.6,593.18,24,36
124,188.2,true,98,1178,121.28,player-01158,MC,08,61,347.09,98.8,2.79,656.56,25,34
329,197.37,true,81.55,3148,121.68,player-01159,DEL,08,155,297.81,80.32,4.56,616.85,26,39
176,214.71,true,80.21,1714,119.23,player-01160,DEF,08,90,310.1,91.56,3.98,644.03,23,34
100,248,true,83.63,1082,116.54,player-01161,POR,46,45,294.64,87.52,4.51,659.18,18,32
163,269.78,true,73.46,1700,113.54,player-01162,DEF,46,65,260.89,78.23,5.88,644.21,21,36
540,234.02,true,66.34,5426,116.45,player-01163,DEF,46,207,229.22,67.4,5.66,579.69,23,38
794,238.84,true,51.67,7852,115.65,player-01164,MC,46,312,177.89,51.59,5.83,532.38,20,34
748,209.28,true,60.26,7400,116.84,player-01165,MC,46,294,217.84,59.34,4.09,543.96,23,38
333,262.09,true,67.16,3408,114.96,player-01166,DEL,46,134,235.54,64.7,5.5,612.6,23,37
754,196.22,true,72.34,7480,116.26,player-01167,DEF,46,296,229.83,71.09,4.35,542.31,22,38
155,242.93,true,86.39,1588,115.48,player-01168,MC,46,62,288.27,83.39,4.76,646.68,21,39
221,245.45,true,74.11,2345,115.11,player-01169,DEL,46,88,271.19,80.23,3.47,631.76,22,33
299,209.4,true,85.62,3084,117.49,player-01170,DEF,46,120,291.05,89.07,3.58,617.94,21,32
623,231.86,true,80.08,2387,120.21,player-01171,POR,11,136,278.9,76.6,5.46,630.96,25,40
208,242.07,true,97.62,657,122.44,player-01172,DEF,11,39,308.65,94.05,3.3,673.15,26,38
1008,228.9,true,77.05,4401,122.18,player-01173,DEF,11,206,244.92,71.78,5.37,595.99,26,41
11,260.27,true,94.07,35,120.22,player-01174,MC,11,1,346.64,93.49,3.95,727.13,26,42
289,225.1,true,97.6,984,123.2,player-01175,MC,11,60,313.75,97.61,3.8,662.06,26,41
226,254.39,true,92.18,712,120.94,player-01176,DEL,11,43,295.87,86.34,4.14,671.2,24,40
177,230.22,true,87.83,537,120.22,player-01177,DEF,11,30,327.36,94.17,5.86,677.81,24,41
107,220.92,true,98,293,122.29,player-01178,MC,11,15,347.81,94.15,5.04,691.02,22,33
93,229.65,true,98,257,123.06,player-01179,DEL,11,13,340.78,95.95,3,693.49,25,35
70,254.95,true,92.84,196,120.77,player-01180,DEF,11,8,322.87,94.88,4.19,698.59,22,37
256,224.95,true,70.41,2358,121.29,player-01181,POR,17,47,285.26,77.43,2.41,631.5,17,22
583,235.06,true,57.58,5276,120.78,player-01182,DEF,17,107,226.09,63.56,3.06,581.93,17,24
867,220.5,true,64.84,8068,118.61,player-01183,DEF,17,163,186.81,56.24,3.32,525.92,15,22
879,206.91,true,59.52,8185,121.56,player-01184,MC,17,167,193.94,60.22,3.22,522.4,18,26
851,218.47,true,55.19,7944,120.84,player-01185,MC,17,153,190.06,54.18,2.87,529.38,16,22
942,203.54,true,48.61,8895,117.34,player-01186,DEL,17,181,166.1,47.85,3.74,486.97,16,25
518,197.11,true,73.52,4803,119.37,player-01187,DEF,17,99,273.4,79.28,3.62,589.87,15,23
871,186.85,true,65.68,8116,120.01,player-01188,MC,17,165,217.89,62.89,3.6,524.75,17,26
917,211.36,true,62.99,8553,120.83,player-01189,DEL,17,176,175.79,51.52,2.94,507.98,18,25
753,206.91,true,65.13,6942,118.21,player-01190,DEF,17,132,227.62,63.26,3.74,552.75,16,25
1795,187.35,true,58.34,8535,124.02,player-01191,POR,29,347,197.74,55.3,3.99,509.1,24,39
1198,181.12,true,76.47,5381,123.99,player-01192,DEF,29,262,275.17,75.68,5.04,580.28,24,36
1781,180.36,true,67.54,8451,122.84,player-01193,DEF,29,345,209.4,63.16,3.75,512.6,23,36
1591,182.83,true,70.64,7469,124.3,player-01194,MC,29,310,235.38,67.35,7.67,542.5,23,41
1592,171.94,true,69.32,7477,125.03,player-01195,MC,29,311,245.43,66.61,7.53,542.4,23,40
1662,198.23,true,57.35,7834,125.95,player-01196,DEL,29,322,208.69,56.49,5.32,532.87,23,36
1777,210.28,true,46.51,8427,124.18,player-01197,DEF,29,343,179.34,51.54,8.04,513.8,22,42
1571,190.02,true,67.24,7369,123.43,player-01198,MC,29,307,231.31,68.25,5.66,544.76,23,38
1775,189.23,true,67.33,8425,121.67,player-01199,DEL,29,342,203.04,61.79,5.71,513.95,21,35
1231,192.61,true,78.63,5536,123.87,player-01200,DEF,29,268,261.65,76.4,3.92,578.13,23,37
,238.96,true,53.36,7531,119.54,player-01201,POR,51,77,182.76,50.42,6.38,541.26,15,35
,239.2,true,49.64,7255,118.09,player-01202,DEF,51,70,189.86,55.51,8.21,547.14,14,40
,267.54,true,61.01,3153,118.82,player-01203,DEF,51,38,230.42,62.74,7.36,616.79,15,40
,228.97,true,68.29,6505,120.78,player-01204,MC,51,63,210.87,62,8.75,560.62,15,37
,247,true,60.08,6957,119.1,player-01205,MC,51,67,186.28,54.23,6.52,552.38,16,39
,254.56,true,49.31,7676,118.66,player-01206,DEL,51,81,164.04,50.31,9.15,537.25,14,39
,263.87,true,66.24,1592,119.24,player-01207,DEF,51,21,263.45,75.56,8.09,646.57,15,36
,218.61,true,67.13,4462,119.54,player-01208,MC,51,46,256.94,72.98,6.5,595.09,15,36
,233.06,true,64.24,6204,115.52,player-01209,DEL,51,58,217.77,62.18,6.96,566.34,14,38
,217.58,true,64.71,8288,122.02,player-01210,DEF,51,90,179.56,54.87,8.02,519.16,16,38
434,225.36,true,64.73,5604,113.91,player-01211,POR,36,91,237.62,64.97,5.59,576.9,15,33
609,216.78,true,59.93,8124,111.23,player-01212,DEF,36,164,196.36,57.53,4.76,524.37,14,26
531,211.58,true,58.58,6943,114.27,player-01213,DEF,36,132,226.87,65.23,5.14,552.72,15,30
611,171.52,true,63.43,8154,111.49,player-01214,MC,36,166,240.32,68.02,5.14,523.34,12,24
496,231.78,true,52.14,6432,114.47,player-01215,MC,36,116,215.63,59.35,5.14,561.88,15,30
654,202.69,true,60.21,8686,113.8,player-01216,DEL,36,187,184.52,54.89,5.76,501.01,14,32
272,207.97,true,74.63,3376,114.5,player-01217,DEF,36,44,290.64,79.61,5.3,613.11,15,31
542,190.47,true,61.2,7081,115.8,player-01218,MC,36,137,244.2,73.05,4.43,550.47,16,28
345,178.36,true,75.62,4372,116.45,player-01219,DEL,36,64,301.69,85.41,4.58,596.49,15,27
676,182.1,true,61.06,9054,114.69,player-01220,DEF,36,199,176.68,51.63,4.94,473.48,13,25
512,193.23,true,58.46,7730,116,player-01221,POR,48,290,226.43,62.83,4.34,535.67,14,20
639,180.54,true,56.1,9026,118.53,player-01222,DEF,48,364,176.92,51.73,3.37,475.99,15,19
585,170.31,true,59.4,8549,117.53,player-01223,DEF,48,336,220.4,63.12,4.2,508.23,13,18
584,193.38,true,57.31,8521,116.77,player-01224,MC,48,335,199.79,57.77,0.81,509.94,14,15
651,178.68,true,55.13,9086,114.95,player-01225,MC,48,369,175.56,53.16,4.47,469.19,12,17
543,188.92,true,58.25,8047,119.18,player-01226,DEL,48,307,218.28,61.8,3.58,526.39,16,21
,195.45,false,58.5,,113.31,player-01227,DEF,48,,212.33,60.35,3.52,521.08,12,15
552,182.55,true,68.43,8164,115.45,player-01228,MC,48,311,225.03,67.78,3.1,523.03,14,17
533,191.23,true,59.5,7955,117.15,player-01229,DEL,48,301,220.7,63.33,3.93,529.08,16,22
581,194.23,true,60.38,8480,117.98,player-01230,DEF,48,333,199.16,58.48,2.25,511.37,15,19
378,238.55,true,67.54,4425,117.28,player-01231,POR,42,48,239.72,70.23,6.81,595.55,11,33
516,225.32,true,78.08,5769,117.08,player-01232,DEF,42,65,231.57,76.1,7.41,573.97,9,33
761,238.96,true,63.05,8403,111.98,player-01233,DEF,42,80,163.91,50.37,7.28,514.86,10,35
206,238.3,true,72.69,2714,115.61,player-01234,MC,42,25,270.53,80.85,6.9,624.45,11,34
326,239.91,true,70.98,3862,114.13,player-01235,MC,42,41,251.11,70.94,7.25,605.15,11,38
125,244.59,true,85.8,1828,117.31,player-01236,DEL,42,17,279.87,84.24,6.59,641.78,11,31
362,249.49,true,76.92,4227,117.28,player-01237,DEF,42,47,232.19,70.7,7.17,598.95,11,37
136,231.85,true,84.17,1927,113.7,player-01238,MC,42,18,294.58,89.66,7.11,640.13,10,33
168,239.3,true,90.2,2279,115.8,player-01239,DEL,42,21,277.68,88.02,6.39,632.78,9,24
719,203.37,true,64.1,7892,117.44,player-01240,DEF,42,77,210.01,61.5,7.24,530.83,9,31
477,211.7,true,79.71,4774,119.73,player-01241,POR,12,96,258.89,78.41,5.28,590.32,17,27
275,229.51,true,72.68,2876,115.62,player-01242,DEF,12,55,276.51,78.88,5.69,621.64,13,25
644,194.6,true,72.6,6407,118.35,player-01243,DEF,12,138,249.44,69.69,5.51,562.39,17,28
158,224.29,true,87.69,1649,120.59,player-01244,MC,12,32,300.58,88.2,4.54,645.46,17,27
483,245.77,true,64.82,4861,119.98,player-01245,MC,12,98,223.16,61.42,4.94,588.91,17,29
191,231.07,true,82.17,1938,119.75,player-01246,DEL,12,41,289.12,83.91,3.84,639.94,17,27
139,238.2,true,78.67,1465,120.17,player-01247,DEF,12,26,290.83,82.24,4.6,649.2,18,29
115,238.99,true,83.15,1206,119.41,player-01248,MC,12,20,297.31,84.73,5.29,655.71,16,29
351,217.47,true,84.03,3615,119.98,player-01249,DEL,12,72,271.5,82.02,4.97,608.96,15,29
31,244.93,true,81.27,350,118.63,player-01250,DEF,12,2,323.92,99,4.23,687.47,13,22
642,192.97,true,57.31,8566,120.97,player-01251,POR,36,181,193.67,59.82,5.39,507.61,18,34
679,192.74,true,46.51,9113,121.51,player-01252,DEF,36,201,149.82,43.28,5,464.07,19,37
554,171.47,true,70.07,7267,120.35,player-01253,DEF,36,142,255.07,74.11,5.53,546.88,18,35
635,193.02,true,60.17,8495,118.75,player-01254,MC,36,177,199.14,60.19,6,510.91,18,39
620,181.45,true,54.51,8261,118.79,player-01255,MC,36,172,220.13,62.09,5.86,520.37,19,40
454,176.11,true,76.49,5872,121.44,player-01256,DEL,36,100,274.78,74.38,5.38,572.33,19,36
564,193.49,true,64.13,7435,115.85,player-01257,DEF,36,146,233.96,64.76,5.29,543.3,16,33
577,214.85,true,54.36,7648,115.59,player-01258,MC,36,152,207.57,60.09,5.43,538.02,16,34
657,190.74,true,54.66,8741,117.92,player-01259,DEL,36,189,189.42,55.03,5.43,498.08,16,34
613,178.38,true,68.39,8173,117.2,player-01260,DEF,36,167,227.13,67.87,5.14,522.72,17,34
76,232.32,true,53.5,5103,120.15,player-01261,POR,07,76,232.45,68.02,4.56,584.93,17,27
162,216.32,true,49.63,9098,119.48,player-01262,DEF,07,162,130.79,40.14,4.92,466.6,15,25
105,243.76,true,57.53,6565,116.19,player-01263,DEF,07,105,199.5,61.65,5.5,559.45,16,30
139,247.9,true,51.27,8230,118.57,player-01264,MC,07,139,154.65,46.37,6.57,521.12,17,29
62,238.15,true,67.75,4351,121.05,player-01265,MC,07,62,237.73,68.47,3.47,596.93,16,24
133,233.4,true,59.49,7766,118.74,player-01266,DEL,07,133,182.75,54.85,5.15,534.9,16,28
16,219.08,true,79.24,1663,119.61,player-01267,DEF,07,16,306.46,84.11,5,645.15,16,27
118,238.1,true,46.98,7004,115.65,player-01268,MC,07,118,197.99,61.37,4.49,551.74,13,23
66,257.93,true,68.26,4611,117.79,player-01269,DEL,07,66,217.12,61.82,5.33,592.85,15,27
163,182.15,true,51.99,9199,112.77,player-01270,DEF,07,163,148.18,44.98,6.14,443.1,10,20
39,283.22,true,82.19,117,125.59,player-01271,POR,21,8,298.35,83.7,6.83,707.16,24,41
114,250.04,true,88.89,335,125.17,player-01272,DEF,21,16,312.79,88.69,6.48,688,28,41
200,292.64,true,86.13,618,123.32,player-01273,DEF,21,27,258.84,77.96,3.71,674.8,27,42
465,217.15,true,81.14,1762,122.59,player-01274,MC,21,48,303.51,82.64,5.18,643.24,24,39
,244.63,false,76.57,,125.74,player-01275,MC,21,,220.74,72.26,7.38,591.11,24,40
162,281.11,true,82.51,496,122.89,player-01276,DEL,21,22,275.97,83.16,5.22,679.98,26,45
588,270.04,true,69.52,2239,124.02,player-01277,DEF,21,57,239.56,65.67,7.25,633.63,26,43
353,256.49,true,78.63,1226,125.38,player-01278,MC,21,37,273.25,77.81,5.71,655.12,26,37
3,301.99,true,97.26,7,126.68,player-01279,DEL,21,1,319.03,94.06,6.33,747.7,29,42
87,284.06,true,80.51,241,124.23,player-01280,DEF,21,14,286.1,77.9,4.36,694.39,27,40
110,278.47,true,45.14,6182,115.79,player-01281,POR,31,110,172.42,52.35,5.27,566.68,18,33
117,264.86,true,45.96,6657,115.54,player-01282,DEF,31,117,177.31,49.98,5.28,557.71,17,35
45,266.33,true,62.23,2636,116.77,player-01283,DEF,31,45,243.02,72.87,7.31,626.13,17,34
152,261.87,true,34.39,8339,117.69,player-01284,MC,31,152,137.39,41.39,5.48,516.95,15,28
149,276.73,true,39,8254,120.85,player-01285,MC,31,149,122.98,38.69,6.57,520.56,18,31
97,264.7,true,50.31,5633,117.2,player-01286,DEL,31,97,194.44,57.58,6.72,576.33,19,34
154,252.61,true,49.63,8379,117.19,player-01287,DEF,31,154,145.76,42.19,6.7,515.56,20,36
132,258.59,true,45.61,7203,118.71,player-01288,MC,31,132,170.93,47.07,6.86,548.23,18,33
156,262.6,true,37.38,8407,120.44,player-01289,DEL,31,156,131.59,35.62,4.76,514.62,14,26
174,253.36,true,38.74,9089,118.64,player-01290,DEF,31,174,96.26,29.04,4.07,468.27,17,28
517,236.31,true,54.3,8785,123.72,player-01291,POR,35,391,135,41.06,3.24,495.03,20,29
537,248.7,true,50.34,9173,119.91,player-01292,DEF,35,403,82.79,25,5.65,451.4,20,33
378,227.13,true,71.15,6324,121.14,player-01293,DEF,35,283,215.88,62.51,6.58,564.15,19,37
205,240.21,true,68.36,3400,121.03,player-01294,MC,35,157,251.45,70.92,6.28,612.69,19,35
356,271.8,true,57.51,6046,120.73,player-01295,MC,35,262,176.54,52.23,3.93,569.07,18,29
381,210.22,true,61.89,6350,118.5,player-01296,DEL,35,286,234.72,63.98,4.66,563.43,17,31
289,223.21,true,64.17,4776,119.28,player-01297,DEF,35,212,247.82,69.2,4.08,590.31,20,33
135,258.12,true,60.56,2231,120.24,player-01298,MC,35,108,255.36,78.36,3.93,633.72,18,29
376,242.24,true,67.39,6306,121.08,player-01299,DEL,35,281,201.07,59.76,6.09,564.4,18,32
388,239.22,true,56.72,6433,117.95,player-01300,DEF,35,292,204.72,55.76,4.66,561.88,17,31
518,215.18,true,46.61,7795,115.57,player-01301,POR,20,121,203.34,60.43,4.14,534.09,21,35
654,219.44,true,48.31,9109,118.45,player-01302,DEF,20,152,126.84,39.05,4.03,464.74,22,36
,223.05,false,62.58,,117.71,player-01303,DEF,20,,128.49,41.62,3.81,469.25,19,30
623,209.42,true,41.25,8903,119.74,player-01304,MC,20,139,157.26,42.57,3.58,486.43,21,32
621,196.7,true,45.84,8891,118.66,player-01305,MC,20,138,172.09,46.73,3.96,487.45,21,34
619,207.42,true,49.43,8871,120.99,player-01306,DEL,20,137,160.45,49.33,3.24,488.86,20,29
596,204.15,true,60.63,8671,116.68,player-01307,DEF,20,133,181.1,50.36,3.89,501.92,20,32
652,218.46,true,44.47,9104,117.75,player-01308,MC,20,151,129.33,37.64,4.03,465.54,22,36
626,229.9,true,37.95,8937,118.96,player-01309,DEL,20,141,135.04,37,2.9,483.91,21,29
568,213.51,true,62.44,8309,116.6,player-01310,DEF,20,131,188.04,55.79,3.96,518.15,21,34
171,219.38,true,56.49,8463,118.15,player-01311,POR,10,95,174.71,53.86,5.47,512.24,14,30
151,215.31,true,56.7,7679,116.47,player-01312,DEF,10,88,205.33,62.11,6.32,537.11,13,34
176,213.74,true,52.35,8768,119.09,player-01313,DEF,10,97,163.32,49.19,5.85,496.15,12,28
187,207.91,true,55.18,9097,117.46,player-01314,MC,10,99,141.24,42.74,5.7,466.62,12,27
118,227.8,true,60.73,6363,116.55,player-01315,MC,10,72,218.88,61.71,6.08,563.24,13,32
140,242.53,true,57.11,7052,118.87,player-01316,DEL,10,81,189.45,51.48,6.02,550.84,14,34
69,271.53,true,67.55,3616,116.64,player-01317,DEF,10,45,220.76,64.3,5.95,608.94,13,31
111,244.66,true,59.32,5918,118.68,player-01318,MC,10,68,208.12,56.77,5.33,571.46,13,27
79,246.65,true,68.36,4136,116.56,player-01319,DEL,10,49,237.22,69.58,5.95,600.43,13,31
162,244.67,true,61.71,8086,118.46,player-01320,DEF,10,90,162.4,46.97,5.47,525.53,14,30
736,206.5,true,80.44,2936,117.31,player-01321,POR,41,136,296.48,88.97,3.47,620.29,22,33
398,201.49,true,88.7,1424,118.72,player-01322,DEF,41,73,329.89,88.97,6.62,650.1,20,30
530,195.11,true,85.74,2018,120.36,player-01323,DEF,41,100,322.85,94.3,5.35,638.33,21,33
124,234.59,true,98,368,115.95,player-01324,MC,41,19,335.58,99,6.62,686.12,22,33
714,219.37,true,94.62,2840,119.34,player-01325,MC,41,133,283.45,84.01,3.14,622.16,21,30
618,218.34,true,91.12,2361,116.04,player-01326,DEL,41,115,297.1,83.34,5.71,631.48,21,35
627,227.51,true,80.59,2416,120.68,player-01327,DEF,41,116,282.28,87.75,7,630.47,22,35
509,241.6,true,78.75,1929,121.67,player-01328,MC,41,94,276.79,80.2,5.58,640.06,19,31
680,231.21,true,74.1,2658,118.92,player-01329,DEL,41,127,275.55,75.63,5.04,625.68,22,33
585,211.07,true,92.44,2220,117.49,player-01330,DEF,41,110,305.31,87.29,3.47,633.88,22,33
850,138.94,true,70.63,8537,118.05,player-01331,POR,03,341,252.02,73.39,3.38,509,25,37
841,190.18,true,63.61,8441,122.42,player-01332,DEF,03,337,200.41,55.78,5.14,513.01,23,35
893,147.71,true,76.89,9006,119.27,player-01333,DEF,03,357,210.26,61.62,5.83,477.23,26,41
717,158.26,true,73.81,7148,120.25,player-01334,MC,03,289,270.82,74.73,6.13,549.33,26,43
605,152.03,true,78.4,6020,118.86,player-01335,MC,03,245,298.68,90.49,6.17,569.57,23,38
513,152.66,true,81.46,5154,121.3,player-01336,DEL,03,217,310.14,95.64,5.89,584.1,27,43
650,166.98,true,77.77,6520,119.82,player-01337,DEF,03,260,273.52,74.73,5.2,560.33,28,40
446,205.65,true,81.48,4489,120.7,player-01338,MC,03,187,268.31,83.27,4.54,594.65,21,34
603,200.45,true,74.75,6009,119.3,player-01339,DEL,03,244,250.01,71.14,2.64,569.76,24,32
813,177.43,true,78.1,8138,116.33,player-01340,DEF,03,322,230.13,67.36,3.85,523.89,19,27
23,216.21,true,89.68,377,119.37,player-01341,POR,45,15,350.02,99,4.54,685.6,14,25
271,207.49,true,71.09,4386,119.93,player-01342,DEF,45,118,268.81,78.16,4.14,596.23,15,25
431,243.18,true,60.27,6931,119.29,player-01343,DEF,45,154,190.4,55.16,4.76,552.87,14,26
168,208.81,true,80.78,2821,121.53,player-01344,MC,45,85,292.06,82.91,3.74,622.4,16,25
124,220.67,true,84.76,2129,121.69,player-01345,MC,45,64,293.6,84.62,4.37,635.96,15,26
47,215.77,true,89.63,795,118.54,player-01346,DEL,45,27,333.94,92.7,4.98,668.25,16,31
115,221.63,true,83.3,1948,119.59,player-01347,DEF,45,60,298.51,84.02,4.54,639.73,14,25
193,204.22,true,76.9,3198,120.32,player-01348,MC,45,92,291.53,79.22,4.37,616.07,15,26
261,220.3,true,68.11,4260,121.14,player-01349,DEL,45,113,256.98,72.48,3.99,598.42,16,26
272,235.23,true,67.13,4413,120.64,player-01350,DEF,45,119,239.9,65.32,3.78,595.76,14,22
5,264.67,true,93.1,231,109.42,player-01351,POR,44,1,321.29,93.4,7.49,695.38,13,33
79,226.53,true,92.03,2581,112.26,player-01352,DEF,44,20,288.51,83.49,7.91,627.3,13,37
23,242.45,true,86.34,903,109.88,player-01353,DEF,44,5,312.42,89.24,8.5,664.75,11,35
40,229.58,true,88.11,1315,109.34,player-01354,MC,44,9,314.04,95.17,7.89,652.97,12,33
7,231.08,true,98,302,109.66,player-01355,MC,44,2,349.85,99,7.71,690.59,13,35
73,225.42,true,94.25,2420,113.52,player-01356,DEL,44,19,291.44,88.06,6.78,630.39,13,28
19,242.77,true,83.43,825,111.29,player-01357,DEF,44,4,313.14,90.17,8.19,667.2,12,36
15,232.07,true,98,726,108.97,player-01358,MC,44,3,329.69,96.99,7.71,670.74,13,35
63,253.81,true,83.42,2041,109.77,player-01359,DEL,44,16,274.19,79.91,7.49,637.77,13,33
90,222.29,true,78.84,2669,113.98,player-01360,DEF,44,22,289.22,89.59,7.39,625.49,12,29
923,262.12,true,60.7,3933,121.44,player-01361,POR,11,194,220.5,61.66,3.47,604.06,18,27
614,259.72,true,63.76,2340,121.67,player-01362,DEF,11,134,250.41,68.94,2.55,631.8,22,29
780,251.77,true,74.17,3171,121.28,player-01363,DEF,11,167,243.52,69.63,3.34,616.56,17,25
351,273.38,true,75.81,1218,120.26,player-01364,MC,11,71,261.72,81.35,2.64,655.36,21,28
675,276.72,true,63.38,2608,120.85,player-01365,MC,11,146,229.03,61.77,2.9,626.6,21,29
549,248.12,true,72.83,2102,121.89,player-01366,DEL,11,121,266.54,79.58,2.83,636.55,19,26
1143,231.84,true,61.81,5133,122.15,player-01367,DEF,11,232,230.4,62.14,2.83,584.39,19,26
564,246,true,69.78,2147,122.84,player-01368,MC,11,125,266.69,74.54,2.45,635.53,20,26
290,257.59,true,76.67,988,119.99,player-01369,DEL,11,61,284.33,76.87,3.47,661.91,14,21
790,247.79,true,69.48,3234,124.34,player-01370,DEF,11,168,243.34,67.25,2.45,615.47,20,26
1059,191.85,true,84.66,4700,124.08,player-01371,POR,21,108,275.49,82.44,7.13,591.42,23,41
443,195.54,true,98,1653,123.27,player-01372,DEF,21,45,326.55,96.24,6.72,645.36,23,38
886,189.08,true,98,3718,121.17,player-01373,DEF,21,85,297.09,93.53,5.13,607.34,21,38
43,226.01,true,98,124,123.7,player-01374,MC,21,9,356.9,96.61,7.21,706.61,21,38
73,210.74,true,97.26,209,123.29,player-01375,MC,21,13,363.22,98.32,6.46,697.25,25,40
681,207.89,true,84.57,2663,123.78,player-01376,DEL,21,66,293.94,82.91,6.97,625.61,24,42
220,222.21,true,89.52,688,123.34,player-01377,DEF,21,28,326.64,90.86,6.14,672.18,24,36
1091,231,true,66.41,4874,124.08,player-01378,MC,21,110,233.63,71.49,6.73,588.71,22,36
1015,193.78,true,81.53,4454,125.43,player-01379,DEL,21,99,275.95,80.35,6.06,595.15,23,37
452,221.42,true,92.66,1699,124.58,player-01380,DEF,21,46,298.25,89.18,4.62,644.25,25,38
22,244.97,true,78.12,1091,116.59,player-01381,POR,31,22,297.11,85.98,5.31,658.67,14,29
2,262.61,true,87.65,95,115.67,player-01382,DEF,31,2,332.06,96.35,5.76,710.34,14,32
55,254.46,true,85.88,3102,117.12,player-01383,DEF,31,55,245.96,74.67,6.14,617.54,14,35
12,256.67,true,85,354,116.78,player-01384,MC,31,12,313.68,90.04,5.66,687.13,13,29
47,254.32,true,71.35,2654,115.04,player-01385,MC,31,47,256.52,73.56,5.73,625.88,15,34
13,274.07,true,77.76,367,116.23,player-01386,DEL,31,13,295.85,84.02,4.97,686.15,15,29
39,265.03,true,73.33,2241,115.68,player-01387,DEF,31,39,252.86,72.45,6.09,633.57,15,37
90,249.67,true,76.95,5441,117.39,player-01388,MC,31,90,212.42,67.63,6,579.48,12,29
57,259.27,true,67.32,3166,114.72,player-01389,DEL,31,57,242.61,69.29,5.9,616.6,14,33
33,245.25,true,80.7,1974,113.32,player-01390,DEF,31,33,280.53,79.16,5.33,639.11,13,27
71,256.31,true,85.44,1104,119.86,player-01391,POR,42,10,282.25,84.51,6.88,658.42,15,33
296,249.35,true,76.77,3559,120.04,player-01392,DEF,42,36,240.61,70.97,6.64,610,14,28
159,222.04,true,84.58,2200,119.76,player-01393,DEF,42,20,292.53,85.85,6.6,634.33,16,34
21,263.11,true,86.64,373,121.92,player-01394,MC,42,3,300.64,91.77,5.69,685.68,15,29
668,224.59,true,70.83,7359,119.4,player-01395,MC,42,73,200.97,61.61,8.32,544.96,14,29
474,215.7,true,75.47,5332,120.21,player-01396,DEL,42,58,245.13,69.94,7.52,581.04,15,31
507,226.85,true,72.14,5712,119.93,player-01397,DEF,42,61,228.12,66.93,7.2,574.9,14,31
494,238.5,true,88.65,5586,119.68,player-01398,MC,42,60,218.95,68.4,7.31,577.12,14,27
57,258.34,true,79.87,911,119.54,player-01399,DEL,42,8,286.52,81.38,4.95,664.4,14,27
286,282.77,true,79.48,3445,121.12,player-01400,DEF,42,33,208.21,66.63,4.92,612.1,15,25
442,250.36,true,59.41,7150,114.35,player-01401,POR,16,33,184.59,54.05,8.71,549.31,15,50
514,231.19,true,45.05,8324,117.39,player-01402,DEF,16,41,169.01,48.07,8.22,517.59,15,43
503,221.12,true,50.71,8099,114,player-01403,DEF,16,39,190.1,52.37,9.59,525.22,14,48
553,223.23,true,47.27,8865,111.4,player-01404,MC,16,46,154.86,47.29,9.55,489.49,14,47
372,248.48,true,65.18,6011,108.91,player-01405,MC,16,27,212.36,60.8,9.24,569.75,13,45
404,237.48,true,62.89,6544,112.72,player-01406,DEL,16,30,209.63,60.57,9.15,559.83,15,51
296,243.66,true,64.33,4675,112.65,player-01407,DEF,16,20,235.48,65.44,7.42,591.78,13,41
294,244.68,true,68.34,4656,110.78,player-01408,MC,16,19,236.66,66.32,9.14,592.12,13,43
504,207.29,true,57.85,8111,109.55,player-01409,DEL,16,40,208.04,61.19,9.55,524.88,14,47
373,202.14,true,61.15,6017,110.72,player-01410,DEF,16,28,256.75,80.46,8.67,569.61,14,46
653,214.29,true,67.63,5944,120.17,player-01411,POR,08,295,236.42,66.89,4.84,570.89,21,36
708,181.14,true,86.24,6467,120.97,player-01412,DEF,08,320,259.15,73.43,3.17,561.25,23,33
841,197.91,true,81.35,7819,121.15,player-01413,DEF,08,377,214.34,64.01,2.72,533.4,23,31
38,234.14,true,89.83,352,119.62,player-01414,MC,08,19,333.55,90.29,6.27,687.31,22,37
550,216.62,true,66.73,5012,121.3,player-01415,MC,08,247,248.39,71.17,5.56,586.31,24,36
552,206.22,true,73.8,5026,117.84,player-01416,DEL,08,248,262.11,76.9,3.28,586.16,24,35
524,197.34,true,70.56,4862,120.35,player-01417,DEF,08,236,271.22,80.74,3.67,588.91,22,34
731,196.13,true,69.57,6618,119.57,player-01418,MC,08,329,242.94,69.28,2.95,558.64,23,32
629,169.25,true,81.54,5785,116.85,player-01419,DEL,08,286,287.64,82.57,6.23,573.74,20,33
243,211.61,true,88.32,2262,121.18,player-01420,DEF,08,122,300.36,84.49,4.71,633.15,22,37
526,233.87,true,43.56,8526,116.68,player-01421,POR,13,125,159.13,45.46,6.52,509.68,11,25
518,229.81,true,49.28,8395,115.75,player-01422,DEF,13,122,169.56,46.61,5.14,515.12,11,22
211,260.86,true,66.42,3478,119.51,player-01423,DEF,13,38,231.22,64.72,6.05,611.58,13,27
232,249.46,true,66,3804,115.88,player-01424,MC,13,46,240.79,72.85,5.66,606.13,13,29
542,272.43,true,44.12,8763,118.67,player-01425,MC,13,131,105.53,31.35,5.34,496.64,12,25
426,238.86,true,58.44,6874,118.35,player-01426,DEL,13,99,196.64,61.26,5.34,553.85,12,25
420,257.76,true,55.56,6798,119.47,player-01427,DEF,13,96,178.24,52.87,6.19,555.47,13,28
402,251.26,true,48.61,6532,119.08,player-01428,MC,13,89,189.78,51.57,6.09,560.12,12,25
220,268.87,true,67.71,3629,116.36,player-01429,DEL,13,41,223.45,64.96,6.34,608.67,11,24
533,246.54,true,38.03,8630,119.69,player-01430,DEF,13,130,137.83,40.02,5.65,504.06,14,27
46,258.07,true,98,799,119.73,player-01431,POR,35,36,290.3,88.5,4.44,668.1,25,40
194,256.6,true,87.07,3246,118.89,player-01432,DEF,35,148,239.81,72.91,3.66,615.29,22,31
101,241.34,true,82.5,1652,118.69,player-01433,DEF,35,84,285.37,81.59,3.71,645.41,27,42
,261.12,false,97.2,,118.41,player-01434,MC,35,,249.91,82.83,3.58,629.44,21,32
163,229.11,true,86.11,2773,117.88,player-01435,MC,35,126,276.07,81.16,4.09,623.05,23,38
256,233.98,true,74.11,4304,119.78,player-01436,DEL,35,190,243.79,72.57,4.79,597.56,24,41
8,274.45,true,93.29,71,120.88,player-01437,DEF,35,8,321.24,94.73,3.75,716.57,27,39
5,253.22,true,95.73,26,121.17,player-01438,MC,35,5,355.84,96.89,4.67,730.24,24,40
92,220.08,true,98,1511,119.86,player-01439,DEL,35,75,308.15,94.26,4.05,648.09,22,33
7,268.1,true,84.23,57,122.49,player-01440,DEF,35,7,329.65,97.52,4.4,720.24,21,33
518,228.56,true,69.44,6648,119.55,player-01441,POR,36,127,209.78,60.28,4.26,557.88,20,34
40,211.16,true,98,472,119.63,player-01442,DEF,36,7,350.25,97.26,4.95,681.04,18,31
445,223.68,true,75.33,5774,119.47,player-01443,DEF,36,96,230.71,65.82,4.53,573.86,21,34
314,212.63,true,85.62,3868,119.8,player-01444,MC,36,55,272.65,79.46,4.98,605.08,21,37
355,239.03,true,79.44,4505,117.13,player-01445,MC,36,67,238.31,67.69,4.66,594.47,17,31
192,207.92,true,82.05,2463,121.49,player-01446,DEL,36,28,300.2,82.04,5.26,629.61,20,37
308,202.67,true,88.78,3825,118.29,player-01447,DEF,36,52,284.82,85.35,5.11,605.78,20,36
122,226.15,true,84.92,1505,119.04,player-01448,MC,36,18,303.02,83.89,4.07,648.2,17,28
343,223.99,true,76.98,4356,116.7,player-01449,DEL,36,62,256.15,72.51,4.38,596.83,18,28
337,200.55,true,82.13,4316,117.21,player-01450,DEF,36,61,279.6,78.08,4.92,597.36,17,29
,170.03,false,78.13,,116.22,player-01451,POR,29,,247.27,78.2,3.22,533.51,9,13
,188.7,false,81.68,,118.2,player-01452,DEF,29,,256.47,83.46,1.35,563.37,11,12
,181.55,false,87.51,,118.97,player-01453,DEF,29,,259.84,84.06,2.84,560.36,10,13
,200.12,false,78.07,,119.61,player-01454,MC,29,,219.06,65.89,2.28,538.78,11,14
,188.67,false,71.17,,121.48,player-01455,MC,29,,207.56,65.36,2.28,517.71,11,14
,201.62,false,78.25,,119.94,player-01456,DEL,29,,181.85,57.53,1.68,503.41,11,13
,210.94,false,74.6,,116.77,player-01457,DEF,29,,266.6,78.01,2.45,594.32,10,13
,149.93,false,86.24,,117.89,player-01458,MC,29,,292.43,95,3.89,560.25,10,13
,166.72,false,78.22,,114.88,player-01459,DEL,29,,246.68,73.74,2.64,528.27,9,12
,176.52,false,89.84,,116.07,player-01460,DEF,29,,269.03,83.63,1.64,561.62,9,10
788,200.62,true,63.15,8663,115.65,player-01461,POR,09,82,186.04,55.77,5.98,502.31,14,29
661,179.1,true,70.94,7290,117.94,player-01462,DEF,09,59,249.4,73.09,5.48,546.44,15,28
247,216.92,true,79.95,3167,113.22,player-01463,DEF,09,21,286.45,83.71,6.52,616.59,12,28
833,177.95,true,67.94,9118,117.58,player-01464,MC,09,98,166.48,49.5,5.3,462.01,15,27
791,199.26,true,72.47,8711,116.5,player-01465,MC,09,83,184.05,57.69,5.89,499.8,13,26
450,178.5,true,75.72,5070,114.95,player-01466,DEL,09,37,291.97,79.34,4.63,585.42,14,22
724,179.34,true,69.77,8014,114.01,player-01467,DEF,09,68,234.08,68.59,5.3,527.44,15,27
447,169,true,80.8,5042,117.47,player-01468,MC,09,36,299.41,81.36,5.45,585.88,15,28
831,174.6,true,56.53,9116,111.36,player-01469,DEL,09,96,176.86,52.6,4.87,462.82,14,23
476,194,true,75.3,5352,114.68,player-01470,DEF,09,41,272.09,76.55,5.09,580.77,14,24
1153,203.76,true,70.29,5174,122.13,player-01471,POR,21,120,257.99,70.67,5.77,583.88,14,23
1594,208.18,true,70.68,7489,118.87,player-01472,DEF,21,160,214.99,65.67,5.38,542.04,10,17
1559,222.18,true,78.54,7310,120.51,player-01473,DEF,21,157,203.39,64.88,6.03,546.08,13,22
1108,213.01,true,71.85,4964,122.39,player-01474,MC,21,113,251.63,75.14,3.14,587.02,14,20
1335,195.31,true,84.71,6091,113.05,player-01475,MC,21,136,259.93,80.14,5.72,568.29,9,16
578,202.86,true,77.58,2193,122.99,player-01476,DEL,21,56,308.63,90.8,4.63,634.48,14,22
779,231.47,true,75.09,3159,120.54,player-01477,DEF,21,80,264.72,72.8,4.59,616.74,13,20
1408,212.54,true,70.49,6491,123.73,player-01478,MC,21,141,224.58,66.15,5.14,560.86,14,20
929,204.76,true,70.6,3983,124.81,player-01479,DEL,21,89,273.8,81.92,4.89,603.37,15,21
1229,189.35,true,75.32,5523,118.16,player-01480,DEF,21,126,270.81,78.63,4.46,578.32,11,16
458,156.86,true,86.12,4577,122.67,player-01481,POR,03,193,313.79,89.53,2.41,593.32,17,22
112,194.32,true,98,1198,124.14,player-01482,DEF,03,45,337.48,97.2,2.22,655.94,19,24
283,187.08,true,88.88,2934,120.11,player-01483,DEF,03,114,313.14,89.59,2.52,620.33,16,21
587,181.31,true,76.63,5887,123.5,player-01484,MC,03,238,267.31,83.82,2.94,572.13,18,25
398,181.84,true,86.17,4022,123.76,player-01485,MC,03,162,296.94,86.27,2.64,602.54,18,24
387,190.15,true,86.32,3934,121.73,player-01486,DEL,03,154,292.17,87.93,2.22,604.05,19,24
,195.58,false,88.87,,121.6,player-01487,DEF,03,,273.4,88.58,2.31,590.57,18,23
366,179.48,true,82.19,3712,124.61,player-01488,MC,03,145,303.39,83.52,0.64,607.49,19,20
289,173.76,true,85.16,2968,122.56,player-01489,DEL,03,117,323.57,91.09,2.14,619.9,16,20
578,170.2,true,79.5,5795,122.19,player-01490,DEF,03,236,281.2,82.44,1.14,573.6,18,20
1496,176.25,true,64.59,6887,119.6,player-01491,POR,29,299,257.77,73.93,4.14,553.62,21,35
1759,225.68,true,56.83,8356,121.27,player-01492,DEF,29,338,169.39,51.85,4.93,516.34,19,28
1173,212.54,true,66.11,5256,120.71,player-01493,DEF,29,254,249.06,68.87,3.04,582.31,22,31
903,222.74,true,76.3,3826,119.37,player-01494,MC,29,202,263.62,76.1,3.89,605.73,20,32
1895,165.69,true,47.71,9216,121.51,player-01495,MC,29,362,148.37,42.31,4.31,435.56,21,36
1809,180.33,true,58.32,8632,119.64,player-01496,DEL,29,349,204.06,56.96,4.47,504.03,21,29
1739,174.47,true,62.77,8227,121.47,player-01497,DEF,29,334,225.21,63.74,4.14,521.16,21,35
1828,218.84,true,57.79,8744,119.43,player-01498,MC,29,350,159.59,45.68,4.33,497.86,18,31
976,207.39,true,78.49,4235,118.3,player-01499,DEL,29,216,273.14,78.95,4.47,598.84,17,30
,207.51,false,56.21,,118.51,player-01500,DEF,29,,212.51,68.03,5.58,538.53,19,31
252,238.68,true,76.3,2341,119.69,player-01501,POR,08,126,273.42,82.5,3.37,631.79,21,31
197,231.78,true,81.58,1870,120.75,player-01502,DEF,08,103,288.51,82.25,3.26,641.03,22,32
86,220.47,true,86.71,763,119.61,player-01503,DEF,08,42,329.33,88.82,2.64,669.4,21,28
270,253.68,true,70.27,2488,119.36,player-01504,MC,08,131,255.95,69.03,3.58,628.99,21,32
766,233.68,true,69.42,7058,117.73,player-01505,MC,08,350,199.36,61.3,4.08,550.77,20,33
906,219.71,true,62.89,8406,118.89,player-01506,DEL,08,400,176.05,52.43,3.26,514.66,22,32
106,238.05,true,77.07,1012,118.6,player-01507,DEF,08,53,304.63,87.3,3.37,661.28,21,31
924,193.69,true,49.56,8693,118.48,player-01508,MC,08,407,188.45,53.16,2.54,500.62,19,25
535,257.34,true,56.91,4913,120.76,player-01509,DEL,08,240,209.98,58.29,2.54,588.08,19,25
405,271.55,true,60.17,3817,121.11,player-01510,DEF,08,185,213.24,57.51,2.28,605.89,22,28
646,191.96,true,60.58,8605,126.57,player-01511,POR,15,165,186.78,53.77,6.72,505.31,18,37
662,182.5,true,52.94,8839,125.43,player-01512,DEF,15,169,183.4,50.77,5.65,491.33,14,27
553,188.64,true,69.11,7246,125.2,player-01513,DEF,15,147,233.39,68.29,5.48,547.23,16,28
,176.41,false,60.27,,127.84,player-01514,MC,15,,218.76,71.03,4.66,523,17,31
270,191.86,true,77.32,3319,128.53,player-01515,MC,15,84,293.7,80.45,5.83,614.09,17,32
603,180.65,true,64.4,8076,126.28,player-01516,DEL,15,157,218.75,60.33,6.35,525.68,16,33
478,189.28,true,73.3,6212,127.38,player-01517,DEF,15,133,249.49,70.49,6.57,566.14,17,33
630,191.77,true,61.7,8448,126.87,player-01518,MC,15,163,194.09,60.15,5.48,512.73,16,28
471,208.42,true,71.32,6124,127.59,player-01519,DEL,15,131,231.66,68.18,6.8,567.68,16,32
390,212.17,true,75.28,4965,126.05,player-01520,DEF,15,113,248.81,69.28,4.44,587.02,15,23
1500,202.87,true,76.05,6906,126.61,player-01521,POR,21,149,223.68,64.17,2.28,553.15,22,28
1350,196.35,true,66.38,6160,125.9,player-01522,DEF,21,138,244.77,66.49,2.95,567.02,23,32
777,211.03,true,71.76,3147,125.51,player-01523,DEF,21,79,280.34,79.74,2.9,616.88,21,29
536,185.75,true,75.79,2045,129.05,player-01524,MC,21,55,322.91,99,2.73,637.71,20,27
734,191.99,true,77.7,2931,127.08,player-01525,MC,21,76,301.28,81.63,3.26,620.36,22,32
919,227.49,true,82.74,3907,126.55,player-01526,DEL,21,87,250.4,74.01,2.36,604.45,21,27
619,195.07,true,84.12,2362,126.73,player-01527,DEF,21,59,309.6,83.5,3.26,631.41,22,32
967,179.84,true,84.28,4177,129.21,player-01528,MC,21,95,290.74,83.24,1.86,599.79,24,29
1037,198.27,true,82.28,4566,127.93,player-01529,DEL,21,105,267.35,76.56,2.14,593.55,20,25
622,193.04,true,87.18,2383,128.51,player-01530,DEF,21,61,309.47,86.28,2.28,631.02,22,28
183,219.22,true,83.12,2375,121.31,player-01531,POR,27,44,290.6,81.78,5.68,631.13,24,39
38,240.38,true,87.45,389,123.43,player-01532,DEF,27,11,320.99,90.3,7.34,684.8,26,40
51,252.92,true,81.75,641,123.91,player-01533,DEF,27,13,296.93,85.22,5.62,673.76,22,38
136,252.63,true,74.56,1684,122.72,player-01534,MC,27,34,269.24,73.33,4.96,644.6,24,39
143,226.6,true,79.31,1750,121.32,player-01535,MC,27,36,295.54,86.22,4.41,643.46,25,37
295,237.62,true,75.49,3582,124.18,player-01536,DEL,27,70,247.73,72.7,5.54,609.53,24,38
179,252.72,true,71.1,2354,120.01,player-01537,DEF,27,43,258.8,74.21,6.13,631.53,22,38
286,219.94,true,74.33,3524,124.25,player-01538,MC,27,66,266.53,76.66,4.95,610.72,23,37
288,225.99,true,59.43,3535,123.29,player-01539,DEL,27,67,261.21,77.06,6.53,610.5,24,39
304,229.58,true,74.31,3763,122.87,player-01540,DEF,27,72,254.27,73.85,6.74,606.72,22,35
210,246.89,true,81.6,2750,106.99,player-01541,POR,24,13,269.69,80.9,5.91,623.57,11,26
68,243.1,true,83.33,1034,109.4,player-01542,DEF,24,1,308.21,89.53,5.56,660.7,11,24
443,225.7,true,71.83,5020,110.29,player-01543,DEF,24,42,250.21,72.47,4.92,586.2,12,23
190,235.77,true,76.99,2528,108.26,player-01544,MC,24,12,284.29,83.44,6.35,628.32,11,29
93,216.99,true,86.65,1391,109.88,player-01545,MC,24,3,324.03,88.41,6.07,650.9,11,27
158,237.93,true,77.23,2199,109.14,player-01546,DEL,24,9,287.3,83.11,5.14,634.38,11,22
411,212.79,true,68.05,4662,108.57,player-01547,DEF,24,37,270.63,77.94,5.36,591.99,11,23
267,208.15,true,88.88,3266,108.64,player-01548,MC,24,16,298.26,87.18,5.59,615.05,10,22
561,225.54,true,66.56,6223,111.07,player-01549,DEL,24,55,229.34,62.98,5.7,565.95,12,27
147,225.72,true,83.09,2066,108.96,player-01550,DEF,24,8,302.59,88.38,5.59,637.27,10,22
462,272.95,true,72.13,4297,114.84,player-01551,POR,43,114,209.9,64.3,3.6,597.69,17,26
331,234.07,true,78.91,3157,117.53,player-01552,DEF,43,70,265.16,78.21,2.64,616.75,18,24
84,263.32,true,80.12,754,114.45,player-01553,DEF,43,19,291.98,82.73,3.62,669.74,15,23
147,259.06,true,76.5,1506,114.4,player-01554,MC,43,33,274.73,76.91,3.06,648.19,17,24
606,227.64,true,73.39,5499,114.95,player-01555,MC,43,150,236.06,71.51,3.22,578.66,18,26
604,238.98,true,77.52,5472,117.24,player-01556,DEL,43,148,222.83,66.45,2.54,579.06,19,25
,273.81,false,81.12,,116.4,player-01557,DEF,43,,287.14,82.65,2.94,677.36,18,25
266,249.26,true,73.56,2452,118.82,player-01558,MC,43,55,261.73,76.19,2.31,629.81,18,23
353,249.42,true,68.81,3383,115.84,player-01559,DEL,43,76,247.74,74.86,3.18,613,16,23
72,292.61,true,78.11,653,117.48,player-01560,DEF,43,16,263.21,79.72,2.87,673.31,16,22
829,211.4,true,50.05,9099,111.54,player-01561,POR,34,60,143.04,41.88,6.87,465.99,12,31
780,198.72,true,67.24,8583,110.52,player-01562,DEF,34,57,197.67,57.36,6.52,506.91,12,28
563,225.62,true,66.66,6242,109.97,player-01563,DEF,34,39,229.99,70.28,6.27,565.58,12,31
602,195.49,true,78.52,6683,113.15,player-01564,MC,34,41,248.64,79.99,6.2,557.28,13,33
629,214.65,true,74.58,6940,112.51,player-01565,MC,34,45,225.65,67.06,6.52,552.8,12,28
676,190.89,true,64.57,7418,115.45,player-01566,DEL,34,49,237.21,65.14,5.69,543.55,13,25
337,232.99,true,71.96,3943,110.2,player-01567,DEF,34,25,260.71,77.82,6.14,603.9,12,30
805,198.09,true,57.5,8862,113.07,player-01568,MC,34,58,178.98,53.82,6.99,490.14,11,29
511,250.43,true,66.38,5731,113,player-01569,DEL,34,35,211.16,64.22,6.35,574.6,11,29
244,250.41,true,70.65,3145,107.39,player-01570,DEF,34,20,259.1,81.21,7.59,616.9,9,28
4,243.03,true,98,53,117.92,player-01571,POR,37,3,361.5,99,3.32,722.45,15,22
184,237.16,true,77.4,2436,115.39,player-01572,DEF,37,53,277.55,75.32,3.94,630.1,18,26
36,248.65,true,83.95,570,117.53,player-01573,DEF,37,14,310.34,84.54,4.32,676.52,17,26
42,243.74,true,87.27,645,115.81,player-01574,MC,37,17,313.98,85.76,4.23,673.53,19,29
195,233.37,true,83.25,2577,117.6,player-01575,MC,37,55,276.38,79.63,2.41,627.34,17,22
15,253.03,true,93.51,288,117.81,player-01576,DEL,37,5,320.36,91.51,3.84,691.2,17,24
336,234.36,true,85.69,3938,116.31,player-01577,DEF,37,81,253.31,81.08,3.8,603.98,19,27
8,248.12,true,87.34,141,116.41,player-01578,MC,37,4,340.12,92.73,3.89,704.65,20,29
3,247.65,true,90.47,47,118.35,player-01579,DEL,37,2,358.49,97.04,3.42,724.49,18,24
302,232.33,true,98,3622,117.97,player-01580,DEF,37,74,258.54,81,3.9,608.84,15,21
755,182.13,true,75.52,6947,118.78,player-01581,POR,08,342,251.68,74.36,5,552.6,19,33
958,185.76,true,66.31,9031,121.6,player-01582,DEF,08,423,168.04,51.83,4.47,475.4,23,37
597,185.06,true,84.2,5420,124.95,player-01583,DEF,08,270,269.81,78.78,2.95,579.82,23,32
883,202.64,true,58.9,8197,117.64,player-01584,MC,08,386,201.74,56.93,5.15,522.01,19,34
935,175.71,true,61.88,8806,120.84,player-01585,MC,08,412,197.14,59.98,3.94,493.68,23,34
682,192.18,true,75.89,6211,122.6,player-01586,DEL,08,310,251.39,72.83,3.47,566.16,22,30
573,215.35,true,78.14,5207,122.3,player-01587,DEF,08,262,245.55,72.37,3.47,583.2,24,33
465,195.55,true,78.13,4307,120.38,player-01588,MC,08,213,281.59,77.2,4.36,597.52,20,31
936,186.14,true,67.27,8822,119.57,player-01589,DEL,08,413,186.83,56.07,3.37,492.53,21,31
681,189.83,true,70.47,6201,119.65,player-01590,DEF,08,309,256.93,75.5,4.08,566.41,20,33
19,285.36,true,75.33,468,117.99,player-01591,POR,48,13,277.77,75.48,4.07,681.12,17,28
158,262.41,true,67.47,2780,116.52,player-01592,DEF,48,104,244.04,71.57,4.2,622.97,19,32
253,247.02,true,64.27,4178,117.58,player-01593,DEF,48,159,235.19,63.91,4.14,599.79,18,30
8,277.74,true,84.88,306,119.97,player-01594,MC,48,5,292.37,82.68,3.47,690.09,18,27
500,252.29,true,59.81,7537,117.75,player-01595,MC,48,284,171.16,50.33,3.89,541.2,20,32
338,253.65,true,64.08,5403,120.67,player-01596,DEL,48,202,205.64,61.68,3.96,579.96,21,34
40,284.39,true,70.96,951,118.19,player-01597,DEF,48,26,260.48,75.75,3.18,663.06,16,23
78,257.72,true,79.91,1494,121.22,player-01598,MC,48,51,269.48,74.29,3.34,648.43,17,25
18,300.22,true,69.08,453,119.59,player-01599,DEL,48,12,262.07,70.68,3.84,681.88,17,27
165,262.89,true,65.69,2893,121.49,player-01600,DEF,48,110,236.9,69.78,3.35,621.28,19,28
94,204.5,true,92.69,1745,118.47,player-01601,POR,48,60,320.6,91.33,3.69,643.57,20,31
327,214.3,true,81.66,5193,118.55,player-01602,DEF,48,197,250.6,77.93,3.14,583.45,21,30
85,184.87,true,92.08,1621,118.27,player-01603,DEF,48,53,342.84,94.48,3.35,645.98,19,28
24,213.36,true,88.18,620,120.17,player-01604,MC,48,15,341.24,92.37,2.94,674.76,18,25
49,212.55,true,90.25,1048,117.65,player-01605,MC,48,33,329.89,91.3,3.96,660.09,21,34
162,179.3,true,87.62,2858,118.89,player-01606,DEL,48,107,323.71,93.45,3.24,621.9,20,29
317,206.37,true,80.59,5101,115.86,player-01607,DEF,48,193,262.75,74.01,3.37,584.98,21,31
209,194.88,true,84.26,3630,116.97,player-01608,MC,48,131,296.82,85.41,2.52,608.67,16,21
215,202.04,true,87.05,3701,119.27,player-01609,DEL,48,135,286.29,83.26,2.54,607.6,19,25
51,221.62,true,85.94,1099,117.14,player-01610,DEF,48,35,319.74,86.55,3.47,658.49,20,30
51,253.53,true,64.45,3846,110.69,player-01611,POR,07,51,241.25,72.7,6.5,605.47,16,44
84,269.05,true,59.63,5524,110.77,player-01612,DEF,07,84,198.47,57.43,5.99,578.29,17,41
58,224.72,true,87.73,4259,109.61,player-01613,DEF,07,58,264.11,84.32,6.09,598.43,15,37
78,222.4,true,75.08,5298,112.5,player-01614,MC,07,78,246.67,70.23,6.43,581.57,13,35
7,245.33,true,82.76,828,111.56,player-01615,MC,07,7,310.2,86.99,6.46,667.09,14,38
47,206.82,true,87.7,3759,109.58,player-01616,DEL,07,47,290.41,88.64,6.14,606.81,16,40
140,217.32,true,60.41,8278,109.58,player-01617,DEF,07,140,192.85,58.06,6.04,519.76,16,39
60,222.14,true,71.44,4296,114.72,player-01618,MC,07,60,260.84,70.88,5.67,597.7,17,38
102,251.52,true,67.78,6405,114.58,player-01619,DEL,07,102,196.34,58.08,5.93,562.44,16,38
132,236.63,true,59.48,7748,112.19,player-01620,DEF,07,132,186.48,55.54,6.24,535.31,16,41
594,154.43,true,66.67,8665,117.9,player-01621,POR,01,121,229.85,66.02,4.2,502.18,19,32
606,162.15,true,53.97,8742,118.33,player-01622,DEF,01,123,217.51,62.44,3.71,497.99,18,28
580,173.52,true,60.36,8468,117.1,player-01623,DEF,01,116,221.49,64.81,4.14,512.1,18,30
650,172.5,true,61.74,9085,117.54,player-01624,MC,01,132,179.34,54.27,3.84,469.38,17,27
649,149.51,true,57.81,9084,116.92,player-01625,MC,01,131,202.96,58.25,4.14,469.39,18,30
386,200.93,true,66.42,5953,118,player-01626,DEL,01,71,251.78,68.84,3.99,570.71,16,26
538,162.19,true,69.29,8008,118.72,player-01627,DEF,01,110,246.68,70.73,3.58,527.59,21,32
631,169.74,true,55.85,8975,119.34,player-01628,MC,01,130,191.14,54.32,3.35,480.21,19,28
332,212.38,true,68.98,5234,118.97,player-01629,DEL,01,62,251.25,75.64,3.1,582.6,19,27
665,166.7,true,59.14,9189,116.3,player-01630,DEF,01,134,164.61,51.51,4.14,447.62,18,30
1754,209.01,true,63.41,8336,117.86,player-01631,POR,04,100,190.16,58.58,5.14,517.02,12,24
1817,249.5,true,54.86,8694,117.59,player-01632,DEF,04,106,133.52,41.29,4.97,500.61,15,29
1453,232.98,true,73.25,6711,118.96,player-01633,DEF,04,77,204.78,62.11,4.14,556.72,15,25
1207,229.05,true,69.98,5412,119.41,player-01634,MC,04,62,231.42,66.65,5.8,579.88,13,22
1277,230.4,true,68.36,5793,118.35,player-01635,MC,04,64,224.89,68.37,6.88,573.64,14,29
1896,221.95,true,49.44,9222,117.12,player-01636,DEL,04,114,94.47,29.16,6.53,433.54,14,27
1671,208.01,true,60.32,7895,116.79,player-01637,DEF,04,96,205.81,61.36,6.35,530.62,15,28
1761,204.39,true,61.64,8375,119.48,player-01638,MC,04,101,191.85,57.74,6.29,515.71,13,24
1831,218.7,true,52.39,8750,119.38,player-01639,DEL,04,108,159.06,50.27,5.8,497.14,13,22
1498,214.08,true,64.76,6902,118.54,player-01640,DEF,04,79,220.63,61.98,4.72,553.25,13,24
634,221.65,true,85.61,2430,117.37,player-01641,POR,29,151,291.22,81.58,2.81,630.24,22,30
975,221.39,true,69.37,4231,120.63,player-01642,DEF,29,215,256.84,69.27,1.81,598.87,20,24
1849,213.79,true,53,8916,118.07,player-01643,DEF,29,352,153.64,45.13,2.55,485.49,22,29
1894,200.42,true,57.03,9215,119,player-01644,MC,29,361,116.18,35.39,2.14,435.6,20,25
861,217.89,true,73.02,3551,116.11,player-01645,MC,29,193,276.17,76.11,3.14,610.17,14,20
773,214.09,true,65.41,3112,119.72,player-01646,DEL,29,177,283.62,79.64,2.73,617.44,20,27
1202,222.18,true,70.07,5396,118.24,player-01647,DEF,29,263,239.64,67.9,2.83,580.06,19,26
1701,212.58,true,63.43,8023,117.55,player-01648,MC,29,329,196.85,58.44,2.14,526.97,20,25
1079,221.46,true,68.77,4820,116.73,player-01649,DEL,29,238,251.43,80.08,2.55,589.62,22,29
1383,183.24,true,70.85,6328,119.68,player-01650,DEF,29,291,261.09,71.47,2.06,564.01,21,26
207,222.85,true,78,3377,117.57,player-01651,POR,19,16,272.68,81.22,4.9,613.11,11,21
399,203.66,true,76.1,6521,114.63,player-01652,DEF,19,36,242.02,70.41,5.14,560.32,10,20
469,214.12,true,60.92,7511,111.79,player-01653,DEF,19,48,215.7,63.34,5.4,541.62,9,19
398,201.49,true,77.35,6511,112.55,player-01654,MC,19,35,246.4,76.93,5.64,560.44,9,20
76,226.56,true,75.07,1240,117.7,player-01655,MC,19,3,310.53,90.95,5.36,654.79,11,23
348,218.6,true,80.18,5596,112.37,player-01656,DEL,19,29,246.03,74.97,5.64,577.01,9,20
415,204.22,true,76.31,6753,115.82,player-01657,DEF,19,41,236.19,69.64,5.38,556.23,10,21
106,231.58,true,81.57,1787,116.83,player-01658,MC,19,8,294.06,81.93,5.19,642.47,9,18
324,223.57,true,67.91,5216,117.44,player-01659,DEL,19,26,241.96,68.99,3.89,582.97,10,16
403,184.21,true,76.96,6536,116.38,player-01660,DEF,19,38,259.38,77.14,3.47,559.97,10,15
151,211.11,true,66.38,6644,120.78,player-01661,POR,30,151,226.1,68.51,4.08,557.98,20,33
93,212.44,true,73.14,4374,119.05,player-01662,DEF,30,93,264.92,80.79,3.84,596.4,17,27
131,215.51,true,69.63,5972,120.33,player-01663,DEF,30,131,234.54,73.76,4.51,570.38,18,32
53,205.06,true,83.73,2218,122.24,player-01664,MC,30,53,306.63,83.95,4.01,633.93,19,31
54,203.3,true,85.23,2237,119.24,player-01665,MC,30,54,311.11,86.86,3.47,633.65,20,30
107,224.19,true,75.7,4797,121.86,player-01666,DEL,30,107,243.94,75.73,3.35,589.99,19,28
77,201.71,true,83.99,3901,122.56,player-01667,DEF,30,77,280.25,85.32,4.01,604.51,19,31
108,213.6,true,67.18,4800,117.81,player-01668,MC,30,108,258.5,75.41,4.07,589.9,17,28
57,272.65,true,75.47,2409,116.93,player-01669,DEL,30,57,240.96,69.11,3.47,630.54,14,21
14,230.82,true,75.2,526,120.6,player-01670,DEF,30,14,327.35,93.54,3.59,678.77,19,29
,172.75,true,66.75,8072,106.03,player-01671,POR,51,87,247.04,69.39,7.76,525.82,9,30
,172.86,true,70.31,8533,108.97,player-01672,DEF,51,93,227.29,66.65,8.05,509.12,8,29
,186.9,true,72.96,7269,114.35,player-01673,DEF,51,71,245.6,73.44,7.45,546.86,10,30
,202.49,true,78.49,3653,111.28,player-01674,MC,51,43,294.54,86.08,7.11,608.32,10,33
,216.49,true,69.11,5325,111.17,player-01675,MC,51,54,253.47,70.44,7.04,581.13,9,29
,192.51,true,71.11,8129,115.41,player-01676,DEL,51,88,216.22,63.97,7.71,524.14,10,33
,187.45,true,73.59,6285,114.41,player-01677,DEF,51,59,262.92,72.2,7.01,564.78,10,32
,187.5,true,66.84,6636,116.33,player-01678,MC,51,66,254.43,73.21,6.44,558.26,10,27
,184.85,true,86.72,2246,115.23,player-01679,DEL,51,30,333.42,97.27,6.57,633.5,10,28
,186.85,true,71.39,6994,113.39,player-01680,DEF,51,69,251.68,73.59,6.54,551.92,9,25
168,194.57,true,67.89,7971,119.37,player-01681,POR,26,168,214.72,61.27,4.92,528.65,12,23
27,209.82,true,98,1134,121.7,player-01682,DEF,26,27,326.01,94.73,4.55,657.53,11,19
76,199.83,true,85.67,3027,119.98,player-01683,DEF,26,76,298.96,81.24,4.9,618.77,11,21
87,183.17,true,91.88,3608,119.69,player-01684,MC,26,87,306.25,90.26,4.43,609.11,12,21
83,216.54,true,76.61,3369,118.93,player-01685,MC,26,83,277.76,77.84,5.36,613.23,11,23
19,210.86,true,92.67,776,121.06,player-01686,DEL,26,19,336.89,99,4.43,668.8,12,21
128,206.14,true,79.07,5292,122.68,player-01687,DEF,26,128,252.82,73.61,3.64,581.64,13,20
26,215.25,true,98,1078,122.42,player-01688,MC,26,26,321.62,99,4.49,659.29,13,23
131,175,true,93.44,5491,122.68,player-01689,DEL,26,131,281.09,82.68,3.95,578.78,13,21
13,221.64,true,87.03,488,122.23,player-01690,DEF,26,13,336.43,91.42,3.64,680.3,13,20
,229.34,false,38.69,,117.61,player-01691,POR,23,,156.69,42.26,3.47,503.64,18,27
1720,230.38,true,53.7,8106,116.78,player-01692,DEF,23,129,177.89,52.61,4.07,525.04,17,28
1634,245.25,true,50.83,7719,117.98,player-01693,DEF,23,123,172.79,49.83,3.47,536.01,18,27
1565,207.63,true,60.97,7331,116.81,player-01694,MC,23,112,221.07,61.1,3.89,545.51,15,24
1847,226.22,true,43.3,8904,116.39,player-01695,MC,23,142,143.8,40.28,3.93,486.4,18,29
1861,200.26,true,43.12,8992,117.53,player-01696,DEL,23,144,160.72,49.73,3.06,478.51,17,24
1437,244.66,true,59.75,6650,117.79,player-01697,DEF,23,99,195.39,58.47,3.47,557.84,18,27
1756,201.61,true,64.76,8346,114.37,player-01698,MC,23,132,200.73,59.28,4.05,516.72,14,23
1562,230.13,true,66.38,7324,117.23,player-01699,DEL,23,111,198.32,60.84,3.32,545.68,15,22
1351,231.21,true,71.3,6163,117.48,player-01700,DEF,23,88,218.29,66.98,3.1,566.99,19,27
653,202.07,true,53,8680,120.78,player-01701,POR,15,167,178.47,49.87,5.13,501.32,23,42
627,202.4,true,61.41,8371,122.91,player-01702,DEF,15,162,190.45,54.9,5.12,515.75,24,44
558,227.5,true,55.98,7348,124.12,player-01703,DEF,15,148,193.56,56.85,4.85,545.18,22,38
486,231.1,true,64.7,6260,124.03,player-01704,MC,15,135,210.15,57.91,4.65,565.29,25,42
126,214.89,true,83.76,1537,118.92,player-01705,MC,15,44,313.87,92.22,5.86,647.68,21,40
532,213.62,true,60.73,6959,120,player-01706,DEL,15,146,218.75,61.52,4.64,552.36,22,40
622,194.12,true,59.68,8266,122.13,player-01707,DEF,15,159,203.98,55.41,5.69,520.24,23,43
448,201.02,true,74.31,5805,121.3,player-01708,MC,15,126,251.14,68.57,4.84,573.47,22,38
396,219.91,true,61.87,5007,122.38,player-01709,DEL,15,115,244.08,72.07,5,586.37,24,43
357,221.13,true,70.08,4530,119.83,player-01710,DEF,15,106,253.25,70.35,4.5,594.21,22,39
553,210.95,true,69.13,5555,115.9,player-01711,POR,12,114,250.86,72.47,4.23,577.72,13,22
307,174.39,true,95.08,3151,119.19,player-01712,DEF,12,62,323.26,95.63,4.43,616.83,16,28
536,187.66,true,82.27,5392,117.01,player-01713,DEF,12,109,275.46,80.53,4.58,580.13,15,27
618,198.99,true,72,6189,118.16,player-01714,MC,12,130,249.46,71.8,4.37,566.61,15,26
765,159.74,true,82.8,7551,116.35,player-01715,MC,12,162,264.79,75.52,4.94,540.88,13,25
624,190.97,true,70.26,6221,119.1,player-01716,DEL,12,133,255.96,73.45,5.14,566.02,15,30
654,199.19,true,78.06,6537,119.46,player-01717,DEF,12,139,241.32,71.03,4.98,559.97,16,31
452,161.59,true,90.61,4528,118.4,player-01718,MC,12,91,314.23,93.74,4.94,594.22,13,25
242,217.55,true,86.85,2570,118.37,player-01719,DEL,12,50,291.51,83.87,4.31,627.42,14,24
732,194.2,true,72.99,7231,119.34,player-01720,DEF,12,154,234,69.5,5.14,547.54,16,32
539,267.84,true,46.91,6083,121.6,player-01721,POR,47,67,179.01,53.72,5.61,568.44,15,29
596,280.78,true,45.55,6637,121.65,player-01722,DEF,47,76,155.81,43.56,6.26,558.24,17,34
277,250.62,true,64.07,3354,123.31,player-01723,DEF,47,31,239.55,71.34,5.09,613.48,15,26
67,288.7,true,65.46,1002,122.6,player-01724,MC,47,7,250.21,68.02,6.43,661.51,15,30
641,260.92,true,58.25,7071,123.41,player-01725,MC,47,86,166.29,46.31,5.27,550.62,16,29
400,272.56,true,51.47,4575,123.21,player-01726,DEL,47,51,197.58,56.7,5.45,593.34,15,28
562,263.58,true,63.56,6236,123.32,player-01727,DEF,47,72,178.82,50.74,5.43,565.72,16,30
225,245.39,true,64.13,2966,122.95,player-01728,MC,47,24,251.58,76.42,4.31,619.93,14,24
530,276.95,true,47.07,5909,123.93,player-01729,DEL,47,66,170.69,46.57,4.43,571.57,16,28
46,290.68,true,75.96,796,123.06,player-01730,DEF,47,6,254.46,71.94,5.9,668.2,15,31
214,215.04,true,75.87,3525,119.6,player-01731,POR,13,39,276.07,75.87,4.32,610.72,17,26
228,222.31,true,75.42,3787,117.6,player-01732,DEF,13,43,266.49,73.46,4.54,606.4,17,27
105,199.97,true,96.69,1769,119.82,player-01733,DEF,13,13,323.25,95.53,3.84,643.04,17,24
158,199.13,true,94.67,2644,117.87,player-01734,MC,13,27,309.06,87.1,4.49,626.05,16,25
157,225.79,true,87.9,2621,119.38,player-01735,MC,13,26,281.27,82.93,2.41,626.44,17,22
243,216.33,true,83.05,3949,118.08,player-01736,DEL,13,50,269.39,77.14,4.49,603.8,16,25
260,204.22,true,79.75,4257,117.04,player-01737,DEF,13,54,277.17,77.53,3.74,598.44,16,25
500,209.05,true,68.53,8022,120.61,player-01738,MC,13,117,197.35,60.02,3.69,527.01,18,25
267,210.42,true,78.26,4328,120.13,player-01739,DEL,13,55,266.71,78.77,3.69,597.25,18,25
175,253.21,true,70.06,2884,118.43,player-01740,DEF,13,31,249.8,68.67,4.23,621.45,19,29
943,204.88,true,48.64,8898,121.33,player-01741,POR,17,182,160.65,45.85,4.29,486.86,24,41
773,204.82,true,57.67,7128,118.26,player-01742,DEF,17,134,226.48,65.34,3.75,549.57,23,36
946,215.36,true,50.72,8929,117.23,player-01743,DEF,17,184,151.91,44.64,4.35,484.5,22,38
967,217.72,true,36.87,9159,117.51,player-01744,MC,17,193,118.96,35.77,4.35,454.19,22,38
945,203.38,true,52.66,8922,117.13,player-01745,MC,17,183,164.29,46.32,3.99,484.8,24,39
922,214.45,true,51.11,8620,119.73,player-01746,DEL,17,179,170.49,46.84,4.33,504.67,25,43
866,215.02,true,55.65,8065,119.03,player-01747,DEF,17,162,191.95,55.36,4.04,526.01,25,41
960,218.22,true,44.93,9053,120.84,player-01748,MC,17,189,134.78,40.48,2.87,473.84,24,33
971,203.87,true,39.88,9238,118.87,player-01749,DEL,17,195,101.71,29.27,3.65,424.45,24,37
964,204.45,true,41.16,9112,118.74,player-01750,DEF,17,191,141.08,38.19,4.35,464.27,22,38
640,267.83,true,52.12,7061,114.86,player-01751,POR,24,75,168.05,52.11,3.08,550.74,12,17
616,253.19,true,58.62,6817,109.24,player-01752,DEF,24,69,192.8,62.06,3.89,555.23,10,16
385,284.79,true,56.35,4459,113.04,player-01753,DEF,24,36,197.27,56.8,3.26,595.11,11,16
574,257.67,true,55.26,6369,113,player-01754,MC,24,59,192.45,57,3.08,563.12,12,17
339,284.22,true,59.84,3953,113.22,player-01755,MC,24,26,206.31,60.57,3.08,603.74,12,17
311,275.27,true,69.87,3714,115.06,player-01756,DEL,24,23,217.15,63.78,2.92,607.47,13,18
,300.85,false,44.2,,108.44,player-01757,DEF,24,,137.56,43.61,2.45,546.85,10,13
,291.02,false,56.04,,110.43,player-01758,MC,24,,167.07,51.53,2.64,568.52,9,12
776,236.63,true,53.05,8564,110.43,player-01759,DEL,24,88,160.58,47.7,3.26,507.64,11,16
528,287.9,true,49.65,5899,116.56,player-01760,DEF,24,52,167.42,52.84,3.14,571.89,14,20
234,255.8,true,73.2,2493,117.45,player-01761,POR,46,94,255.63,70.81,4.81,628.88,16,30
420,245.82,true,68.78,4213,119.01,player-01762,DEF,46,160,234.31,68.62,3.96,599.14,21,34
336,281.25,true,61.2,3444,120.86,player-01763,DEF,46,136,210.02,59.77,4.57,612.13,23,38
278,255.52,true,65.61,2894,118.58,player-01764,MC,46,111,247.09,66.95,3.67,621.19,22,34
231,249.89,true,71.52,2459,119.91,player-01765,MC,46,93,259.85,70.34,4.51,629.65,21,34
246,258.99,true,69.06,2622,119.52,player-01766,DEL,46,95,247.9,68.61,4.82,626.42,21,36
383,231.24,true,69.87,3911,121.94,player-01767,DEF,46,152,251.18,73.83,4.84,604.36,21,36
315,294.49,true,63.34,3214,120.02,player-01768,MC,46,130,201.25,58.88,4.67,615.76,21,35
472,267.87,true,51.57,4716,121.16,player-01769,DEL,46,179,202.04,60.27,4.05,591.07,22,33
363,274.11,true,66.2,3702,117.52,player-01770,DEF,46,144,215.98,65.36,3.78,607.6,21,33
774,233.33,true,56.24,7623,123.93,player-01771,POR,46,304,181.54,51.34,2.36,538.8,21,27
681,236.23,true,53.74,6804,124.27,player-01772,DEF,46,266,194.89,57.39,1.57,555.39,18,21
694,218.38,true,55.92,6878,123.34,player-01773,DEF,46,271,212.1,59.95,2.45,553.82,20,26
345,236.86,true,65.94,3511,122.83,player-01774,MC,46,137,251.3,69.11,2.87,610.99,16,22
683,243.36,true,53.72,6821,124.36,player-01775,MC,46,267,187.37,52.37,2.64,555.09,18,24
904,221.32,true,42.44,9123,122.35,player-01776,DEL,46,350,117.66,33.33,2.54,461.33,19,25
,237.85,false,50.92,,124.51,player-01777,DEF,46,,210.77,67.78,1.88,573.14,19,23
898,207.1,true,45.87,9045,122.81,player-01778,MC,46,346,144.45,40.91,2.41,474.37,17,22
902,217.22,true,37.04,9111,122.28,player-01779,DEL,46,349,124.95,37.09,2.22,464.45,19,24
704,219.53,true,53.39,7007,125.24,player-01780,DEF,46,275,206.95,56.65,2.04,551.71,17,21
334,166.95,true,91.75,3920,117.44,player-01781,POR,42,44,319.87,93.63,5.14,604.25,15,30
582,192.59,true,75.74,6484,117.03,player-01782,DEF,42,69,251.34,75.06,5.82,560.96,16,37
417,184.85,true,90.35,4764,113.51,player-01783,DEF,42,54,292.1,83.41,7.14,590.46,16,35
514,175.36,true,71.41,5762,118.96,player-01784,MC,42,63,279.79,80.09,5.45,574.11,15,32
817,150.32,true,66.39,8944,117.08,player-01785,MC,42,85,215.97,67.04,7.59,483.37,14,34
700,171.87,true,88.16,7707,115.12,player-01786,DEL,42,74,249.27,75.67,7.66,536.26,15,37
540,173.21,true,79.64,6097,114.93,player-01787,DEF,42,66,280.06,86.51,5.59,568.19,15,33
148,205.84,true,94.82,2115,113.39,player-01788,MC,42,19,317.08,92.79,6.99,636.31,17,36
721,136.18,true,70.9,7965,116.81,player-01789,DEL,42,78,275.78,76.64,7.04,528.77,14,30
809,135.73,true,61.75,8874,115.34,player-01790,DEF,42,83,237.69,66.26,5.43,488.77,16,34
134,233.69,true,76.5,5584,123.31,player-01791,POR,39,134,220.17,66.02,2.31,577.17,18,23
156,233.69,true,57.16,6549,123.31,player-01792,DEF,39,156,202.75,59.15,2.41,559.75,17,22
90,236.67,true,67.63,3671,124.39,player-01793,DEF,39,90,247.02,68.73,1.19,608.08,17,19
111,265.09,true,61.31,4697,120.16,player-01794,MC,39,111,206.25,59.74,1.39,591.5,14,16
133,241.76,true,62.35,5573,122.42,player-01795,MC,39,133,213.21,64.78,2.14,577.4,16,20
148,234.49,true,60.36,6143,122.78,player-01796,DEL,39,148,210.06,61.24,2.31,567.33,18,23
82,241.45,true,69.92,3465,123.28,player-01797,DEF,39,82,247.1,70.45,2.04,611.84,17,21
169,229.82,true,54.54,7303,121.09,player-01798,MC,39,169,195.27,57.3,2.87,546.18,16,22
165,230.52,true,64.09,7037,121.37,player-01799,DEL,39,165,199.32,59.27,2.77,551.21,14,19
176,209.4,true,67.15,7874,121.15,player-01800,DEF,39,176,201.03,58.42,2.49,531.57,13,17
522,220.55,true,69.46,4848,118.06,player-01801,POR,08,235,250.47,76.7,3.47,589.09,20,30
255,230.35,true,93.5,2356,115.86,player-01802,DEF,08,127,285.32,84.47,3.96,631.52,21,34
33,239.98,true,85.03,309,118.22,player-01803,DEF,08,14,331.74,89.47,3.47,689.93,22,33
358,242.49,true,75.97,3434,116.5,player-01804,MC,08,166,253.25,74.4,2.9,612.24,21,29
272,228.3,true,85.47,2506,117.06,player-01805,MC,08,132,283.37,83.94,3.37,628.74,21,31
210,247.29,true,74.01,1951,116.32,player-01806,DEL,08,111,276.06,78.05,3.96,639.67,21,34
538,255.99,true,74.12,4924,118.13,player-01807,DEF,08,243,213.68,65.46,3.47,587.81,20,30
34,250.72,true,81.51,311,120.44,player-01808,MC,08,15,318.62,91.76,3.47,689.78,18,27
80,245.59,true,87.67,735,117.79,player-01809,DEL,08,39,307.16,84.63,2.95,670.54,23,32
39,260.4,true,83.28,361,117.93,player-01810,DEF,08,20,308.32,83.8,3.24,686.65,20,29
102,286.56,true,71.06,1863,112.94,player-01811,POR,01,14,241.74,70.18,6.23,641.24,17,31
136,264.35,true,67.61,2456,114.37,player-01812,DEF,01,21,251.03,73.88,4.43,629.75,16,28
187,292.85,true,58.36,3323,111.92,player-01813,DEF,01,31,209.26,64.18,6.71,614.04,18,32
243,293.15,true,74.19,4015,114.06,player-01814,MC,01,46,195.46,61.5,6.09,602.66,18,32
5,309.32,true,76.73,243,115.03,player-01815,MC,01,1,269.85,75.61,6.85,694.2,19,35
119,279.72,true,74.22,2206,114.96,player-01816,DEL,01,16,239.51,70.21,6.54,634.19,17,29
146,327.46,true,58.63,2607,111.8,player-01817,DEF,01,24,187.36,54.51,4.45,626.62,19,30
520,216.38,true,74.49,7817,112.14,player-01818,MC,01,105,205.02,64.39,5.28,533.54,15,27
199,226.15,true,82.03,3429,111.44,player-01819,DEL,01,33,274.72,76.92,4.49,612.31,16,25
497,220.41,true,73.96,7510,112.33,player-01820,DEF,01,98,208.89,62.58,4.91,541.63,16,27
140,212.48,true,92.41,1466,115.45,player-01821,POR,03,56,321.28,99,4.29,649.2,25,36
145,208.62,true,89.52,1489,117.5,player-01822,DEF,03,58,322.46,91.73,4.73,648.58,25,39
393,195.02,true,87.06,3978,119.61,player-01823,DEF,03,159,288.81,87.19,3.53,603.43,27,38
154,210.83,true,89.2,1587,117.99,player-01824,MC,03,62,317.91,99,4.55,646.73,28,43
415,217.23,true,76.98,4164,116.23,player-01825,MC,03,171,266.57,74.85,3.2,600.03,25,36
759,222.67,true,60.39,7509,118.39,player-01826,DEL,03,302,200.6,59.31,4.26,541.66,28,41
251,186.14,true,83.82,2686,117.7,player-01827,DEF,03,103,321.25,88.49,4.44,625.09,25,37
409,221.34,true,74.88,4094,117.74,player-01828,MC,03,167,262.06,74.34,4.76,601.14,25,39
161,221.6,true,80.74,1678,117.5,player-01829,DEL,03,65,305.67,86.41,4.33,644.77,26,38
295,211.35,true,83.2,3021,118.21,player-01830,DEF,03,120,289.37,86.22,4.36,618.92,27,40
1589,213.48,true,68.19,7448,124.18,player-01831,POR,41,320,205.3,59.46,4.21,542.96,16,27
830,274.12,true,59.78,3412,122.72,player-01832,DEF,41,160,215.73,59.91,3.47,612.57,18,27
380,247.32,true,78.24,1349,122.41,player-01833,DEF,41,67,282.46,83.19,3.93,652.18,18,29
1377,242.98,true,64.46,6303,125.42,player-01834,MC,41,268,196.02,57.46,4.01,564.43,19,31
610,254.04,true,66.96,2336,124.38,player-01835,MC,41,114,253.43,68.35,3,631.85,20,28
479,232.31,true,79.47,1826,124.43,player-01836,DEL,41,91,285.05,85.09,4.07,641.79,17,28
1223,247.99,true,62.3,5492,124.86,player-01837,DEF,41,241,205.93,60.36,3.71,578.78,18,28
469,217.31,true,79.14,1774,123.22,player-01838,MC,41,87,302.44,92.68,3.34,642.97,17,25
742,221.74,true,60.25,2975,121.44,player-01839,DEL,41,138,276.63,87.87,3.62,619.82,15,23
1111,223.85,true,72.34,4972,122.6,player-01840,DEF,41,221,240.47,66.91,1.81,586.91,15,18
797,235.99,true,66.52,7339,122.55,player-01841,POR,17,139,186.84,56.71,3.59,545.38,19,29
545,245.38,true,62.25,4973,121.28,player-01842,DEF,17,105,220.26,63.63,3.1,586.91,19,27
351,224.08,true,68.08,3365,121.88,player-01843,DEF,17,70,267.32,74.01,2.94,613.29,18,25
195,258.23,true,67.02,1853,124.11,player-01844,MC,17,32,259,70.56,2.73,641.34,20,27
856,216.43,true,58.7,7978,122.37,player-01845,MC,17,155,189.61,52.36,3.81,528.41,19,30
290,220.2,true,76.87,2767,122.64,player-01846,DEL,17,56,280.34,81.99,3.24,623.18,20,29
466,240.41,true,75.83,4317,123.18,player-01847,DEF,17,88,233.77,68.73,3.14,597.35,21,30
206,253.4,true,76.2,1935,122.35,player-01848,MC,17,35,264.28,76.43,3.71,640.02,18,28
429,234.3,true,75.12,4036,122.19,player-01849,DEL,17,83,245.87,71.44,3.47,602.37,20,30
788,213.37,true,56.76,7282,120.66,player-01850,DEF,17,136,212.66,58.58,3.6,546.69,17,26
17,269.51,true,85.84,49,123.78,player-01851,POR,18,2,330.26,89.07,4.36,723.55,26,45
59,264.67,true,81.12,165,123.52,player-01852,DEF,18,5,314.5,90.12,5.71,702.69,27,45
373,262.46,true,72.91,1311,125.71,player-01853,DEF,18,29,264.91,78.85,4.09,653.08,23,38
196,286.33,true,74.81,612,124.74,player-01854,MC,18,17,263.89,71.36,3.3,674.97,26,38
211,283.5,true,73.31,663,123.7,player-01855,MC,18,19,265.78,72.6,3.55,672.99,27,41
518,277.61,true,69.68,1964,124.33,player-01856,DEL,18,38,237.46,68.83,3.89,639.4,25,40
328,273.98,true,76.61,1125,124.72,player-01857,DEF,18,26,259.04,72.22,3.99,657.74,24,39
158,269.52,true,84.75,474,126.01,player-01858,MC,18,15,285.49,85.89,3.56,681.02,25,38
1,282.33,true,87.03,4,125.42,player-01859,DEL,18,1,341.99,99,3.73,749.73,25,39
256,276.96,true,75.36,840,122.42,player-01860,DEF,18,21,267.31,74.08,4.68,666.69,26,37
58,230.82,true,98,164,125.86,player-01861,POR,41,9,346.17,98.34,5.79,702.86,24,37
132,239.25,true,87.74,398,123.62,player-01862,DEF,41,21,321.47,87.02,6.52,684.34,25,40
436,230.04,true,87.51,1600,124.34,player-01863,DEF,41,79,292.01,86.04,5.33,646.38,25,36
295,214.06,true,95.04,1003,123.95,player-01864,MC,41,47,323.47,92.13,4.73,661.48,23,35
283,246.95,true,84.72,961,124.78,player-01865,MC,41,43,291.15,86.68,4.53,662.87,26,39
154,224.37,true,98,463,124.12,player-01866,DEL,41,24,332.85,95.02,3.74,681.34,25,36
1259,215.64,true,74.46,5686,125.72,player-01867,DEF,41,246,234.11,66.73,4.44,575.48,24,35
477,248.05,true,76.02,1813,124.46,player-01868,MC,41,90,269.52,74.87,3.99,642.02,21,31
573,248.96,true,69.18,2174,124.27,player-01869,DEL,41,108,261.74,77.61,5.5,634.98,25,37
1106,216.54,true,82.06,4958,124.13,player-01870,DEF,41,218,246.45,73.33,4.76,587.13,23,39
504,174.79,true,69,6533,122.66,player-01871,POR,32,139,262.65,78.29,4.31,560.09,21,36
325,205.18,true,72.34,4054,124.49,player-01872,DEF,32,91,272.35,76.21,5.03,602.02,23,45
474,158.36,true,73.24,6161,124.2,player-01873,DEF,32,132,284.46,79.66,5.25,567.02,22,45
548,200.44,true,71.73,7182,125.94,player-01874,MC,32,153,222.16,66.44,5.14,548.55,20,40
536,167.79,true,77.81,7000,122.49,player-01875,MC,32,148,261.52,73.5,5.14,551.8,21,42
601,148.08,true,75.88,8048,124.79,player-01876,DEL,32,168,253.49,73.73,4.39,526.36,23,40
374,167.75,true,83.47,4760,124.71,player-01877,DEF,32,107,298.06,82.48,5.02,590.53,22,43
581,158.64,true,72.49,7701,120.68,player-01878,MC,32,163,257.13,74.7,4.73,536.45,20,37
598,179.96,true,70.34,8011,123.57,player-01879,DEL,32,167,223.97,66.66,4.35,527.49,22,38
339,199.11,true,77.69,4327,119.75,player-01880,DEF,32,97,278.4,77.62,4.38,597.26,19,33
875,201.85,true,88.67,3647,124.65,player-01881,POR,11,188,281.89,82.52,5.34,608.39,25,33
274,224.61,true,91.63,928,120.4,player-01882,DEF,11,56,318.74,89.79,4.38,663.75,22,35
265,202.84,true,91.1,870,124.17,player-01883,DEF,11,54,338.71,91.77,4.19,665.72,22,37
368,221.84,true,89.3,1294,122.34,player-01884,MC,11,75,309.28,91.11,4.88,653.46,24,38
401,217.9,true,92.61,1444,123.94,player-01885,MC,11,83,307.74,87.74,6.49,649.58,24,38
377,217.93,true,98,1329,121.29,player-01886,DEL,11,79,313.38,92.54,4.3,652.6,23,36
217,211.02,true,97.89,682,120.77,player-01887,DEF,11,41,340.63,99,4.44,672.42,25,37
462,220.41,true,91.45,1751,120.51,player-01888,MC,11,97,302.54,85.48,4.08,643.46,25,38
40,232.23,true,98,119,121.33,player-01889,DEL,11,7,353.52,95.41,5.66,707.08,25,38
126,226.58,true,92.68,375,122.78,player-01890,DEF,11,21,336.27,93.03,6.41,685.63,20,34
364,192.68,true,93.82,1278,122.24,player-01891,POR,14,40,338.89,93.87,7.67,653.81,20,33
413,198.34,true,89.31,1475,121.56,player-01892,DEF,14,42,328.99,92.84,10.58,648.89,17,29
750,187.57,true,95.53,3005,117.23,player-01893,DEF,14,71,314.5,93.41,6.05,619.3,15,25
968,174.84,true,98,4179,121.91,player-01894,MC,14,95,303.01,90.62,8.44,599.75,20,28
572,185.36,true,98,2171,118.61,player-01895,MC,14,54,331.05,96.96,6.57,635.02,18,31
542,184.02,true,98,2069,121.88,player-01896,DEL,14,52,331.27,99,8.25,637.17,20,32
501,185.95,true,98,1915,119.1,player-01897,DEF,14,50,335.22,96.96,9.4,640.26,20,29
342,191.84,true,85.58,1166,124.05,player-01898,MC,14,39,340.98,99,7.99,656.87,19,28
1174,182.35,true,87.09,5257,120.79,player-01899,DEL,14,113,279.17,78.76,6.21,582.3,18,29
647,192.27,true,98,2485,119.27,player-01900,DEF,14,64,317.54,99,6.95,629.09,17,26
274,264.45,true,59.18,4578,115.42,player-01901,POR,20,55,213.46,65.63,4.69,593.32,18,33
202,242.61,true,72.12,3489,118.12,player-01902,DEF,20,41,250.56,71.47,4.43,611.29,20,35
89,259.52,true,70.48,1690,117.77,player-01903,DEF,20,22,267.15,80.17,3.6,644.44,17,26
374,262.42,true,55.56,5749,115.17,player-01904,MC,20,84,196.79,60.18,4.58,574.38,15,27
523,229.47,true,50.23,7826,113.17,player-01905,MC,20,123,190.54,55.01,4.28,533.17,17,29
160,250.19,true,72.32,2819,114.82,player-01906,DEL,20,29,257.47,70.51,3.99,622.47,16,26
63,227.64,true,82.17,1271,117.5,player-01907,DEF,20,13,308.86,85.18,4.55,654,19,34
307,252.69,true,62.12,5014,116.86,player-01908,MC,20,61,216.75,61.41,3.84,586.3,17,27
218,229.44,true,67.43,3720,117.8,player-01909,DEL,20,44,260.06,74.05,4.01,607.31,19,31
299,232.78,true,64.13,4893,115.25,player-01910,DEF,20,59,240.36,66.49,4.83,588.39,17,32
9,246.66,true,94.3,28,124.19,player-01911,POR,41,1,358.55,96.7,4.28,729.4,23,36
,237.22,false,96.89,,122.3,player-01912,DEF,41,,254.46,83.41,5.63,613.98,28,43
361,252.45,true,88.92,1263,122.97,player-01913,DEF,41,62,278.79,87.9,3.2,654.21,25,36
49,245.67,true,95.85,144,122.79,player-01914,MC,41,8,335.78,92.46,5.25,704.24,29,42
472,251.74,true,83.88,1781,124.34,player-01915,MC,41,88,266.68,82.44,3.45,642.76,26,36
343,250.71,true,82.67,1170,122.23,player-01916,DEL,41,59,283.82,83.06,3.2,656.76,25,36
222,238.56,true,89.7,693,122.48,player-01917,DEF,41,31,310.85,89.05,3.86,671.89,27,40
390,240.15,true,82.68,1385,123.68,player-01918,MC,41,69,287.31,88.22,5.63,651.14,25,38
555,235.55,true,79.9,2119,122.32,player-01919,DEL,41,106,278.31,75.86,4.64,636.18,25,42
186,237.78,true,92.96,573,121.64,player-01920,DEF,41,27,317.01,94.57,3.72,676.43,25,36
71,258.91,true,74.48,2673,121.45,player-01921,POR,26,71,245.07,70.1,6.42,625.43,18,34
125,258.73,true,57.65,5189,120.43,player-01922,DEF,26,125,204.37,56.86,6.26,583.53,18,33
35,246.73,true,73.2,1376,116.57,player-01923,DEF,26,35,288.23,83.92,6.86,651.52,16,33
109,261.37,true,69.21,4288,120.33,player-01924,MC,26,109,216.19,61.72,6.42,597.89,18,34
36,281,true,65.84,1438,118.2,player-01925,MC,26,36,250.48,69.27,6.23,649.68,17,31
133,248.51,true,64.41,5582,117.46,player-01926,DEL,26,133,211.23,61.07,6.04,577.2,17,30
66,260.48,true,63.32,2468,120.43,player-01927,DEF,26,66,248.65,71.22,4.51,629.55,18,32
102,252.73,true,61.74,4023,119.99,player-01928,MC,26,102,229.81,68.2,4.2,602.52,19,32
118,269.27,true,62.58,4755,119.65,player-01929,DEL,26,118,201.67,59.13,4.81,590.59,16,30
74,261.86,true,78.37,2892,118.9,player-01930,DEF,26,74,240.53,72.75,4.14,621.29,18,30
568,191.28,true,97.67,5165,117.93,player-01931,POR,17,106,274.79,83.23,3.47,584,22,33
295,181.25,true,94.23,2842,120.16,player-01932,DEF,17,59,320.72,91.86,5.24,622.14,21,39
594,178.76,true,81.67,5395,123.06,player-01933,DEF,17,111,278.24,76.44,4.66,580.07,20,33
104,190.27,true,98,980,119.55,player-01934,MC,17,19,352.39,95.39,4.35,662.22,22,38
172,171.53,true,98,1702,120.3,player-01935,MC,17,28,352.38,99,5.24,644.2,22,41
513,178.81,true,98,4754,118.74,player-01936,DEL,17,96,293.05,82.72,4.47,590.6,17,30
333,166.23,true,98,3173,121.62,player-01937,DEF,17,67,328.69,99,4.82,616.54,20,34
213,172.35,true,98,1965,119.45,player-01938,MC,17,36,347.59,99,3.89,639.39,20,32
92,216.38,true,91.81,895,122.2,player-01939,DEL,17,18,326.39,92.91,3.67,664.98,22,34
132,181.4,true,97.02,1259,120.37,player-01940,DEF,17,22,352.52,99,4.26,654.29,20,34
211,209.97,true,50.48,8602,116.03,player-01941,POR,30,211,179.52,50.36,5.14,505.52,21,42
201,235.36,true,54.11,8286,117.62,player-01942,DEF,30,201,166.33,47.39,4.43,519.31,20,35
212,185.76,true,63.4,8603,117.75,player-01943,DEF,30,212,201.98,58.34,4.89,505.49,21,40
194,214.98,true,64.17,8110,115.76,player-01944,MC,30,194,194.25,56.16,4.35,524.99,22,38
204,209.97,true,44.5,8376,115.83,player-01945,MC,30,204,189.88,57.72,5.27,515.68,19,39
174,210.79,true,64.51,7449,112.54,player-01946,DEL,30,174,219.6,63.89,5.14,542.94,19,38
214,220.09,true,46.2,8807,118.33,player-01947,DEF,30,214,155.24,43.23,4.31,493.66,21,36
217,234.97,true,43.62,8907,114.57,player-01948,MC,30,217,136.56,41.71,4.2,486.1,19,32
210,236.92,true,49.95,8563,117.1,player-01949,DEL,30,210,153.63,49.24,4.43,507.65,20,35
177,242.86,true,57.72,7561,116.58,player-01950,DEF,30,177,181.23,55.63,4.01,540.67,19,31
313,229.37,true,65.81,7376,117.8,player-01951,POR,28,313,197.45,58.95,4.28,544.63,26,35
227,250.87,true,58.13,5489,115.5,player-01952,DEF,28,227,212.45,57.73,7.27,578.82,25,38
127,231.86,true,70.67,3154,115.61,player-01953,DEF,28,127,269.32,81.11,7.73,616.79,27,41
287,243.16,true,57.06,6987,114.5,player-01954,MC,28,287,194.32,59.3,6.72,551.98,25,35
402,208.8,true,55.99,9213,114.53,player-01955,MC,28,402,113.11,34.84,7.19,436.44,26,36
241,219.44,true,67.04,5718,115.9,player-01956,DEL,28,241,239.41,68.48,6.33,574.75,25,33
266,215.07,true,66.88,6379,116.07,player-01957,DEF,28,266,231.82,63.97,6.88,562.96,28,37
295,262.85,true,54.95,7139,118.75,player-01958,MC,28,295,167.86,47.08,7.38,549.46,25,35
137,240.16,true,73.08,3561,114.55,player-01959,DEL,28,137,255.24,74.75,4.74,609.94,23,33
355,233.61,true,63.5,8120,113.5,player-01960,DEF,28,355,177.47,55.56,7.47,524.58,24,34
451,221.8,true,80.25,4219,121.57,player-01961,POR,43,109,255.68,74.72,5.2,599.06,24,34
139,248.48,true,78.54,1371,122.33,player-01962,DEF,43,31,280.79,87.09,3.24,651.6,26,35
22,255.71,true,83.58,218,121.38,player-01963,DEF,43,7,319.27,99,3.15,696.36,27,36
68,281.15,true,90.01,631,119.82,player-01964,MC,43,15,273.19,80.16,5.42,674.16,22,32
532,205.73,true,74.24,4904,121.57,player-01965,MC,43,129,260.96,70.38,4.83,588.26,28,38
880,207.78,true,67.85,8190,123.19,player-01966,DEL,43,236,191.33,58.15,3.04,522.3,26,34
414,208.7,true,80.67,3928,122.25,player-01967,DEF,43,98,273.14,78.77,4.91,604.1,27,37
777,232.56,true,59.86,7172,122.68,player-01968,MC,43,205,193.48,55.37,4.38,548.73,22,30
934,210.03,true,57.93,8797,123.26,player-01969,DEL,43,249,161.05,48.94,2.4,494.34,24,31
232,212.34,true,87.03,2122,123.11,player-01970,DEF,43,47,300.65,85,2.49,636.11,26,34
,182.15,false,88.87,,109.45,player-01971,POR,46,,281.42,86.03,3.03,573.02,10,13
,203.87,false,59.77,,109.37,player-01972,DEF,46,,198.43,62.61,3,511.68,10,14
223,199.52,true,97.29,2368,113.17,player-01973,DEF,46,89,318.56,93.63,3.39,631.25,12,16
744,183.53,true,86.67,7352,113.17,player-01974,MC,46,290,248.4,75.61,2.64,545.1,12,16
810,172.61,true,69.86,8067,111.25,player-01975,MC,46,321,242.09,73.36,3.26,525.95,11,16
702,173.66,true,74.96,6970,112.41,player-01976,DEL,46,274,266.09,80.46,3.1,552.17,12,17
,197.72,false,83.59,,112.15,player-01977,DEF,46,,288.35,86.76,2.84,598.23,11,14
,186.88,false,88.96,,110.14,player-01978,MC,46,,266.99,81.93,3.16,564.01,10,14
815,169.73,true,86.05,8151,108.31,player-01979,DEL,46,324,245.38,81.25,4.23,523.42,9,15
,164.12,false,85.55,,108.68,player-01980,DEF,46,,305.77,88.39,3.69,578.57,10,14
205,226.89,true,78.94,1933,119.78,player-01981,POR,08,107,293.36,79.41,3.28,640.03,24,35
478,224.75,true,67.32,4460,122.74,player-01982,DEF,08,218,247.61,71.7,3.65,595.1,24,37
519,226.72,true,67.06,4817,120.01,player-01983,DEF,08,233,242.94,65.52,3.38,589.67,23,34
463,231.93,true,73.69,4299,117.41,player-01984,MC,08,211,248.29,73.8,4.14,597.64,21,35
168,227.02,true,77.85,1662,118.81,player-01985,MC,08,84,299.4,80.76,3.85,645.22,22,35
193,243.83,true,73.45,1811,121.43,player-01986,DEL,08,100,276.77,74.92,3.75,642.03,23,36
756,204.04,true,69.15,6963,121.64,player-01987,DEF,08,343,226.61,70.81,3.47,552.3,26,39
665,189.11,true,84.72,6082,120.51,player-01988,MC,08,302,258.84,74.37,2.75,568.46,17,23
677,191.85,true,77.9,6174,118.47,player-01989,DEL,08,307,256.47,74.12,3.47,566.79,22,33
499,181.09,true,77.34,4681,119.94,player-01990,DEF,08,225,290.67,79.45,4.08,591.7,20,33
853,225.37,true,77.15,3520,118.92,player-01991,POR,41,168,266.56,75.77,2.14,610.86,24,30
909,229.87,true,74.28,3863,118.18,player-01992,DEF,41,182,257.08,73.04,4.21,605.13,24,32
1123,210.34,true,78.31,5022,119.92,player-01993,DEF,41,223,255.94,72.24,1.74,586.19,21,25
1485,205.43,true,73.41,6851,118.42,player-01994,MC,41,298,230.65,68.66,2.72,554.5,23,31
1630,228.42,true,75.08,7703,116.21,player-01995,MC,41,327,191.73,59.05,3,536.37,20,28
946,248.26,true,72.33,4061,118.29,player-01996,DEL,41,187,235.3,70.45,4.57,601.86,25,35
267,232.13,true,84.25,884,114.9,player-01997,DEF,41,40,318.27,86.8,4.13,665.3,22,29
246,205.42,true,92.48,770,120.78,player-01998,MC,41,37,342.83,99,2.41,669.03,17,22
744,215.46,true,87.37,2977,118.24,player-01999,DEL,41,139,286.11,81.36,2.83,619.81,19,26
235,237.98,true,87.69,734,120.51,player-02000,DEF,41,34,312.07,87.02,1.5,670.56,19,22
296,203.65,true,76.7,3600,114.34,player-02001,POR,32,87,291.26,85.97,4.33,609.24,18,31
233,230.28,true,81.21,2829,117.26,player-02002,DEF,32,67,274.75,87.58,5.61,622.29,19,35
342,220.65,true,79.56,4343,118.24,player-02003,DEF,32,99,258.1,81.42,4.33,597,20,30
352,208.05,true,72.23,4416,115.13,player-02004,MC,32,102,272.55,76.55,5.44,595.72,20,36
353,207.85,true,69.94,4476,115.11,player-02005,MC,32,103,271.88,75.49,5.28,594.85,20,35
348,204.2,true,77.82,4397,115.91,player-02006,DEL,32,101,275.94,79.82,5.87,596.05,16,30
408,185.99,true,86.98,5176,115.7,player-02007,DEF,32,114,282.09,89.32,5.11,583.78,20,34
169,250.96,true,81.8,2189,120.43,player-02008,MC,32,49,263.12,75.31,3.74,634.51,16,25
191,232.48,true,80.56,2453,119.63,player-02009,DEL,32,56,277.68,82.08,4.18,629.8,21,31
66,236.24,true,84.75,833,117.83,player-02010,DEF,32,14,312.86,92.17,3.81,666.93,19,30
274,232.72,true,63.26,4496,121.13,player-02011,POR,35,201,240.73,74.41,3,594.59,25,35
290,225.27,true,65.61,4782,123.16,player-02012,DEF,35,213,241.79,65.45,3.35,590.22,25,34
216,248.71,true,71.81,3602,121.65,player-02013,DEF,35,166,238.83,69,3.36,609.19,27,37
247,240,true,67.14,4140,122.46,player-02014,MC,35,184,237.92,68.59,4.49,600.38,24,39
183,248.69,true,67.75,3081,121.17,player-02015,MC,35,139,248.11,76.48,4.13,617.97,26,40
120,253.08,true,79.64,2031,121.46,player-02016,DEL,35,96,263.54,82.37,3.65,638.09,24,37
301,246.69,true,67.98,5044,122,player-02017,DEF,35,221,217.18,60.9,4.07,585.87,22,33
121,235.17,true,76,2038,120.22,player-02018,MC,35,97,282.5,76.81,3.26,637.89,22,32
29,265.38,true,77.38,498,122.1,player-02019,DEL,35,24,292.47,78.88,2.64,679.95,21,28
181,246.5,true,70.57,3051,122.38,player-02020,DEF,35,137,249.53,68.76,3.9,618.42,25,37
167,154.99,true,78.56,7088,118.26,player-02021,POR,39,167,277.01,86.96,5.85,550.26,17,29
143,163.82,true,75.45,5936,113.4,player-02022,DEF,39,143,293.86,91.02,4.81,571.08,16,30
182,162.29,true,73.58,8147,117.25,player-02023,DEF,39,182,244.06,66.59,4.76,523.61,14,26
192,156.91,true,71.59,8813,117.61,player-02024,MC,39,192,218.79,64.52,4.78,493.31,15,28
184,151.48,true,82.63,8364,116.64,player-02025,MC,39,184,247.81,80.07,6.19,515.92,16,29
198,172.07,true,59.13,9077,115.39,player-02026,DEL,39,198,182.37,51.27,4.97,469.83,15,29
140,160.92,true,84.8,5770,118.72,player-02027,DEF,39,140,294.32,83.32,3.74,573.96,16,25
175,183.59,true,72.58,7857,120.13,player-02028,MC,39,175,228.54,68.32,6.06,532.26,13,23
180,158.75,true,75.36,8090,118.89,player-02029,DEL,39,180,247.81,69.98,5.31,525.46,16,25
173,181.55,true,67.88,7767,114.59,player-02030,DEF,39,173,238.75,68.24,4.76,534.89,14,26
72,194.23,true,67.64,7162,96.75,player-02031,POR,33,72,257.98,78.14,6.02,548.96,7,17
80,195.35,true,73.61,7493,98.77,player-02032,DEF,33,80,247.88,74.74,5.7,542,8,18
116,179.37,true,59.21,9022,100.6,player-02033,DEF,33,116,196.3,61.71,6.14,476.27,8,20
124,165.95,true,56.59,9208,95.44,player-02034,MC,33,124,179.31,55.88,6.3,440.69,7,16
71,169.66,true,86.96,7147,98.17,player-02035,MC,33,71,281.54,84.93,5.64,549.37,8,17
109,177.57,true,66.78,8877,101.58,player-02036,DEL,33,109,209.56,63.34,5.64,488.7,9,20
111,169.72,true,71.84,8901,98.03,player-02037,DEF,33,111,219,69.12,4.81,486.75,8,15
113,161.62,true,71.57,8919,99.06,player-02038,MC,33,113,224.64,70.33,5.76,485.32,7,16
115,164.29,true,67.13,9013,99.67,player-02039,DEL,33,115,212.85,66.03,5.43,476.81,8,17
99,178.36,true,76.72,8524,100.08,player-02040,DEF,33,99,231.31,73.17,4.81,509.76,8,15
33,255.14,true,65.9,3990,115.75,player-02041,POR,33,33,232.12,68.23,5.73,603.01,15,34
35,274.73,true,59.39,4027,115.5,player-02042,DEF,33,35,212.26,60.84,5.14,602.49,15,30
5,289.57,true,74.17,1285,115.34,player-02043,DEF,33,5,248.74,73.33,4.97,653.66,15,29
12,290.64,true,63.11,1907,113.85,player-02044,MC,33,12,235.94,68.46,5.3,640.43,15,31
25,280.78,true,61.08,3049,115.23,player-02045,MC,33,25,222.45,64.21,5.45,618.46,15,32
73,251.77,true,53.43,7166,116.63,player-02046,DEL,33,73,180.47,52.85,5.28,548.88,17,35
47,280.46,true,48.82,5215,114.08,player-02047,DEF,33,47,188.44,54.3,5.59,582.98,15,33
23,306.23,true,58.64,2867,112.08,player-02048,MC,33,23,203.46,57.19,5.62,621.76,14,31
42,305.99,true,53.83,4761,115.66,player-02049,DEL,33,42,168.86,48.46,4.66,590.51,17,31
18,276.7,true,59.98,2571,114.59,player-02050,DEF,33,18,236.13,69.36,5.73,627.42,15,34
44,223.82,true,90.68,478,118.39,player-02051,POR,12,4,338.72,97.27,3.18,680.94,16,23
245,207.1,true,92.57,2611,116.62,player-02052,DEF,12,51,302.82,90.56,4.31,626.54,14,24
400,205.16,true,84.02,4045,118.39,player-02053,DEF,12,82,278.64,81.25,3.99,602.2,16,26
96,222.07,true,93.08,999,115.53,player-02054,MC,12,16,323.95,94.99,3.89,661.55,15,24
622,211.95,true,80.38,6213,115.67,player-02055,MC,12,132,238.51,70.86,4.43,566.14,12,21
126,207.53,true,91.28,1319,118.63,player-02056,DEL,12,23,326.73,91.05,3.62,652.88,15,23
256,207.87,true,91.13,2707,116.97,player-02057,DEF,12,53,299.81,84.64,4.05,624.65,14,23
168,213.56,true,91.32,1744,116.31,player-02058,MC,12,36,313.75,89.34,3.64,643.62,13,20
555,199.14,true,78.78,5564,113.66,player-02059,DEL,12,115,264.7,80.06,2.02,577.5,13,16
184,218.38,true,85.81,1872,116.17,player-02060,DEF,12,39,306.46,89.41,4.14,641,12,20
327,207.25,true,75.2,7618,120.95,player-02061,POR,28,327,210.77,64.58,3.99,538.97,16,26
75,217.47,true,74.33,1807,120.41,player-02062,DEF,28,75,304.2,94.85,4.21,642.08,16,27
152,238.67,true,83.92,3785,119.05,player-02063,DEF,28,152,248.69,76.71,4.05,606.41,14,23
272,213.7,true,60.67,6588,118.12,player-02064,MC,28,272,227.32,61.63,4.54,559.14,14,25
86,223.32,true,81.87,2154,117.5,player-02065,MC,28,86,294.59,84.25,3.78,635.4,14,22
202,229.12,true,66.92,4979,120.95,player-02066,DEL,28,202,236.8,64.84,3.99,586.87,16,26
60,214.94,true,86.69,1407,120.24,player-02067,DEF,28,60,315.37,87.35,3.74,650.56,16,25
284,229.14,true,57.72,6913,119.09,player-02068,MC,28,284,204.82,57.56,3.89,553.05,15,24
173,214.25,true,78.69,4320,118.22,player-02069,DEL,28,173,264.85,78.61,2.36,597.32,14,18
145,207.75,true,85.55,3637,118.38,player-02070,DEF,28,145,282.44,82.01,3.78,608.57,14,22
396,285.36,true,76.74,6102,123.11,player-02071,POR,48,234,159.67,49.94,3.24,568.14,24,32
47,256.5,true,78.74,1016,121.64,player-02072,DEF,48,31,283.05,76.62,2.72,661.19,23,31
69,246.16,true,98,1372,122.95,player-02073,DEF,48,46,282.47,86.26,3.55,651.58,27,38
25,248.24,true,92.13,624,123.58,player-02074,MC,48,16,302.69,92.18,3.37,674.51,27,37
225,250.76,true,73.3,3806,122.39,player-02075,MC,48,141,232.95,70.96,3.34,606.09,23,31
73,260.56,true,80.04,1412,123.06,player-02076,DEL,48,48,266.78,76.49,2.71,650.39,26,35
355,228.07,true,73.14,5552,121.09,player-02077,DEF,48,212,228.6,66.93,3.66,577.76,20,28
37,248.81,true,74.29,879,122.71,player-02078,MC,48,24,293.92,86.28,1.52,665.44,25,29
246,260.94,true,81.57,4035,120.62,player-02079,DEL,48,154,220.89,67.9,2.83,602.44,19,26
14,254.67,true,87.49,401,122.97,player-02080,DEF,48,9,306.59,85.61,2.21,684.23,23,29
322,200.17,true,98,1111,117.8,player-02081,POR,29,74,340.32,99,4.93,658.29,13,20
284,228.37,true,89.45,962,119.09,player-02082,DEF,29,65,315.41,86.75,4.24,662.87,16,23
192,224.74,true,98,597,118.85,player-02083,DEF,29,46,332.04,98.28,4.92,675.63,19,28
230,231.01,true,96.37,722,118.51,player-02084,MC,29,55,321.4,93.73,4.95,670.92,19,28
435,219.09,true,98,1597,121.3,player-02085,MC,29,104,306.15,88.82,3.04,646.53,17,21
497,198.8,true,94.92,1898,121.6,player-02086,DEL,29,118,320.14,91.6,3.42,640.55,18,24
135,221.01,true,91.45,408,119.51,player-02087,DEF,29,34,343.22,99,5.79,683.74,16,26
106,237.27,true,93.66,290,117.94,player-02088,MC,29,28,335.97,94.89,5.35,691.18,18,28
679,204.67,true,94.48,2653,119.51,player-02089,DEL,29,158,301.72,92.7,5.55,625.9,16,25
599,202.49,true,93.03,2282,120.56,player-02090,DEF,29,141,309.61,87.05,3.93,632.66,16,22
538,239.38,true,48.62,7054,114.4,player-02091,POR,36,135,197.03,56.14,4.95,550.81,14,27
651,240.4,true,48.99,8642,115.11,player-02092,DEF,36,186,148,44.32,3.99,503.5,16,26
473,244.55,true,61.55,6132,111.66,player-02093,DEF,36,111,211.3,60.52,5.91,567.51,16,33
86,297.61,true,68.8,1059,115.23,player-02094,MC,36,13,246.95,74.87,3.93,659.79,18,29
369,246.51,true,68.14,4698,117.98,player-02095,MC,36,74,226.99,62.88,3.34,591.47,17,25
519,261.92,true,51.24,6677,110.48,player-02096,DEL,36,128,184.99,56.19,5.91,557.39,16,33
80,273.83,true,70.35,1017,112.66,player-02097,DEF,36,12,274.66,76.76,5.89,661.15,16,33
220,262.64,true,65.87,2717,114.28,player-02098,MC,36,34,247.4,69.29,4.07,624.32,17,28
93,270.72,true,80.91,1150,117.39,player-02099,DEL,36,15,269.11,78.52,4.42,657.21,17,26
450,285.22,true,54.76,5825,113.61,player-02100,DEF,36,97,174.37,48.21,5.37,573.2,15,27
260,288.12,true,60.35,2402,123.05,player-02101,POR,43,54,219.55,59.43,8.43,630.71,26,45
434,261.16,true,67.66,4088,120.31,player-02102,DEF,43,105,219.79,63.56,8.9,601.25,24,45
471,234.76,true,61.34,4409,122.69,player-02103,DEF,43,116,238.39,67.84,7.81,595.85,26,44
831,270.62,true,55.8,7727,123.46,player-02104,MC,43,221,141.76,42.36,9.45,535.84,26,45
357,284.84,true,54.44,3424,120.66,player-02105,MC,43,78,206.87,59.91,6.91,612.37,28,50
420,296.02,true,55.17,3946,121.35,player-02106,DEL,43,101,186.48,50.71,6.61,603.86,25,41
670,252.34,true,51.35,6100,121.91,player-02107,DEF,43,171,193.93,57.83,7.51,568.18,25,45
447,269.09,true,58.66,4194,122.45,player-02108,MC,43,108,207.9,62.53,5.5,599.44,22,43
703,248.47,true,53.48,6441,122.39,player-02109,DEL,43,182,190.94,51.98,6.93,561.8,23,40
555,279.17,true,52.24,5046,121.9,player-02110,DEF,43,136,184.79,50.02,5.8,585.85,22,41
164,192.1,true,65.65,8689,115.01,player-02111,POR,31,164,193.75,59.19,5.56,500.85,11,24
168,216.75,true,43.26,8745,116.04,player-02112,DEF,31,168,165.03,47.02,4.54,497.83,14,25
167,191.88,true,60.38,8735,116.34,player-02113,DEF,31,167,190.41,55.52,4.49,498.63,13,23
150,207.62,true,56.35,8271,116.16,player-02114,MC,31,150,196.32,55.94,4.31,520.09,14,24
111,196.4,true,68.52,6275,115.55,player-02115,MC,31,111,253.09,73.3,4.72,565.04,13,24
160,212.79,true,52.93,8616,116.36,player-02116,DEL,31,160,175.67,53.93,4.54,504.82,14,25
157,218.08,true,50.4,8464,117.16,player-02117,DEF,31,157,176.94,50.09,4.76,512.18,14,26
94,245.6,true,60.2,5558,117.24,player-02118,MC,31,94,214.82,62.72,4.43,577.67,12,21
175,215.52,true,47.79,9102,115.39,player-02119,DEL,31,175,134.87,40.41,4.9,465.77,11,21
146,227.02,true,52.21,7860,119.21,player-02120,DEF,31,146,185.96,53.5,3.47,532.18,12,18
73,261.15,true,74.93,1196,119.2,player-02121,POR,13,5,275.66,81.56,3.14,656.01,14,20
345,267.29,true,55.01,5579,115.93,player-02122,DEF,13,76,194.12,54.53,3.82,577.33,12,19
,238.28,false,77.41,,117.2,player-02123,DEF,13,,245.32,79.77,3.3,600.81,13,19
125,244.03,true,75.51,2155,117.72,player-02124,MC,13,18,273.61,77.51,3,635.36,15,21
389,259.6,true,72.3,6347,112.4,player-02125,MC,13,86,191.52,61.35,2.81,563.52,11,15
178,253.23,true,69.65,2940,115.39,player-02126,DEL,13,33,251.6,70.3,2.92,620.23,13,18
397,252.54,true,53.39,6437,119.19,player-02127,DEF,13,88,190.1,60.07,2.36,561.82,14,18
120,251.28,true,77.64,2046,114.47,player-02128,MC,13,16,271.91,75.96,2.64,637.66,12,16
230,241.88,true,65.29,3797,116.95,player-02129,DEL,13,44,247.35,73.34,3.64,606.18,13,20
465,223.23,true,59.37,7458,119.17,player-02130,DEF,13,109,200.36,56.99,2.36,542.77,14,18
244,240.92,true,66.22,4025,118.12,player-02131,POR,48,153,243.46,66.57,4.38,602.51,21,33
50,243.58,true,84.77,1095,117.45,player-02132,DEF,48,34,297.58,82.71,5.66,658.6,25,38
36,213.28,true,92.98,874,119.08,player-02133,DEF,48,23,333.15,96.61,2.47,665.5,23,30
221,235.09,true,88.37,3754,117.25,player-02134,MC,48,138,254.53,75.31,5.71,606.87,26,40
116,217.13,true,78.2,2101,114.31,player-02135,MC,48,76,305.12,89.49,5.41,636.56,26,38
210,245.44,true,87.47,3638,117.33,player-02136,DEL,48,132,245.78,76.54,3.7,608.55,27,39
75,261.55,true,75.13,1417,118.29,player-02137,DEF,48,49,270.4,73,5.46,650.24,27,40
20,241.48,true,89.56,515,114.45,player-02138,MC,48,14,323.2,89.03,5.9,679.13,23,36
72,211.24,true,91.4,1400,116.99,player-02139,DEL,48,47,322.44,93.91,3.74,650.68,25,36
56,216.64,true,87.92,1167,116.43,player-02140,DEF,48,38,323.72,90.72,3.22,656.79,27,39
347,185.07,true,71.29,7968,118.25,player-02141,POR,28,347,225.38,69.18,8.58,528.69,24,43
216,201.58,true,71.71,5268,120.05,player-02142,DEF,28,216,260.49,74.39,5.82,582.13,26,41
339,202.57,true,59.91,7828,119.42,player-02143,DEF,28,339,211.09,57.14,5.1,533.08,22,40
255,181.68,true,77.32,6157,119.72,player-02144,MC,28,255,265.68,73.26,6.33,567.09,28,45
323,208.42,true,67.49,7560,120.39,player-02145,MC,28,323,211.87,60.69,3.47,540.69,26,39
250,208.05,true,67.29,5959,119.62,player-02146,DEL,28,250,242.89,72.85,8.12,570.56,27,45
386,215.86,true,59.47,8719,117.41,player-02147,DEF,28,386,166.2,50.41,8.54,499.47,27,49
,212.64,false,76.26,,118.94,player-02148,MC,28,,168.09,56.1,7.52,499.68,28,42
82,202.36,true,85.53,2068,118.8,player-02149,DEL,28,82,316.02,92.18,4.86,637.18,24,42
16,225.03,true,88.45,319,116.37,player-02150,DEF,28,16,347.89,94.17,8.23,689.28,25,42
,260.11,true,65.89,3560,117.49,player-02151,POR,51,41,232.39,65.28,6.19,609.98,13,28
,268.1,true,71.65,2149,112.62,player-02152,DEF,51,29,254.8,69.97,6.48,635.52,14,33
,236.09,true,70.71,6486,118.05,player-02153,DEF,51,62,206.79,61.71,5.67,560.94,14,27
,243.99,true,62.31,6985,113.11,player-02154,MC,51,68,194.92,57.96,5.62,552.01,14,31
,263.61,true,59.47,4216,113.02,player-02155,MC,51,45,222.47,65.79,5.31,599.09,14,29
,276.06,true,72.02,580,113.17,player-02156,DEL,51,7,287.03,88.11,6.36,676.26,14,32
,211.88,true,66.58,6551,116.25,player-02157,DEF,51,64,231.54,64.32,6.19,559.67,13,28
,298.33,true,85.69,171,117.82,player-02158,MC,51,1,285.7,85.4,6.05,701.85,13,27
,262.35,true,63.35,4646,115.24,player-02159,DEL,51,49,214.8,62.27,6.02,592.4,13,27
,267.94,true,76.7,661,115.7,player-02160,DEF,51,8,289.38,83.1,4.31,673.03,14,24
142,201.65,true,89.2,1464,116.01,player-02161,POR,25,16,331.56,99,4,649.21,12,18
543,217.74,true,78.04,4954,117.39,player-02162,DEF,25,64,252.04,72.19,4.49,587.17,13,23
100,241.03,true,98,959,118.18,player-02163,DEF,25,10,303.72,95.74,4.69,662.92,12,22
521,203.91,true,93.74,4845,118.67,player-02164,MC,25,61,266.58,82.51,4.14,589.15,12,20
676,221.49,true,73.5,6168,116.54,player-02165,MC,25,78,228.82,64.83,4.64,566.85,11,20
74,239.93,true,97.32,691,114.43,player-02166,DEL,25,6,317.66,95.18,4.92,672.02,12,23
241,215.82,true,89.78,2235,117.44,player-02167,DEF,25,27,300.4,85.49,4.43,633.67,12,21
110,235.97,true,95.7,1030,113.84,player-02168,MC,25,11,310.92,90.69,5.02,660.72,10,19
,206.08,false,91.5,,114.02,player-02169,DEL,25,,298.51,99,5.66,618.61,9,19
288,225.9,true,90.91,2724,116.25,player-02170,DEF,25,37,282.01,84.15,4.14,624.16,11,18
219,224.75,true,79.75,3589,120.09,player-02171,POR,02,49,264.56,75.93,5.68,609.41,20,36
378,185.72,true,71.24,6130,121.62,player-02172,DEF,02,91,260.18,72.36,5.75,567.53,19,34
163,204.87,true,82.67,2754,119.88,player-02173,DEF,02,34,298.71,85.8,4.08,623.47,20,33
103,225.95,true,82.78,1685,120.62,player-02174,MC,02,23,298,88.98,5.89,644.57,18,33
375,176.02,true,81.11,6036,121.11,player-02175,MC,02,89,272.16,82.4,5.27,569.29,19,35
312,204.3,true,65.25,4969,119.71,player-02176,DEL,02,73,262.92,80.81,5.3,586.94,21,35
427,195.66,true,73.63,6876,121.33,player-02177,DEF,02,104,236.85,69.45,4.66,553.83,20,33
316,187.82,true,73.05,5130,118.5,player-02178,MC,02,76,278.09,77.53,4.82,584.42,20,34
524,168.07,true,66.32,8493,119.16,player-02179,DEL,02,129,223.7,64.89,6.07,510.92,17,32
204,219.72,true,77.45,3346,121.05,player-02180,DEF,02,42,272.8,77.44,4.81,613.57,18,30
430,278.49,true,76.64,1578,119.82,player-02181,POR,21,43,248.61,73.64,3.47,646.92,18,27
1032,259.52,true,67.05,4544,125.08,player-02182,DEF,21,103,209.34,58.85,1.88,593.94,19,23
7,296.72,true,91.02,15,118.17,player-02183,DEF,21,4,322.65,91.49,4.07,737.55,17,28
689,284.71,true,76.21,2710,121.52,player-02184,MC,21,70,218.38,65.68,2.83,624.61,19,26
266,292.19,true,84.94,872,122.45,player-02185,MC,21,30,250.92,76.46,3.24,665.56,20,29
193,284.57,true,73.31,599,120.59,player-02186,DEL,21,26,270.36,78.75,2.94,675.52,18,25
312,277.79,true,86.5,1087,121.27,player-02187,DEF,21,35,259.67,74.85,3.59,658.72,19,29
171,253.76,true,92.37,519,122.01,player-02188,MC,21,24,303.25,89.64,3.34,679.02,17,25
648,245.57,true,75.49,2487,122.77,player-02189,DEL,21,63,260.67,72.9,3.47,629.01,16,24
103,272.69,true,85.09,277,122.94,player-02190,DEF,21,15,295.92,82.89,3.47,691.55,18,27
165,207.61,true,65.65,7098,119.01,player-02191,POR,30,165,223.57,66.55,4.99,550.19,17,33
196,204.04,true,61.94,8160,119.51,player-02192,DEF,30,196,199.61,57.09,7.02,523.16,15,32
122,208.07,true,68.91,5538,116.38,player-02193,DEF,30,122,253.65,71.95,6.54,578.1,15,29
184,180.13,true,61.51,7757,115.83,player-02194,MC,30,184,239.1,65.66,6.54,535.06,15,29
220,181.52,true,61.37,9014,117.09,player-02195,MC,30,220,178.2,55.02,6.87,476.81,15,31
219,179.06,true,61.4,8978,116.72,player-02196,DEL,30,219,184.1,54.62,4.62,479.88,16,29
138,198.32,true,70.9,6073,118.13,player-02197,DEF,30,138,252.23,73.2,7.17,568.67,15,33
120,231.45,true,64.39,5394,118.47,player-02198,MC,30,120,230.17,66.12,6.9,580.09,13,27
172,181.54,true,77.87,7389,119.88,player-02199,DEL,30,172,242.83,71.61,5.3,544.25,15,31
166,210.03,true,58.75,7193,118.75,player-02200,DEF,30,166,219.55,65.92,4.99,548.33,17,33
18,235.19,true,81.67,1868,117.93,player-02201,POR,07,18,287.98,86.57,5.43,641.09,16,34
122,245.64,true,58.05,7197,119.97,player-02202,DEF,07,122,182.66,54.66,5.85,548.28,15,35
114,235.5,true,68.54,6784,119.27,player-02203,DEF,07,114,200.89,59.48,5.62,555.66,14,31
74,204.23,true,76,4996,121.2,player-02204,MC,07,74,261.08,74.91,5.7,586.51,16,36
82,225.84,true,72.48,5429,118.56,player-02205,MC,07,82,235.27,67.28,5.7,579.67,16,36
130,231.56,true,66.14,7651,119.24,player-02206,DEL,07,130,187.14,55.28,5.97,537.94,15,36
112,247.84,true,56.26,6654,121.87,player-02207,DEF,07,112,188.03,54.65,5.9,557.74,14,33
67,222.52,true,70.7,4621,116.23,player-02208,MC,07,67,253.96,71.72,5.85,592.71,15,35
35,249.28,true,67.66,2674,118.4,player-02209,DEL,07,35,257.75,73.38,5.85,625.43,15,35
37,246.56,true,65.15,3134,119.74,player-02210,DEF,07,37,250.76,74.69,5.82,617.06,16,37
833,230.78,true,48.17,7761,116.97,player-02211,POR,17,149,187.21,50.49,8.26,534.96,22,31
860,211.69,true,62.67,8012,113.63,player-02212,DEF,17,157,202.15,59.17,9.92,527.48,19,31
523,234.7,true,64.58,4853,116.88,player-02213,DEF,17,100,237.44,65.44,9.26,589.02,20,34
646,227.18,true,54.12,5914,117.02,player-02214,MC,17,117,227.31,65.64,5.85,571.51,19,29
950,208.47,true,47.15,8940,114.79,player-02215,MC,17,185,160.44,48.49,8,483.7,19,28
678,222.35,true,64.88,6178,114.72,player-02216,DEL,17,120,229.67,62.91,7.92,566.73,20,30
751,235.43,true,62.19,6915,115.99,player-02217,DEF,17,131,201.62,60.37,6.04,553.04,21,30
859,241.89,true,63.28,8005,114.93,player-02218,MC,17,156,170.85,48.39,9.4,527.67,22,35
832,204.51,true,56.03,7760,114.39,player-02219,DEL,17,148,216.06,63.97,8.69,534.97,20,30
819,213.72,true,57.25,7571,116.69,player-02220,DEF,17,145,209.94,62.44,6.2,540.35,22,29
213,191.05,true,71.38,5156,119.63,player-02221,POR,28,213,273.4,75.52,5.29,584.07,16,33
331,191.33,true,65.8,7674,117.48,player-02222,DEF,28,331,228.55,65.04,4.85,537.36,18,34
398,166.34,true,65.81,8999,118.31,player-02223,DEF,28,398,193.37,56.59,6.23,478.02,17,31
,178.61,false,63.76,,120.88,player-02224,MC,28,,196.99,64.03,5.45,496.49,15,32
276,196.79,true,71.47,6700,117.19,player-02225,MC,28,276,242.98,72.91,5.29,556.97,16,33
346,175.07,true,87.67,7952,119.36,player-02226,DEL,28,346,234.75,72.52,6.71,529.18,18,36
246,228.65,true,67.46,5841,119.42,player-02227,DEF,28,246,224.85,66.22,4.2,572.92,19,32
337,193.75,true,69.6,7772,117.03,player-02228,MC,28,337,223.95,65.33,6.85,534.73,18,37
190,205.68,true,68.95,4730,117.8,player-02229,DEL,28,190,267.45,83.39,4.33,590.93,18,31
171,205.43,true,73.17,4237,115.19,player-02230,DEF,28,171,278.2,76.51,4.81,598.82,16,30
230,235.6,true,78.94,3873,114.38,player-02231,POR,48,144,255.02,73.07,4.41,605,26,42
223,214.1,true,76.16,3788,116.23,player-02232,DEF,48,140,276.04,79.07,4.38,606.37,25,40
213,263.05,true,74.98,3656,116.35,player-02233,DEF,48,134,228.89,70.46,4.23,608.29,26,44
510,238.06,true,61.76,7700,114.73,player-02234,MC,48,288,183.71,52.74,3.8,536.5,26,41
137,221.28,true,78.08,2460,115.23,player-02235,MC,48,88,293.14,87.91,3.3,629.65,26,38
312,251.71,true,60.62,5056,117.35,player-02236,DEL,48,190,216.57,64.46,3.25,585.63,31,45
279,225.82,true,71.11,4628,114.39,player-02237,DEF,48,170,252.4,73.27,3.82,592.61,24,38
424,245.64,true,74.79,6423,116.54,player-02238,MC,48,250,199.88,62.01,4.17,562.06,24,37
379,220.55,true,67.31,5851,115.29,player-02239,DEL,48,226,236.94,68,4.08,572.77,28,43
233,237.11,true,72.99,3889,117.96,player-02240,DEF,48,146,249.63,73.65,3.07,604.7,29,41
57,210,true,98,935,117.16,player-02241,POR,35,46,336.37,98.87,3.69,663.53,20,31
158,201.75,true,98,2666,116.62,player-02242,DEF,35,122,307.19,90.21,4.08,625.57,20,33
47,215.69,true,91.82,804,117.69,player-02243,DEF,35,37,334.63,96.32,4.01,668.01,19,31
106,202.97,true,86.35,1731,117.03,player-02244,MC,35,88,323.73,89.46,5.28,643.73,17,35
132,206.66,true,98,2145,115.2,player-02245,MC,35,105,313.69,95.58,4.38,635.55,19,33
184,218.49,true,85.22,3082,116.95,player-02246,DEL,35,140,282.53,87.5,4.33,617.96,18,31
,234,false,93.67,,115.25,player-02247,DEF,35,,293.5,94.61,4.28,642.76,17,29
209,198.05,true,98,3456,116.74,player-02248,MC,35,161,297.16,90.1,4.58,611.95,15,27
66,212.03,true,98,1038,115.92,player-02249,DEL,35,53,332.48,97.45,2.73,660.43,20,27
245,213.64,true,86.87,4104,116.83,player-02250,DEF,35,182,270.47,78.25,4.43,600.94,20,35
186,272.24,true,68.81,4632,122.86,player-02251,POR,28,186,197.46,57.17,3.71,592.56,18,28
,294.58,false,84.74,,122.6,player-02252,DEF,28,,235.65,76.4,3.14,652.83,21,30
5,290.28,true,78.15,37,122.34,player-02253,DEF,28,5,314.19,89.89,3.24,726.81,20,29
31,295.66,true,73.53,626,122.38,player-02254,MC,28,31,256.46,70.01,3.71,674.5,18,28
71,241.72,true,75.98,1659,121.4,player-02255,MC,28,71,282.14,81.57,4.14,645.26,15,25
49,292.34,true,62.61,947,123.94,player-02256,DEL,28,49,246.9,67.13,4.01,663.18,19,31
42,272.94,true,77.68,841,122.94,player-02257,DEF,28,42,270.71,73.01,4.2,666.58,19,32
29,272.1,true,73.39,560,122.82,player-02258,MC,28,29,281.89,83.08,3.71,676.81,18,28
178,249.14,true,73.4,4474,121.31,player-02259,DEL,28,178,224.48,67.45,4.58,594.92,15,27
259,244.01,true,66.76,6259,123.34,player-02260,DEF,28,259,197.96,55.33,3.71,565.31,18,28
1660,235.18,true,48.83,7832,117.8,player-02261,POR,21,170,179.96,50.35,5.29,532.94,16,33
1511,215.15,true,60.82,6982,123.06,player-02262,DEF,21,151,213.83,62.24,4.71,552.04,19,35
1430,222.59,true,53.64,6619,119.98,player-02263,DEF,21,146,216.06,63.23,5.14,558.64,17,34
1740,216.37,true,59.89,8228,117.75,player-02264,MC,21,178,187.03,54.36,5.29,521.15,16,33
1332,235.38,true,66.35,6080,122.71,player-02265,MC,21,135,210.39,62.6,4.83,568.48,17,32
1536,229.4,true,60.22,7125,123.27,player-02266,DEL,21,154,196.95,53.52,4.66,549.63,17,31
1794,205.53,true,57.05,8528,120.96,player-02267,DEF,21,180,182.81,54.97,5.7,509.3,16,36
1584,209.32,true,61.15,7437,120.49,player-02268,MC,21,159,213.43,60.59,5.14,543.24,18,36
1826,236.18,true,47.95,8734,118.42,player-02269,DEL,21,182,144.05,41.48,5,498.65,18,35
805,208.01,true,71.61,3295,120.6,player-02270,DEF,21,81,285.87,82.59,5.42,614.48,17,36
811,246.73,true,55.29,7518,117.98,player-02271,POR,17,142,176.74,50.22,2.52,541.45,16,21
458,270.58,true,60.79,4271,120.21,player-02272,DEF,17,87,207.46,57.73,3.71,598.25,20,25
423,249.14,true,74.04,3970,122.15,player-02273,DEF,17,82,232.25,68.53,2.31,603.53,16,18
,235.2,false,81.04,,120.14,player-02274,MC,17,,240.52,79.14,3.27,595.87,17,22
204,263.26,true,74.24,1913,119.46,player-02275,MC,17,34,257.61,72.27,4.36,640.33,15,19
247,248.93,true,72.8,2305,119.5,player-02276,DEL,17,46,263.85,74.13,3.42,632.28,20,27
716,249.72,true,68,6508,121.29,player-02277,DEF,17,125,189.55,59.85,3.18,560.55,22,26
586,245.39,true,66.28,5334,119.44,player-02278,MC,17,108,216.2,64.62,4.51,581.03,18,25
363,238.95,true,67.31,3449,120.24,player-02279,DEL,17,72,252.82,74.05,2.7,612.01,19,23
483,238.46,true,60.36,4558,120.05,player-02280,DEF,17,91,235.18,69.28,2.89,593.69,20,25
973,219.78,true,70.33,4220,121.17,player-02281,POR,41,192,258.11,71.82,8.18,599.06,24,33
911,221.02,true,82.07,3871,121.82,player-02282,DEF,41,183,262.19,77.11,4.59,605.03,24,31
1629,204.06,true,63.04,7696,121.61,player-02283,DEF,41,326,211.02,60.02,6.18,536.7,27,38
1840,200.36,true,74.07,8815,120.91,player-02284,MC,41,371,171.97,54,5.13,493.25,25,38
1793,168.85,true,63.85,8527,121.37,player-02285,MC,41,362,219.12,65.43,5.73,509.34,21,32
1255,182.92,true,81.12,5679,123.54,player-02286,DEL,41,245,269.17,79.49,8.18,575.63,26,36
1719,184.91,true,65.85,8096,121.88,player-02287,DEF,41,346,218.5,65.02,7.88,525.29,25,33
1544,199.69,true,64.14,7171,121.63,player-02288,MC,41,314,227.44,66.1,4.74,548.76,23,33
925,206.11,true,72.61,3961,121.11,player-02289,DEL,41,185,276.39,74.95,5.69,603.61,23,35
1546,196.47,true,70.06,7209,123.31,player-02290,DEF,41,316,228.31,65.17,3.83,548.08,26,33
261,188.62,true,76.84,4365,121.5,player-02291,POR,35,192,286.55,77.67,2.71,596.66,26,35
187,192.27,true,83.86,3101,122.59,player-02292,DEF,35,142,302.7,81.9,2.26,617.57,26,33
372,192.99,true,71.4,6249,122.7,player-02293,DEF,35,277,249.76,71.26,2.45,565.45,30,39
49,205,true,91.74,834,121.86,player-02294,MC,35,39,340.02,99,3.14,666.88,28,40
440,176.29,true,68.12,7430,123.37,player-02295,MC,35,328,243.71,67.51,2.36,543.36,28,36
53,185.12,true,94.61,889,123.34,player-02296,DEL,35,43,356.58,96.17,2.84,665.04,27,37
484,180.35,true,74.98,8179,124.3,player-02297,DEF,35,365,217.9,67.02,2.43,522.55,27,35
250,200.86,true,72.52,4187,123.09,player-02298,MC,35,187,275.66,75.03,2.26,599.62,26,33
464,193.6,true,61.86,7846,122.82,player-02299,DEL,35,345,216.17,61.68,2.2,532.58,27,34
424,206.43,true,73.55,7208,123.7,player-02300,DEF,35,315,217.96,66.37,1.93,548.09,23,28
795,230.98,true,46.24,8749,118.55,player-02301,POR,49,70,147.64,42.25,6.51,497.17,14,29
299,262.75,true,65.03,3601,120.74,player-02302,DEF,49,28,225.71,66.71,7.48,609.21,15,28
238,213.05,true,63.02,3108,118.91,player-02303,DEF,49,25,285.51,82.65,7.23,617.47,13,29
442,226.8,true,64.9,5008,117.61,player-02304,MC,49,43,241.95,66.25,7.52,586.36,13,31
730,244.12,true,52.49,8085,117,player-02305,MC,49,69,164.44,47.14,5.62,525.56,14,31
361,247.4,true,56.75,4209,118.73,player-02306,DEL,49,37,233.08,64.88,7.17,599.21,15,33
457,225.1,true,69.33,5140,119.37,player-02307,DEF,49,44,239.85,70.78,6.71,584.32,12,24
211,232.96,true,68.76,2751,116.69,player-02308,MC,49,18,273.92,78.53,8.67,623.57,14,33
395,217.21,true,71.46,4534,117.47,player-02309,DEL,49,39,259.5,74.09,7.24,594.18,12,28
635,238.39,true,64.05,7005,117.95,player-02310,DEF,49,62,195.41,59.62,7.04,551.74,14,30
78,249.97,true,63.59,3931,115.09,player-02311,POR,30,78,239.01,67.81,3.06,604.07,17,24
150,234.48,true,61.32,6629,116.71,player-02312,DEF,30,150,207.22,58.13,3.6,558.41,17,26
102,255.45,true,63.75,4590,116.03,player-02313,DEF,30,102,221.65,60.35,3.1,593.12,19,27
159,223.04,true,57.81,6857,116.71,player-02314,MC,30,159,214.51,58.29,3.35,554.26,19,28
76,251.21,true,67.95,3831,117.41,player-02315,MC,30,76,237.07,71.44,3.59,605.69,19,29
72,206.96,true,75.98,3401,116.77,player-02316,DEL,30,72,288.96,82.75,3.1,612.69,19,27
188,189.76,true,65.82,7927,117.11,player-02317,DEF,30,188,222.94,69.39,2.75,529.81,17,23
135,215.73,true,60.65,6004,119.85,player-02318,MC,30,135,234.25,66.56,2.04,569.83,17,21
8,255.54,true,77.62,317,117.05,player-02319,DEL,30,8,317.02,99,3.34,689.6,17,25
143,207.45,true,66.66,6308,117.05,player-02320,DEF,30,143,239.87,67.61,3.6,564.37,17,26
409,225.78,true,68.54,6892,121.44,player-02321,POR,38,103,206.29,58.1,2.72,553.5,23,31
119,255.64,true,72.7,2030,120.72,player-02322,DEF,38,24,261.76,75.14,3.38,638.13,23,34
410,254.97,true,49.03,6893,119.77,player-02323,DEF,38,104,178.7,55.03,3.38,553.44,25,37
231,254.96,true,60.65,3882,120.54,player-02324,MC,38,57,229.36,67.17,3,604.86,25,35
286,247.97,true,58.98,4702,118.37,player-02325,MC,38,77,225.05,60.92,3.08,591.39,24,34
496,224.05,true,55,8413,121.41,player-02326,DEL,38,124,168.99,49.53,3.08,514.46,24,34
90,264.09,true,72.07,1487,120.03,player-02327,DEF,38,17,264.47,73.04,5.35,648.6,21,33
126,260.51,true,73,2078,117.12,player-02328,MC,38,26,259.43,71.58,3.89,637.06,20,32
189,262.82,true,63.72,3133,120.14,player-02329,DEL,38,46,234.15,63.15,3.47,617.12,24,36
236,256.6,true,68.54,4008,120.56,player-02330,DEF,38,59,225.68,64.19,5.04,602.84,24,36
34,227.11,true,77.06,1981,123.57,player-02331,POR,31,34,288.28,79.05,7.6,638.96,20,44
126,215.83,true,73.15,7063,126.05,player-02332,DEF,31,126,208.79,64.62,8.35,550.67,19,45
135,230.46,true,66.52,7390,125.5,player-02333,DEF,31,135,188.25,56.16,7.44,544.21,19,40
101,219.89,true,70.19,5732,126.61,player-02334,MC,31,101,228.07,67.19,5.52,574.57,18,39
115,235.16,true,55.32,6575,121.88,player-02335,MC,31,115,202.27,55.39,5.92,559.3,19,45
116,205.72,true,64.26,6581,125.3,player-02336,DEL,31,116,228.21,70.62,5.97,559.23,19,41
43,233.8,true,74.05,2440,126.05,player-02337,DEF,31,43,270.19,73.42,6.08,630.03,19,42
144,216.81,true,64.97,7824,126.29,player-02338,MC,31,144,190.12,59.97,7.62,533.23,18,34
113,229.21,true,66.03,6410,123.77,player-02339,DEL,31,113,209.35,63.45,7.21,562.33,19,38
80,197.01,true,72,4678,125.84,player-02340,DEF,31,80,268.9,73.07,8.37,591.75,18,42
52,227.25,true,87.06,1110,114.11,player-02341,POR,01,5,316.96,86.13,5.33,658.32,13,27
45,201.02,true,87.87,1009,117.47,player-02342,DEF,01,4,342.91,95.74,4.62,661.4,16,29
306,178.62,true,93.48,5013,115.11,player-02343,DEF,01,58,292.58,86.72,4.21,586.31,16,27
55,229.47,true,81.8,1159,113.52,player-02344,MC,01,6,314.03,88.3,4.23,657.02,13,22
203,193.76,true,87.51,3506,114.82,player-02345,MC,01,34,302.46,94.37,5.14,611.04,15,30
234,194.45,true,87.03,3903,114.39,player-02346,DEL,01,43,295.65,84.94,4.76,604.49,14,26
236,178.04,true,88.91,3929,114.99,player-02347,DEF,01,44,311.07,88.94,4.31,604.1,14,24
363,226.67,true,74.63,5648,115.13,player-02348,MC,01,66,234.36,67.14,4.58,576.17,15,27
272,210.26,true,75.85,4531,114.58,player-02349,DEL,01,51,269.37,81.82,3.74,594.21,16,25
219,214.4,true,81.49,3738,115.86,player-02350,DEF,01,39,276.87,78.03,4.95,607.13,14,27
208,240.43,true,63.55,6078,120.31,player-02351,POR,44,56,207.77,59.81,7.38,568.51,17,40
261,273.06,true,67.95,7408,120.17,player-02352,DEF,44,76,150.59,46.08,7.07,543.82,17,37
197,242.85,true,57.25,5877,119.32,player-02353,DEF,44,52,210.06,57.08,8.65,572.22,17,37
181,239.42,true,56.93,5245,118.01,player-02354,MC,44,45,225.07,64.28,7.5,582.5,16,38
293,245.7,true,51.84,8337,120.11,player-02355,MC,44,88,151.21,47.23,8.04,517.02,18,39
71,238.02,true,67.35,2386,119.35,player-02356,DEL,44,18,273.6,81.99,6.75,630.97,18,37
130,253.78,true,76.94,3683,119.78,player-02357,DEF,44,36,234.32,69.96,8.34,607.88,19,40
297,197.29,true,52.85,8414,119.07,player-02358,MC,44,90,198.1,58.61,7.71,514.46,13,30
200,241.05,true,64.27,5904,113.49,player-02359,DEL,44,53,217.2,62.42,6.98,571.74,15,35
187,247.6,true,66.4,5576,116.51,player-02360,DEF,44,46,213.24,62.39,8.61,577.35,16,34
784,227.17,true,55.53,7752,122.68,player-02361,POR,03,312,185.29,53.84,3.76,535.14,25,33
316,242.35,true,65.39,3240,123.22,player-02362,DEF,03,123,249.83,71.14,2.17,615.41,21,24
414,256.21,true,60.4,4161,121.4,player-02363,DEF,03,170,222.47,60.22,2.33,600.07,25,32
273,228.06,true,82.06,2862,122.76,player-02364,MC,03,112,271.01,77.92,4.97,621.84,23,33
92,239.41,true,74.39,965,122.42,player-02365,MC,03,36,300.9,87.92,2.76,662.73,24,30
205,265.27,true,71.86,2111,120.86,player-02366,DEL,03,83,250.21,72.41,4.97,636.34,22,31
562,232.65,true,60.28,5619,122.86,player-02367,DEF,03,230,221.03,67.85,4.14,576.54,22,30
362,240.03,true,77.19,3697,121.23,player-02368,MC,03,143,246.34,74.9,4.63,607.61,20,29
669,247.96,true,69.37,6675,123.05,player-02369,DEL,03,269,186.42,56.18,3.67,557.43,22,28
332,243.59,true,70.35,3404,120.86,player-02370,DEF,03,134,248.2,69.16,5.37,612.65,21,31
,274.11,false,74.15,,120.01,player-02371,POR,43,,249.43,80.61,3.74,643.55,16,25
301,248.39,true,77.5,2889,119.88,player-02372,DEF,43,62,253.11,70.87,3.1,621.37,19,27
19,255.85,true,75.03,189,116.78,player-02373,DEF,43,5,326.93,99,4.96,699.56,19,33
484,236.11,true,74.19,4569,118.47,player-02374,MC,43,120,238.94,67.03,4.51,593.51,18,32
289,241.96,true,67.41,2755,118.73,player-02375,MC,43,58,262.76,75.12,4.62,623.44,16,29
296,257.87,true,80.28,2860,117.53,player-02376,DEL,43,60,246.47,73.79,5.72,621.87,13,25
122,257.98,true,80.88,1161,119.74,player-02377,DEF,43,28,279.24,82.32,4.93,656.95,18,31
459,247.94,true,78.83,4284,117.7,player-02378,MC,43,111,232.33,67.62,4.98,597.97,16,31
323,245.01,true,70.43,3087,117.93,player-02379,DEL,43,68,254.99,70.76,4.91,617.93,16,27
286,256.53,true,77.61,2701,119.44,player-02380,DEF,43,57,248.81,72.18,4.96,624.77,20,35
37,281.39,true,72.9,1244,118.92,player-02381,POR,50,26,254.42,70.95,4.78,654.73,15,28
11,269.16,true,75.16,450,121.61,player-02382,DEF,50,9,291.17,79.28,4.69,681.94,18,33
67,274.89,true,71.81,2138,122.25,player-02383,DEF,50,39,238.58,70.74,4.14,635.72,15,25
2,279.8,true,89.96,12,123.54,player-02384,MC,50,2,336.51,98.42,3.93,739.85,18,29
192,261.4,true,65.82,5694,123.54,player-02385,MC,50,104,190.35,57.66,4.83,575.28,17,32
98,275.02,true,78.37,2758,124.74,player-02386,DEL,50,56,223.66,69.3,4.43,623.42,16,28
4,261.85,true,81.94,111,125.15,player-02387,DEF,50,4,320.81,86.84,3.84,707.81,17,27
3,284.72,true,88.61,59,122.6,player-02388,MC,50,3,312.22,89.39,4.07,719.55,17,28
6,266.24,true,81.81,247,120.46,player-02389,DEL,50,5,307.23,87.18,4.76,693.93,14,26
74,295.03,true,71.5,2454,123.23,player-02390,DEF,50,43,211.5,64.21,4.47,629.76,17,30
228,220.18,true,59,6624,121.09,player-02391,POR,44,64,217.2,60.99,4.58,558.48,15,27
234,214.27,true,64.52,6764,115.61,player-02392,DEF,44,65,226.08,66.59,4.92,555.96,12,23
148,242.05,true,72.79,4137,122.28,player-02393,DEF,44,38,236.09,67.72,4.54,600.42,14,25
115,259.72,true,70.21,3181,121,player-02394,MC,44,30,235.65,65.84,4.95,616.37,14,27
295,221.86,true,57.91,8388,117.48,player-02395,MC,44,89,176.04,52.62,5.3,515.38,15,31
305,197.47,true,53.2,8627,119.58,player-02396,DEL,44,93,187.2,54.2,4.54,504.25,14,25
319,211.25,true,53,8955,121.19,player-02397,DEF,44,96,149.73,47.22,4.95,482.18,14,27
122,248.52,true,73.54,3453,113.99,player-02398,MC,44,33,249.46,73.62,5.14,611.97,10,20
279,221.04,true,56.92,7945,117.32,player-02399,DEL,44,84,190.97,57.4,5.33,529.33,13,27
245,247.03,true,53.03,7001,117.02,player-02400,DEF,44,72,187.75,55.11,4.49,551.79,13,23
880,197.99,true,81.34,3673,116.96,player-02401,POR,23,50,293.12,83.93,3.57,608.07,21,29
1066,206.8,true,90.36,4736,116.15,player-02402,DEF,23,60,267.85,82.97,4.45,590.79,19,30
662,197.64,true,91.46,2532,116.57,player-02403,DEF,23,34,313.98,87.57,4.23,628.2,19,29
237,199.33,true,91.27,740,115.78,player-02404,MC,23,13,355.11,99,4.17,670.22,18,27
447,211.54,true,94.76,1668,117.71,player-02405,MC,23,24,315.78,99,3.32,645.02,15,22
442,203.58,true,98,1648,118.06,player-02406,DEL,23,23,323.84,95.12,4.18,645.47,21,32
845,202.89,true,80.02,3474,118.55,player-02407,DEF,23,45,290.23,80.16,3.55,611.67,19,26
382,206.01,true,98,1353,119.39,player-02408,MC,23,20,326.69,96.7,3.42,652.09,20,27
877,202.61,true,88.08,3663,117.81,player-02409,DEL,23,48,287.76,87.33,4.45,608.17,19,30
879,200.72,true,88.88,3670,116.55,player-02410,DEF,23,49,290.82,86.88,4.17,608.09,18,27
1048,263.29,true,59.01,4649,124.09,player-02411,POR,41,207,204.97,55.28,3.56,592.34,25,38
94,282.91,true,80.9,260,122.93,player-02412,DEF,41,15,287.57,80.45,5.4,693.41,24,38
1484,243.81,true,61.69,6848,124.28,player-02413,DEF,41,297,186.46,55.98,7.13,554.55,24,39
1369,258.08,true,48.65,6269,126.14,player-02414,MC,41,266,180.98,50.03,3.96,565.19,21,34
934,263.03,true,57.09,4013,122.76,player-02415,MC,41,186,216.96,64.12,5.61,602.75,25,41
,269.49,false,45.97,,123.63,player-02416,DEL,41,,112.81,36.84,5.92,505.93,22,38
812,246.92,true,59.05,3320,122.94,player-02417,DEF,41,153,244.23,75.1,5.14,614.09,23,35
1440,247.24,true,55.91,6660,123.38,player-02418,MC,41,280,187.04,52.96,6.07,557.66,22,39
,256.01,false,60.39,,123.49,player-02419,DEL,41,,161.49,52.01,5.5,540.99,23,37
824,237.33,true,61.18,3374,125.03,player-02420,DEF,41,157,250.82,75.06,6.1,613.19,23,41
733,214.28,true,60.73,6665,118.16,player-02421,POR,08,331,225.15,65.51,3.86,557.59,22,32
320,233.03,true,71.39,3062,119.29,player-02422,DEF,08,149,265.96,72.99,2.54,618.28,19,25
622,206.81,true,67.25,5719,117.46,player-02423,DEF,08,282,250.47,77.22,4.38,574.75,21,33
140,250.81,true,74.71,1395,118.92,player-02424,MC,08,71,281.06,76.08,3.94,650.79,23,34
560,234.92,true,62.16,5072,116.94,player-02425,MC,08,253,233.55,63.09,3.97,585.41,21,31
895,196.69,true,68.52,8335,120.32,player-02426,DEL,08,393,200.15,60.31,3.37,517.16,21,31
502,245.52,true,72.56,4691,119.34,player-02427,DEF,08,227,226.7,67.45,3.86,591.56,24,35
572,194.02,true,76.15,5195,118.65,player-02428,MC,08,261,270.77,78.73,3.14,583.44,23,30
639,202.32,true,84.37,5868,116.65,player-02429,DEL,08,291,253.44,73.37,3.24,572.41,20,29
898,205.16,true,62.35,8355,118.58,player-02430,DEF,08,395,192.7,58.45,2.81,516.44,22,30
585,219.1,true,76.65,5333,118.56,player-02431,POR,43,144,243.39,72.61,3.58,581.04,21,32
48,216.69,true,96.19,493,121.08,player-02432,DEF,43,12,342.3,99,3.26,680.07,22,32
375,227.48,true,77.96,3570,117.76,player-02433,DEF,43,86,264.48,73.29,4.21,609.72,24,32
41,213.7,true,98,384,119.59,player-02434,MC,43,9,351.76,99,2.72,685.05,23,31
42,231.77,true,98,420,121.09,player-02435,MC,43,10,330.21,99,2.72,683.07,23,31
605,209.16,true,68.49,5475,117.88,player-02436,DEL,43,149,252,72.42,4.87,579.04,26,38
297,220.74,true,88.44,2872,118,player-02437,DEF,43,61,282.96,78.97,2.87,621.7,24,33
12,228.81,true,98,80,118.32,player-02438,MC,43,4,367.07,99,3.47,714.2,20,30
161,231.93,true,95.52,1616,117.81,player-02439,DEL,43,36,296.34,87.57,5.46,646.08,20,32
79,224.09,true,96.07,727,119.03,player-02440,DEF,43,18,327.62,90.77,4.61,670.73,22,31
576,256.37,true,68.34,5791,121.74,player-02441,POR,03,235,195.57,56.9,3.59,573.68,19,29
838,256.73,true,47.84,8398,122.36,player-02442,DEF,03,336,135.96,38.17,2.95,515.05,22,28
675,240.56,true,57.56,6763,123.38,player-02443,DEF,03,271,192.04,55.08,4.54,555.98,19,27
108,239.69,true,77.33,1174,120.36,player-02444,MC,03,42,296.6,85.23,3.94,656.66,18,26
760,246.38,true,50.86,7519,118.3,player-02445,MC,03,303,176.75,52.42,4.32,541.43,17,26
570,253.59,true,57.43,5724,121.53,player-02446,DEL,03,233,199.57,59.87,4.33,574.69,19,26
279,256.5,true,63.36,2922,123.09,player-02447,DEF,03,113,241.08,65.02,4.47,620.68,20,32
786,230.06,true,64.49,7763,123.96,player-02448,MC,03,313,180.91,54.06,1.81,534.93,20,24
470,238.09,true,62.44,4707,123.03,player-02449,DEL,03,199,230.17,65.01,3.29,591.28,19,25
812,248.51,true,50.62,8132,123.1,player-02450,DEF,03,321,152.46,42.67,4.23,524.07,21,29
1681,179.65,true,70.44,7935,119.94,player-02451,POR,11,336,230.06,66.59,3.38,529.65,25,37
1825,171.11,true,68.28,8727,121.89,player-02452,DEF,11,365,206.02,60.89,3.06,499.02,26,34
1495,153.76,true,74.19,6884,119.73,player-02453,DEF,11,303,280.24,77.82,3.81,553.72,24,35
1780,181.91,true,60.27,8446,120.72,player-02454,MC,11,356,210.21,57.74,3.04,512.83,26,34
1274,183.69,true,75.9,5786,123.71,player-02455,MC,11,259,266.32,76.96,3.92,573.73,28,42
402,209.79,true,98,1445,122.8,player-02456,DEL,11,84,316.98,93.66,1.86,649.57,24,29
1547,196.01,true,64.56,7216,119.12,player-02457,DEF,11,312,232.78,65.23,3.88,547.92,25,37
1709,176.89,true,62.4,8056,121.33,player-02458,MC,11,342,227.97,64.59,3.09,526.19,28,37
1706,145.4,true,73.36,8038,122.06,player-02459,DEL,11,341,259.08,71.37,2.47,526.55,23,30
1693,163.42,true,70.31,7986,121.3,player-02460,DEF,11,338,243.56,68.14,2.92,528.28,26,36
865,232.36,true,77.6,3578,119.3,player-02461,POR,41,171,257.91,73.79,3.62,609.56,15,23
1254,234.94,true,61.48,5671,122.95,player-02462,DEF,41,244,217.9,60.59,3.47,575.79,16,24
646,243.33,true,66.61,2483,123.62,player-02463,DEF,41,119,262.2,75.32,3.34,629.15,17,25
1083,238.27,true,58.86,4834,122.18,player-02464,MC,41,214,228.94,68.47,3.6,589.38,17,26
1685,226.26,true,54.37,7947,121.55,player-02465,MC,41,337,181.48,51.06,3.47,529.29,16,24
1834,234.91,true,48.48,8770,121.52,player-02466,DEL,41,369,139.53,40.87,3.74,495.96,16,25
1736,231.56,true,48.67,8201,121.15,player-02467,DEF,41,350,169.16,48.95,3.89,521.88,15,24
1214,236.57,true,69.45,5455,124,player-02468,MC,41,239,218.69,66.21,4.05,579.26,14,23
1100,243.78,true,66.33,4931,124.83,player-02469,DEL,41,216,219.09,67.21,3.06,587.71,17,24
1302,249.58,true,54.74,5922,124.97,player-02470,DEF,41,256,196.85,54.54,2.31,571.4,18,23
185,270.01,true,73.05,1874,119.76,player-02471,POR,03,72,251.16,73.25,3.96,640.93,23,34
249,253.94,true,69.68,2668,122.06,player-02472,DEF,03,102,249.51,72.54,2.56,625.5,25,33
417,266.3,true,63.67,4189,119.48,player-02473,DEF,03,173,213.72,59.8,6.32,599.5,24,37
572,260.35,true,57.21,5750,119.79,player-02474,MC,03,234,194.25,56.77,4.94,574.38,21,33
439,270.6,true,56.88,4360,121.07,player-02475,MC,03,183,205.04,57.33,5.94,596.71,23,33
509,241.81,true,63.5,5117,119.92,player-02476,DEL,03,215,222.98,65.7,5.64,584.71,22,33
232,275.05,true,72.4,2477,122.04,player-02477,DEF,03,93,232.24,65.33,3.64,629.33,22,31
818,257.73,true,63,8174,120.37,player-02478,MC,03,325,144.57,43.69,6.89,522.67,20,33
416,255.87,true,61.32,4167,119.31,player-02479,DEL,03,172,224.81,65.88,6.43,599.99,19,28
597,251.73,true,62.08,5960,121.87,player-02480,DEF,03,242,196.94,55.74,4.69,570.55,23,30
209,200.71,true,79.98,2634,119.02,player-02481,POR,36,32,306.44,84.56,5.61,626.16,17,29
661,183.18,true,64.25,8838,119.14,player-02482,DEF,36,191,189.03,55.6,5.49,491.35,16,26
465,219.4,true,63.57,6049,119.44,player-02483,DEF,36,106,230.19,66.73,4.69,569.03,17,24
522,203.18,true,66.95,6706,119.75,player-02484,MC,36,129,233.97,69.51,5.27,556.9,18,29
682,180.76,true,47.06,9178,118.39,player-02485,MC,36,203,150.51,42.7,5.71,449.67,18,32
362,218.32,true,73.76,4626,119.04,player-02486,DEL,36,70,255.26,69.49,5.49,592.62,16,26
451,207.56,true,71.05,5847,118.69,player-02487,DEF,36,98,246.56,70.56,5.57,572.81,18,31
633,207.59,true,64.34,8475,116.54,player-02488,MC,36,176,187.6,53.59,4.71,511.72,16,26
287,216.5,true,69.36,3531,117.66,player-02489,DEL,36,48,276.39,76.2,5.77,610.55,14,23
591,194.79,true,61.9,7853,118.5,player-02490,DEF,36,155,219.07,59.53,5.87,532.36,15,26
382,225.2,true,47.9,8625,121.16,player-02491,POR,28,382,158.08,45.21,3.47,504.44,18,27
210,207.89,true,79.78,5099,119.52,player-02492,DEF,28,210,257.59,75.43,4.69,585,18,33
300,222.7,true,54.93,7204,118.92,player-02493,DEF,28,300,206.61,59.27,4.47,548.23,17,30
364,223.69,true,63.63,8264,121.04,player-02494,MC,28,364,175.51,51.78,3.22,520.25,18,26
248,209.88,true,71.37,5896,119.76,player-02495,MC,28,248,242.32,70.33,3.6,571.96,17,26
361,211.85,true,54.07,8223,117.82,player-02496,DEL,28,361,191.62,58.39,4.2,521.28,19,32
220,205.46,true,76.38,5361,120.89,player-02497,DEF,28,220,254.31,73.75,3.24,580.66,20,29
292,234.5,true,53.23,7078,117.17,player-02498,MC,28,292,198.88,54.22,3.78,550.55,14,22
303,230.96,true,55.48,7243,119.93,player-02499,DEL,28,303,196.4,53.37,3.84,547.29,17,27
278,191.26,true,71.16,6750,118.48,player-02500,DEF,28,278,246.52,71.11,4.28,556.25,17,29
103,247.7,true,87.59,1887,117.34,player-02501,POR,48,65,275.63,84.83,6.69,640.68,27,38
28,262.72,true,77.64,700,117.24,player-02502,DEF,48,19,291.69,87.06,3.16,671.64,25,33
134,223.85,true,71.04,2406,118.93,player-02503,DEF,48,86,287.84,79.89,4.02,630.62,19,28
112,247.12,true,71.22,2042,119.35,player-02504,MC,48,72,271.28,80.11,4.44,637.74,24,35
93,264.34,true,65.78,1737,117.49,player-02505,MC,48,59,261.84,74.95,4.28,643.67,26,35
122,249.46,true,76.04,2258,117.18,player-02506,DEL,48,79,266.57,78.97,3.64,633.2,24,34
284,250.69,true,74.39,4710,118.75,player-02507,DEF,48,174,221.78,65.82,5.45,591.22,24,32
141,280.05,true,67.36,2536,118.97,player-02508,MC,48,92,229.11,66.38,6.33,628.13,21,24
13,280.38,true,72.79,396,116.76,player-02509,DEL,48,8,287.21,80.5,5.2,684.35,21,26
195,259.08,true,69.47,3416,119.45,player-02510,DEF,48,127,233.97,64.11,5.65,612.5,21,28
229,221.02,true,70.8,3854,122.58,player-02511,POR,48,143,261.69,73.82,2.68,605.29,22,27
280,245.64,true,66.05,4635,121.46,player-02512,DEF,48,171,225.43,66.65,3.54,592.54,21,29
620,204.92,true,51.24,8878,121.49,player-02513,DEF,48,356,162.27,46.21,3.42,488.68,20,27
574,257.61,true,44.97,8361,120.87,player-02514,MC,48,328,137.52,41.02,2.68,516.01,22,27
485,253.97,true,51.89,7379,120.19,player-02515,MC,48,277,170.38,48.77,3,544.54,24,31
300,226.39,true,63.57,4926,121.76,player-02516,DEL,48,185,239.64,64.67,2.78,587.79,21,26
157,264.29,true,75.83,2768,121.58,player-02517,DEF,48,103,237.28,72.04,2.28,623.16,22,28
344,257.8,true,61.67,5437,121.28,player-02518,MC,48,206,200.43,56.11,2.14,579.51,24,30
456,225.08,true,55.63,6999,120.93,player-02519,DEL,48,265,205.81,59.08,3.42,551.83,18,24
293,260.38,true,60.82,4802,121.9,player-02520,DEF,48,181,207.6,58.9,2.17,589.88,21,24
,305.62,false,69.45,,97.21,player-02521,POR,01,,175.9,60.12,7.37,578.73,6,10
,219.06,false,89.35,,105.82,player-02522,DEF,01,,250.82,80.26,3.5,575.7,8,12
,272.11,false,72.72,,106.04,player-02523,DEF,01,,192.08,61.5,3.47,570.23,8,12
,271.49,false,74.74,,100.99,player-02524,MC,01,,216.7,70.68,5.74,589.19,7,12
198,260.43,true,69.99,3428,109.21,player-02525,MC,01,32,242.68,76.83,4.14,612.32,9,15
,257.96,false,67.55,,97.68,player-02526,DEL,01,,209.63,66.97,2.64,565.27,6,8
,247.01,false,72.93,,100.47,player-02527,DEF,01,,230.05,75.52,3.47,577.54,6,9
,260.43,false,59.01,,109.21,player-02528,MC,01,,230.58,74.3,3.71,600.22,9,14
,279.39,false,62.59,,104.14,player-02529,DEL,01,,209.17,68.62,4.07,592.71,7,11
,244.27,false,54.79,,106.94,player-02530,DEF,01,,164.25,51.49,3.47,515.46,8,12
329,210.62,true,70.38,3886,115.27,player-02531,POR,34,24,278.91,82.35,5.47,604.79,14,30
117,214.53,true,85.95,1738,116.3,player-02532,DEF,34,8,312.83,85.91,5.14,643.67,15,30
738,193.62,true,75.01,8156,114.93,player-02533,DEF,34,52,214.73,66.04,5.76,523.28,14,32
773,189.02,true,75.46,8530,114.36,player-02534,MC,34,56,205.8,63.47,5.45,509.19,15,32
549,207.95,true,69.12,6145,115.14,player-02535,MC,34,38,244.22,67.63,5.14,567.31,14,28
64,237.4,true,85.29,955,113.94,player-02536,DEL,34,6,311.69,89.37,5.62,663.03,14,31
199,208.99,true,88.97,2610,116.23,player-02537,DEF,34,14,301.32,88.91,5.73,626.55,15,34
121,202.85,true,98,1788,112.27,player-02538,MC,34,9,327.35,99,5.76,642.47,14,32
546,202.77,true,75.19,6125,114.37,player-02539,DEL,34,36,250.53,78.05,5.3,567.67,15,31
298,245.12,true,63.26,3574,117.16,player-02540,DEF,34,22,247.34,69.81,5.14,609.62,14,28
277,204.6,true,64.1,6701,124.46,player-02541,POR,28,277,227.91,62.07,3.71,556.97,18,28
366,218.14,true,48.59,8312,123.41,player-02542,DEF,28,366,176.55,48.69,3.71,518.09,18,28
336,233.64,true,63.96,7770,122.39,player-02543,DEF,28,336,178.8,53.38,3.71,534.82,18,28
271,222.59,true,54.81,6506,125.24,player-02544,MC,28,271,212.78,59.79,3.71,560.61,18,28
225,213.8,true,69.72,5445,122.94,player-02545,MC,28,225,242.68,71.92,3.6,579.42,17,26
260,225.85,true,55.67,6268,120.85,player-02546,DEL,28,260,218.49,64.14,4.21,565.2,16,27
251,196.79,true,67.6,5983,123.31,player-02547,DEF,28,251,250,75.93,3,570.1,20,28
286,233.53,true,47.57,6983,123.27,player-02548,MC,28,286,195.24,62.01,3.59,552.04,19,29
193,219.52,true,67.51,4854,124.66,player-02549,DEL,28,193,244.83,66.69,3.81,589.01,19,30
264,222.94,true,55.75,6366,124.19,player-02550,DEF,28,264,216.04,68.45,3.22,563.17,18,26
434,250.99,true,80.78,4884,115.92,player-02551,POR,37,97,221.63,68.18,4.93,588.54,18,31
288,248.02,true,71.7,3459,115.21,player-02552,DEF,37,72,248.68,67.07,4.91,611.91,16,27
84,223.72,true,80.76,1260,117.67,player-02553,DEF,37,32,312.9,84.7,4.07,654.29,17,28
122,213.55,true,86.84,1789,117.67,player-02554,MC,37,37,311.25,87.69,5.41,642.47,17,32
27,235.46,true,78.95,451,118.28,player-02555,MC,37,11,328.2,95.43,3.84,681.94,17,27
250,233.96,true,67.49,3179,118.26,player-02556,DEL,37,62,264.19,71.65,5.09,616.4,15,26
160,241.22,true,82.2,2208,118.56,player-02557,DEF,37,46,274.4,77.58,4.54,634.18,17,27
45,237.94,true,80.26,790,116.06,player-02558,MC,37,18,314.42,89.88,5.45,668.41,15,28
78,229.23,true,88.38,1186,117.23,player-02559,DEL,37,30,309.87,87.13,3.22,656.33,18,26
24,253.06,true,82.12,402,118.16,player-02560,DEF,37,9,312.88,90.37,4.05,684.1,14,23
51,236.15,true,94.77,574,121.52,player-02561,POR,46,30,318.74,88.62,3.91,676.42,22,32
496,254.74,true,67.31,4987,123.22,player-02562,DEF,46,185,208.71,61.99,4.57,586.67,20,28
78,235.19,true,91.34,835,122.57,player-02563,DEF,46,38,309.11,92.91,4.8,666.87,20,26
731,226.05,true,60.76,7228,121.24,player-02564,MC,46,285,200.3,60.11,5.16,547.59,19,29
571,198.44,true,85.61,5745,119.62,player-02565,MC,46,220,256.36,76.13,3.75,574.42,20,28
293,243.98,true,68.34,2989,122.8,player-02566,DEL,46,117,252.85,73.12,2.47,619.63,23,30
430,224.63,true,70.31,4273,120.96,player-02567,DEF,46,163,252.61,71.89,2.64,598.2,18,24
268,243.18,true,78.92,2803,121.55,player-02568,MC,46,106,257.95,72.58,4.79,622.68,18,26
517,240.87,true,65.9,5225,121.4,player-02569,DEL,46,196,220.56,63.59,3.57,582.82,23,32
17,247.41,true,97.07,191,121.94,player-02570,DEF,46,10,329.99,92.66,4.45,699.34,19,30
93,224.78,true,59.68,8026,112.46,player-02571,POR,33,93,189.58,56.35,4.92,526.82,12,23
21,248.65,true,81.31,2774,113.47,player-02572,DEF,33,21,260.93,77.51,4.23,623.05,13,22
82,227.44,true,58.08,7540,113.08,player-02573,DEF,33,82,200.54,54.83,5.14,541.06,13,26
17,245.53,true,74.8,2313,112.75,player-02574,MC,33,17,273.94,79.46,4.49,632.22,13,23
37,241.07,true,69.97,4145,108.5,player-02575,MC,33,37,250.73,69.17,5.38,600.3,10,21
59,247.22,true,61.73,5961,110.89,player-02576,DEL,33,59,212.43,59.93,5.33,570.53,13,27
32,246.23,true,79.32,3834,113.36,player-02577,DEF,33,32,246.07,72.82,4.92,605.66,12,23
132,191.35,true,58.24,9252,108.34,player-02578,MC,33,132,101.75,33.1,5.14,401.44,10,20
19,247.64,true,71.78,2591,114.09,player-02579,DEL,33,19,265.33,77.65,4.72,627.06,13,24
92,231.36,true,60.93,8015,110.51,player-02580,DEF,33,92,185.54,56.02,4.49,527.41,13,23
115,254.14,true,56.61,4771,122.08,player-02581,POR,39,115,214.12,61.34,4.99,590.33,21,37
30,259.14,true,72.87,1389,118.87,player-02582,DEF,39,30,272.95,77.6,5.52,650.96,19,37
168,253.43,true,60.5,7283,119.63,player-02583,DEF,39,168,173.62,52.84,5.27,546.68,18,33
120,233.8,true,65.72,5019,119.6,player-02584,MC,39,120,232.83,65.77,5.24,586.23,19,35
70,231.56,true,71.38,2818,120.11,player-02585,MC,39,70,270.82,78.86,4.51,622.48,18,32
92,248.74,true,67.6,3694,119.3,player-02586,DEL,39,92,239.62,75.03,5.11,607.66,18,32
155,220.93,true,70.55,6453,121.5,player-02587,DEF,39,155,219.14,69.86,4.14,561.56,21,35
195,220.69,true,64.71,8883,119.51,player-02588,MC,39,195,148.12,45.55,5.14,488.33,18,32
170,239.25,true,63.27,7424,121.24,player-02589,DEL,39,170,182.97,52.93,4.98,543.46,18,31
135,203.75,true,65.82,5635,122.33,player-02590,DEF,39,135,250.21,72.98,4.95,576.3,18,31
16,286.22,true,78.22,253,117.84,player-02591,POR,35,14,289.6,83.26,6.96,693.66,26,38
86,270.96,true,67.88,1454,119.72,player-02592,DEF,35,70,258.68,72.77,4.27,649.36,23,36
196,296.27,true,59.51,3282,117.71,player-02593,DEF,35,150,200.67,56.47,7.66,614.65,25,41
133,274.35,true,70.19,2188,116.99,player-02594,MC,35,106,243.18,69.32,7.9,634.52,24,41
153,265.54,true,69.73,2539,118.76,player-02595,MC,35,117,243.78,67.28,7.54,628.08,22,35
202,258.68,true,76.86,3349,118.28,player-02596,DEL,35,155,236.58,69.14,5.93,613.53,21,33
230,264.86,true,58.39,3878,119,player-02597,DEF,35,174,221.03,63.97,7.48,604.89,24,38
69,296.77,true,75.67,1067,118.61,player-02598,MC,35,56,244.32,69.35,5.4,659.69,24,35
162,287.62,true,59.77,2734,118,player-02599,DEL,35,125,218.38,59.54,6.16,624,23,38
9,290.94,true,82.2,75,117.2,player-02600,DEF,35,9,307.26,85.71,3.78,715.4,21,33
60,237.36,true,74.75,3313,112.2,player-02601,POR,31,60,264.59,75.96,4.64,614.14,11,20
68,228.03,true,72.11,3764,111.52,player-02602,DEF,31,68,267.17,83.66,4.41,606.72,10,17
27,229.36,true,81.38,1410,113.17,player-02603,DEF,31,27,307.92,92.51,4.64,650.45,11,20
65,222.5,true,86.9,3564,112.62,player-02604,MC,31,65,274.73,78.83,4.35,609.85,11,19
18,248.19,true,86.62,774,109.5,player-02605,MC,31,18,311.15,90.15,5.54,668.83,9,19
64,227.93,true,80.14,3417,111.33,player-02606,DEL,31,64,273.23,81.3,5.14,612.5,10,20
85,216.01,true,79.34,5235,113.13,player-02607,DEF,31,85,253.45,75.56,4.35,582.6,11,19
95,258.84,true,65.07,5594,107.18,player-02608,MC,31,95,211,64.8,4.51,577.02,9,16
26,252.49,true,80.4,1377,111.24,player-02609,DEL,31,26,287.78,88.67,5,651.51,10,19
56,244.09,true,77.58,3160,111.04,player-02610,DEF,31,56,261.58,80.16,4.88,616.72,10,19
247,231.43,true,65.43,3989,125.47,player-02611,POR,45,107,246.24,75.7,7.8,603.14,21,44
379,227.92,true,56.35,6141,126.04,player-02612,DEF,45,145,213.39,59.03,7.13,567.35,22,44
259,238.68,true,72.95,4248,123.71,player-02613,DEF,45,112,236.18,72.27,6.2,598.58,18,41
107,230.82,true,77.27,1806,124.74,player-02614,MC,45,57,286.64,79.18,4.86,642.2,19,36
374,250.67,true,59.55,6027,124.16,player-02615,MC,45,143,194.66,56.72,7.53,569.48,19,41
556,219.61,true,34.47,8886,126.15,player-02616,DEL,45,182,142.39,41.16,5.76,488.16,22,46
437,228.18,true,51.78,6984,125.87,player-02617,DEF,45,156,197.97,56.15,4.77,552.02,22,41
311,222.68,true,68.43,4940,126.37,player-02618,MC,45,130,238.54,66.99,5.38,587.59,20,34
100,245.46,true,77.3,1665,126.87,player-02619,DEL,45,54,272.77,82.22,4.34,645.11,21,33
488,229.17,true,54.04,7879,122.53,player-02620,DEF,45,168,179.75,53.49,5.29,531.44,16,33
1476,219.4,true,66.64,6800,120.07,player-02621,POR,41,295,215.97,63.42,4.51,555.45,18,25
1129,247.83,true,57.46,5055,120.57,player-02622,DEF,41,225,217.24,62.89,4.03,585.64,24,33
797,276.9,true,71.28,3275,118.37,player-02623,DEF,41,149,219.5,62.71,4.51,614.77,22,32
467,282.48,true,66.34,1767,118.76,player-02624,MC,41,86,241.85,66.03,5.16,643.09,24,36
349,279.33,true,70.51,1200,118.17,player-02625,MC,41,60,258.42,70.89,5.02,655.92,24,35
1459,222.88,true,56.95,6729,118.6,player-02626,DEL,41,289,215.05,58,3.66,556.54,20,28
1676,279.04,true,62.45,7920,122.63,player-02627,DEF,41,335,128.31,40.79,3.84,529.98,24,32
244,273.42,true,80.19,764,120.97,player-02628,MC,41,35,275,76.74,4.88,669.38,24,34
1751,249.88,true,62.24,8300,122.36,player-02629,DEL,41,355,146.5,44.91,3.08,518.74,21,27
1326,263.18,true,55.27,6054,120.78,player-02630,DEF,41,259,184.98,53.09,3.26,568.94,26,35
52,191.43,true,98,2814,116.16,player-02631,POR,31,52,314.95,97.88,5.14,622.54,11,22
59,185.47,true,90.86,3300,114.16,player-02632,DEF,31,59,314.77,89.38,5.38,614.4,10,21
40,182.3,true,92.01,2284,112.77,player-02633,DEF,31,40,337.57,97.09,5.79,632.65,10,23
28,185.5,true,96.24,1570,113.13,player-02634,MC,31,28,348.62,97.24,5.91,647.25,11,26
93,175.62,true,80.54,5556,111.63,player-02635,MC,31,93,290.48,83.46,5.91,577.72,11,26
131,173.03,true,74.55,7185,116.33,player-02636,DEL,31,131,259.11,80.83,5.74,548.47,11,25
82,207.25,true,79.57,4798,117.01,player-02637,DEF,31,82,265.71,78.06,4.69,589.96,12,22
112,206.5,true,82.1,6389,110.45,player-02638,MC,31,112,245.84,71.24,5.79,562.79,10,23
79,182.65,true,91.21,4556,114.13,player-02639,DEL,31,79,296.92,89.15,5.97,593.7,10,24
78,194.03,true,81.39,4516,112.24,player-02640,DEF,31,78,288.07,79.66,5.85,594.34,9,21
470,191.02,true,59.38,7522,121,player-02641,POR,02,113,229.38,62.09,5.29,541.39,16,33
360,217.41,true,65.43,5789,119.18,player-02642,DEF,02,86,237.11,66.07,5.93,573.7,16,38
368,219.86,true,72.53,5956,120.68,player-02643,DEF,02,88,230.07,65.88,5.82,570.61,16,37
287,246.03,true,70.92,4541,120.66,player-02644,MC,02,64,227.33,67.61,6.28,594.01,16,36
382,205.1,true,69.3,6243,122.9,player-02645,MC,02,92,237.56,64.77,6.18,565.57,17,38
475,227.54,true,57.94,7626,121.37,player-02646,DEL,02,116,189.7,53.72,6.07,538.61,17,37
300,249.71,true,57.9,4740,120.67,player-02647,DEF,02,69,220.35,61.5,5.43,590.72,16,34
199,234.1,true,73.03,3291,120.44,player-02648,MC,02,41,259.96,78.8,5.87,614.5,16,33
471,209.94,true,59.57,7528,121.88,player-02649,DEL,02,114,209.47,57.16,5.43,541.29,17,32
455,213.52,true,73.55,7266,121.27,player-02650,DEF,02,110,212.11,66.27,5.45,546.9,15,32
166,240.12,true,65.58,4779,113.94,player-02651,POR,22,34,236.19,68.33,7.5,590.25,12,38
28,210.07,true,97.38,1085,117.2,player-02652,DEF,22,4,331.52,97.29,7.13,658.79,14,40
204,193.92,true,71.5,6010,116,player-02653,DEF,22,42,259.83,74.74,6.58,569.76,14,34
22,232.04,true,84.8,883,115.93,player-02654,MC,22,2,317.36,97.29,6.8,665.33,14,36
41,219.73,true,92.29,1317,117.99,player-02655,MC,22,5,315.24,99,7.06,652.96,13,36
68,256.88,true,81.98,2176,112.78,player-02656,DEL,22,12,265.24,86.56,6.14,634.91,12,30
14,269.07,true,73.14,544,113.03,player-02657,DEF,22,1,295.32,89.09,6.81,677.42,11,33
50,236.23,true,88.81,1498,116.29,player-02658,MC,22,7,295.82,84.7,6.6,648.35,14,34
237,211.71,true,69.11,6818,116.97,player-02659,DEL,22,47,226.53,67.53,5.62,555.21,14,31
81,207.32,true,87.3,2594,113.07,player-02660,DEF,22,14,306.63,85,6.61,627.01,12,34
580,214.61,true,83.42,5819,119.86,player-02661,POR,46,224,238.82,73.86,3.78,573.28,21,30
208,224.45,true,85.73,2136,121.25,player-02662,DEF,46,82,290.1,84.35,2.4,635.8,24,31
467,211.22,true,73.52,4667,122.95,player-02663,DEF,46,178,257.71,74.51,3.81,591.87,21,30
287,225.93,true,77.71,2960,119.97,player-02664,MC,46,115,274.1,76.91,4.12,619.99,20,30
552,229.89,true,72.04,5549,120.79,player-02665,MC,46,214,227.15,67.08,2.9,577.82,21,29
119,220.89,true,80.3,1247,120.67,player-02666,DEL,46,51,313.09,93.6,3.72,654.66,20,28
56,221.06,true,88.19,627,121.18,player-02667,DEF,46,31,332.16,90.71,1.81,674.39,20,24
117,227.69,true,86.61,1214,119.91,player-02668,MC,46,50,307.86,87.01,4.25,655.46,19,29
573,199.31,true,68.6,5752,121.75,player-02669,DEL,46,221,253.29,71.94,3.94,574.35,20,29
186,192.77,true,91.36,1876,120.7,player-02670,DEF,46,75,327.45,95.47,3.85,640.92,19,27
531,231.82,true,57.56,5924,117.77,player-02671,POR,40,43,221.76,65.54,7.38,571.35,14,36
774,243.46,true,57.78,8543,117.82,player-02672,DEF,40,78,147.4,45.44,6.36,508.67,16,37
477,278.6,true,54.56,5363,117.3,player-02673,DEF,40,41,184.73,52.35,5.89,580.63,16,33
810,239.8,true,47.56,8875,115.41,player-02674,MC,40,82,133.54,40.27,6.63,488.74,15,31
585,241.4,true,58.72,6501,116.85,player-02675,MC,40,50,202.45,57.35,7.21,560.69,15,37
697,240.09,true,63.08,7685,117.72,player-02676,DEL,40,62,179.16,56.5,6.09,536.97,15,37
565,248.56,true,60.07,6253,116.98,player-02677,DEF,40,47,199.87,58.99,6.63,565.41,15,37
682,264.7,true,48.15,7479,119.51,player-02678,MC,40,60,158.11,46.42,6.73,542.33,16,35
254,271.17,true,64.48,3202,116.21,player-02679,DEL,40,27,228.61,65.67,6.07,615.99,15,32
842,245.58,true,41.76,9197,118.19,player-02680,DEF,40,87,81.23,25,6.86,445,16,36
7,280.14,true,89.27,101,122.3,player-02681,POR,46,4,306.95,89.67,3.22,709.4,18,26
125,275.39,true,70.32,1308,121.56,player-02682,DEF,46,54,256.17,72.99,2.75,653.12,17,23
649,233.4,true,58.79,6516,119.7,player-02683,DEF,46,252,207.31,63.51,3.18,560.41,16,23
156,269.57,true,83.02,1610,122.91,player-02684,MC,46,63,253.74,74.52,2.64,646.22,18,24
443,262.8,true,65.14,4439,121.82,player-02685,MC,46,168,210.81,60.67,1.88,595.42,19,23
502,265.88,true,63.36,5053,120.37,player-02686,DEL,46,189,199.41,59.15,2.64,585.65,18,24
63,276.92,true,77.4,692,118.24,player-02687,DEF,46,35,276.86,79,3.47,672.02,14,21
183,272.77,true,69.38,1869,120.86,player-02688,MC,46,74,247.42,70.3,2.75,641.04,17,23
26,279.84,true,88.27,298,123,player-02689,DEL,46,17,287.94,86.47,2.31,690.77,18,23
114,253.91,true,78.39,1205,121.19,player-02690,DEF,46,49,280.66,80.34,2.75,655.76,17,23
200,232.82,true,93.37,2037,123.69,player-02691,POR,46,79,281.42,82.25,2.87,637.93,24,33
45,208.44,true,90.37,491,122.56,player-02692,DEF,46,28,349.18,97.24,3.91,680.17,22,32
403,218.6,true,78.95,4074,124.15,player-02693,DEF,46,156,258.66,76.63,3.75,601.41,23,33
39,214.79,true,98,436,124.02,player-02694,MC,46,24,343.67,99,3.6,682.48,23,32
22,228.83,true,88.46,259,124.62,player-02695,MC,46,14,339.98,95.41,2.56,693.42,25,33
373,215.98,true,81.14,3784,123.71,player-02696,DEL,46,149,266.73,73.38,3.22,606.42,27,36
135,194.02,true,82.6,1434,121.22,player-02697,DEF,46,58,334.54,94.03,3.62,649.78,23,32
2,238.78,true,98,34,123.2,player-02698,MC,46,1,365.73,99,3.66,727.71,26,37
179,180.74,true,94.24,1819,123.32,player-02699,DEL,46,72,337.85,99,2.81,641.92,22,30
127,203.21,true,98,1350,122.09,player-02700,DEF,46,55,326.87,99,4.05,652.17,22,33
657,224.24,true,54.81,7276,117.83,player-02701,POR,40,54,204.69,60.85,3.18,546.75,16,23
806,216.42,true,53.08,8868,116.07,player-02702,DEF,40,81,156.65,44.72,4.37,489.14,15,26
638,231.34,true,54.03,7033,115.94,player-02703,DEF,40,52,204.03,57.52,3.62,551.32,15,23
728,205.13,true,66.49,8071,115.72,player-02704,MC,40,68,205,62.03,4.37,525.85,15,26
398,200.42,true,75.68,4567,115.51,player-02705,MC,40,36,277.63,78.29,3.99,593.55,16,26
600,190.36,true,64.49,6678,115.4,player-02706,DEL,40,51,251.6,77.37,4.05,557.35,14,23
840,214.82,true,45.36,9186,112.16,player-02707,DEF,40,85,121.39,36.06,4.72,448.37,13,24
747,198.37,true,60.99,8237,110.11,player-02708,MC,40,71,212.42,66.21,4.69,520.9,12,22
841,195.21,true,48.44,9195,112.1,player-02709,DEL,40,86,138.41,39.8,4.76,445.72,14,26
836,191.32,true,48.65,9154,115.71,player-02710,DEF,40,84,148.18,44.5,3.89,455.21,15,24
425,199.25,true,64.82,6847,122.14,player-02711,POR,02,103,233.18,63.62,3.32,554.56,15,22
480,188.03,true,60.93,7774,123.09,player-02712,DEF,02,120,223.57,67.09,2.41,534.69,17,22
571,188.63,true,47.95,9172,120.56,player-02713,DEF,02,142,142.49,41.31,3.47,451.68,14,21
491,183.46,true,66.7,7891,121.8,player-02714,MC,02,122,225.73,62.34,3.99,530.98,16,26
501,193.85,true,58.88,8053,121.71,player-02715,MC,02,124,210.71,60.33,3.47,526.26,14,21
376,179.9,true,71.04,6084,123.11,player-02716,DEL,02,90,265.43,74.43,3.14,568.44,14,20
418,213.7,true,66.6,6770,121.83,player-02717,DEF,02,101,220.34,63.01,3.62,555.88,15,23
218,213.64,true,70.28,3585,121.25,player-02718,MC,02,48,274.57,81.5,2.79,609.45,14,19
532,205.3,true,70.4,8618,121.66,player-02719,DEL,02,131,177.74,53.07,2.87,504.7,16,22
541,214.29,true,44.01,8758,122.59,player-02720,DEF,02,135,159.89,43.28,2.52,496.77,16,21
447,180.7,true,90.86,4498,118.49,player-02721,POR,03,188,295.37,85.53,3.38,594.56,23,34
394,205.39,true,86.68,3991,118.45,player-02722,DEF,03,160,279.15,84.82,3.26,602.99,22,32
330,192.53,true,78.62,3382,118.23,player-02723,DEF,03,133,302.25,86.93,2.81,613.01,22,30
527,229.22,true,75.18,5336,121.2,player-02724,MC,03,219,230.59,68.81,2.47,581.01,23,30
376,201.67,true,90.38,3820,118.85,player-02725,MC,03,149,285.35,85.69,3.17,605.86,23,33
106,220.87,true,86.72,1129,118.78,player-02726,DEL,03,41,318.02,89.73,2.56,657.66,25,33
288,177.24,true,87.08,2961,118.65,player-02727,DEF,03,116,324.1,94.52,3.24,619.99,20,29
259,215,true,89.15,2739,117.41,player-02728,MC,03,106,291.51,87.49,3.37,623.92,21,31
40,248.71,true,81.88,443,117.92,player-02729,DEL,03,13,315.52,85.74,4.07,682.16,17,28
46,206.36,true,98,511,119.6,player-02730,DEF,03,14,353.21,96.73,2.72,679.17,23,31
706,206.97,true,81.69,2784,123.17,player-02731,POR,41,130,292.79,81.6,2.87,622.94,16,22
329,215.43,true,88.95,1127,123.75,player-02732,DEF,41,55,318.54,92,2.36,657.71,21,27
878,169.95,true,80.25,3666,122.61,player-02733,DEF,41,175,315.58,86.67,3.24,608.15,20,29
1194,180.39,true,74.35,5340,124.74,player-02734,MC,41,236,275.84,79.35,2.73,580.97,20,27
844,198.9,true,79.82,3464,123.07,player-02735,MC,41,165,289.89,78.47,2.22,611.86,19,24
867,190.55,true,83.26,3580,123.32,player-02736,DEL,41,173,295.66,79.74,3.26,609.54,22,32
1363,171.01,true,82.64,6237,123.11,player-02737,DEF,41,264,271.6,78.6,2.9,565.71,21,29
1178,206.68,true,75.72,5273,123.6,player-02738,MC,41,233,251.75,79.04,1.99,582.03,22,27
650,191.79,true,85.56,2492,126.43,player-02739,DEL,41,120,310.68,88.76,1.29,628.89,23,26
1386,156.28,true,91.26,6354,121.96,player-02740,DEF,41,270,285.15,87.22,2.45,563.39,20,26
610,235.02,true,51.83,8791,119.18,player-02741,POR,01,125,140.57,41.32,8.57,494.77,20,38
459,251.67,true,49.1,7036,118.89,player-02742,DEF,01,89,180.67,51.05,6.98,551.23,21,40
548,255.92,true,52.92,8118,118.9,player-02743,DEF,01,112,149.83,43.44,6.99,524.65,20,38
506,252.41,true,52.53,7567,115.57,player-02744,MC,01,102,172.48,47.98,8.44,540.46,20,37
558,235.14,true,54.99,8208,117.97,player-02745,MC,01,113,168.43,49.7,6.45,521.54,20,38
276,269.08,true,62.1,4596,118.72,player-02746,DEL,01,53,205.24,59.89,8.85,593.04,19,38
450,249.65,true,53.47,6941,119.02,player-02747,DEF,01,87,184.11,52.44,6.71,552.79,22,40
301,280.03,true,53.52,4930,115.27,player-02748,MC,01,57,192.42,56.21,6.58,587.72,19,37
147,287.77,true,54.41,2617,116.5,player-02749,DEL,01,25,222.23,66.58,8.28,626.49,19,38
255,269.86,true,55.9,4195,118.17,player-02750,DEF,01,47,211.41,60.2,7.69,599.44,19,34
733,209.52,true,74.92,2923,122.06,player-02751,POR,14,70,289.04,80.2,2.41,620.62,17,22
1084,189.34,true,81.63,4836,118.06,player-02752,DEF,14,105,281.97,86.77,5.04,589.37,12,18
768,205.14,true,88.98,3079,122.26,player-02753,DEF,14,73,290.6,85.72,4.24,618.01,16,23
820,205.84,true,84.81,3350,123.22,player-02754,MC,14,78,284.47,81.57,1.29,613.53,16,18
1374,215.08,true,72.59,6294,123.06,player-02755,MC,14,135,226.47,67.18,3.76,564.61,15,20
938,189.68,true,77.86,4033,120.88,player-02756,DEL,14,89,291.88,80.82,4.06,602.45,17,24
825,187.62,true,85.37,3381,117.09,player-02757,DEF,14,79,308.33,96.77,5.16,613.03,12,17
860,204.46,true,82.35,3550,120.16,player-02758,MC,14,83,285.58,80,2.77,610.2,14,19
1469,188.81,true,80.34,6771,121.59,player-02759,DEL,14,146,245.48,77.1,2.78,555.88,16,19
1635,200.86,true,68.61,7725,124.9,player-02760,DEF,14,169,210.1,61.16,2.93,535.86,15,18
255,262.38,true,56.84,7244,109.94,player-02761,POR,44,75,174.96,51.24,6.57,547.28,10,28
33,248.82,true,75.08,1201,106.35,player-02762,DEF,44,6,300.73,89.24,6.68,655.9,9,26
144,271.14,true,72.19,4003,110.68,player-02763,DEF,44,37,221.06,65.83,6.59,602.88,11,31
105,270.36,true,71.24,2861,109.67,player-02764,MC,44,27,241.82,69.01,6.35,621.85,11,29
104,280.8,true,64.76,2845,110.09,player-02765,MC,44,26,231.21,67.51,6.07,622.1,11,27
61,307.42,true,68.03,1994,109.25,player-02766,DEL,44,15,222.11,66.94,6.29,638.78,10,26
38,261.6,true,72.11,1275,106.89,player-02767,DEF,44,8,285.44,86,6.29,653.94,10,26
64,272.32,true,71.5,2043,112.97,player-02768,MC,44,17,252.45,74.1,5.56,637.74,11,24
54,281.06,true,72.54,1691,110.23,player-02769,DEL,44,12,253.15,76.73,6.59,644.44,11,31
151,260.12,true,73.99,4221,107.86,player-02770,DEF,44,39,231.07,69.93,6.81,599.05,9,27
1691,167.49,true,68.92,7980,121.48,player-02771,POR,41,341,239.42,66.48,3.2,528.39,25,36
195,195.52,true,94.16,610,120.84,player-02772,DEF,41,28,358.66,96.73,2.33,675.02,25,32
1454,189.24,true,71.49,6720,120.61,player-02773,DEF,41,286,246.81,72.57,2.95,556.65,23,32
1370,165.37,true,85.13,6270,122,player-02774,MC,41,267,277.82,82.45,2.84,565.19,27,37
1294,167.83,true,95.79,5874,121.03,player-02775,MC,41,255,283.45,88.04,2.43,572.32,27,35
1553,169.23,true,74.93,7257,119.88,player-02776,DEL,41,317,257.99,77.72,2.72,547.1,23,31
1056,205.73,true,83.37,4677,121.83,player-02777,DEF,41,208,264.2,77.01,2.92,591.76,26,36
1407,187.75,true,85.68,6488,123.18,player-02778,MC,41,275,249.96,76.91,2.56,560.89,25,33
1432,153.53,true,87.12,6630,121.52,player-02779,DEL,41,277,283.32,88.35,2.87,558.37,24,33
1078,178.26,true,82.52,4807,123.13,player-02780,DEF,41,213,288.44,81.36,2.55,589.84,22,29
467,221.36,true,59.26,7482,121.81,player-02781,POR,13,110,198.99,56.78,4.66,542.15,17,31
406,228.52,true,65.81,6601,121.37,player-02782,DEF,13,90,209.06,62.92,4.78,558.95,15,28
468,231.37,true,56.26,7496,122.98,player-02783,DEF,13,111,187.59,52.03,3.35,541.95,19,28
177,252.37,true,65.61,2904,121.7,player-02784,MC,13,32,246.88,68.35,6.09,620.96,18,32
416,237.77,true,57.62,6758,121.42,player-02785,MC,13,93,196.96,56.46,6.04,556.14,17,30
528,236.18,true,48.23,8567,122.34,player-02786,DEL,13,126,149.06,43.94,4.43,507.58,16,28
332,206.02,true,67.66,5385,121.77,player-02787,DEF,13,67,252.43,74.28,3.93,580.22,18,29
184,264.46,true,64.57,3024,123.55,player-02788,MC,13,35,230.81,64.92,4.2,618.83,19,32
362,243.09,true,60.64,5854,122.63,player-02789,DEL,13,81,207.01,61.86,4.43,572.73,16,28
429,247.09,true,61.47,6920,122.2,player-02790,DEF,13,100,183.71,56.63,5.64,553.01,17,28
42,267.09,true,75.31,759,115.85,player-02791,POR,38,10,286.63,78.87,6.95,669.57,20,34
222,245.75,true,73.52,3698,117.65,player-02792,DEF,38,53,244.22,74.01,3.35,607.61,19,28
35,248.82,true,83.12,656,117.06,player-02793,DEF,38,7,307.28,90.98,4.61,673.17,19,31
110,225.78,true,86.38,1880,118.58,player-02794,MC,38,19,296.51,88.01,6.49,640.87,19,29
273,240.69,true,73.3,4494,118.4,player-02795,MC,38,73,235.52,66.37,6.49,594.61,19,29
34,253.73,true,86.94,630,115.58,player-02796,DEL,38,6,305.03,83.73,6.8,674.34,21,35
26,266.64,true,81.07,437,115.77,player-02797,DEF,38,5,300.07,81.54,4.47,682.48,20,32
15,276.71,true,82.08,201,117.43,player-02798,MC,38,2,303.64,83.02,4.18,697.78,15,22
61,253.37,true,79.42,1004,117.82,player-02799,DEL,38,13,290.27,79.08,4.91,661.46,16,27
25,242.79,true,91.06,426,115.47,player-02800,DEF,38,4,324.7,96.07,3.84,682.96,17,27
1747,194.47,true,57.21,8283,119.03,player-02801,POR,11,350,205.89,55.87,5.36,519.39,23,40
1501,227.54,true,57.51,6910,121.85,player-02802,DEF,11,305,203.69,59.7,4.15,553.08,24,37
1576,218.31,true,64.59,7387,119.49,player-02803,DEF,11,318,206.51,57.67,6.23,544.31,25,42
1677,204.31,true,58.54,7926,119.17,player-02804,MC,11,335,206.37,58.27,4.09,529.85,23,38
1438,212.02,true,54.73,6652,121.24,player-02805,MC,11,294,224.53,63.98,4.45,557.79,23,37
1286,182.93,true,66.51,5820,119.62,player-02806,DEL,11,262,270.74,79.98,4.18,573.28,24,37
1175,215.03,true,65.03,5258,119.49,player-02807,DEF,11,238,247.77,68.74,6.47,582.29,24,42
1200,186.13,true,78.44,5387,117.55,player-02808,MC,11,243,276.49,76,4.75,580.17,26,41
1321,215.64,true,72.52,6042,118.48,player-02809,DEL,11,271,235.05,65.89,4.44,569.17,23,37
1449,177.22,true,71.98,6688,119.74,player-02810,DEF,11,296,260.26,82.03,5.48,557.22,25,37
534,218.65,true,67.7,5380,118.78,player-02811,POR,46,206,242.88,66.86,3.18,580.31,16,23
868,234.46,true,52.56,8724,121.87,player-02812,DEF,46,334,142.93,43.54,2.75,499.26,17,23
915,202.47,true,46.58,9224,117.21,player-02813,DEF,46,354,111.12,34.06,3.95,430.8,13,21
667,199.27,true,69.81,6667,119.62,player-02814,MC,46,258,238.65,76.15,3,557.54,15,21
611,237.52,true,59.19,6115,119.62,player-02815,MC,46,237,210.78,59.11,2.87,567.93,16,22
781,218.62,true,57.33,7671,117.11,player-02816,DEL,46,306,201.67,57.83,3.34,537.41,17,25
809,198.31,true,51.82,8061,118.46,player-02817,DEF,46,320,209.35,62.5,3,526.11,15,21
900,195.79,true,43.62,9078,115.89,player-02818,MC,46,348,158.09,44.4,3.82,469.78,12,19
914,229.57,true,34.94,9217,119.85,player-02819,DEL,46,353,85.56,25,2.87,434.98,16,22
621,236.13,true,57.86,6206,118.69,player-02820,DEF,46,240,211.46,62.42,3.47,566.28,14,21
487,197.41,true,78.87,7864,117.39,player-02821,POR,45,167,217.3,69.38,4.92,532.09,12,23
448,192.04,true,77.41,7211,115.55,player-02822,DEF,45,159,240.46,74.77,5.36,548.05,11,23
408,201.45,true,63.64,6649,114.86,player-02823,DEF,45,152,241.57,69.99,5.52,557.88,12,26
126,198.77,true,95.34,2158,116.36,player-02824,MC,45,65,320.18,93.79,5.74,635.32,11,25
364,204.99,true,79.44,5857,116.96,player-02825,MC,45,140,250.75,72.66,5.14,572.7,12,24
288,187.6,true,85.75,4543,118.97,player-02826,DEL,45,123,287.38,93.45,4.69,593.95,12,22
381,197.05,true,81.52,6192,114.04,player-02827,DEF,45,146,255.48,75.6,5.34,566.57,12,25
92,233.04,true,87.54,1481,109.07,player-02828,MC,45,51,306.64,93.68,7,648.76,8,21
21,241.03,true,95.43,359,115.47,player-02829,DEL,45,13,330.3,99,4.61,686.79,11,19
142,200.57,true,98,2407,116.55,player-02830,DEF,45,73,313.46,94.54,4.64,630.58,11,20
1007,215.01,true,66.58,4400,120.7,player-02831,POR,11,205,260.29,71.72,4.69,596,12,22
1574,209.85,true,58.24,7381,123.01,player-02832,DEF,11,316,211.61,58.19,3.74,544.48,16,25
753,227.05,true,81.32,3016,123.47,player-02833,DEF,11,162,268.54,76.72,4.14,619.06,15,25
375,216.49,true,90.47,1323,122,player-02834,MC,11,78,314.26,99,3.78,652.75,14,22
,210.09,false,71.11,,123.05,player-02835,MC,11,,205.93,66.28,3.89,539.06,15,24
1236,197.47,true,77.12,5587,120.56,player-02836,DEL,11,250,259.09,74.91,3.95,577.12,13,21
668,204.74,true,75.12,2583,122.15,player-02837,DEF,11,145,300.33,90.25,3.97,627.22,12,19
584,228.68,true,88.23,2219,122.11,player-02838,MC,11,129,283.1,82.86,3.32,633.89,15,22
1155,209.94,true,77.27,5177,122.12,player-02839,DEL,11,235,251.7,73.06,3,583.77,15,21
417,242.73,true,85.47,1501,124.71,player-02840,DEF,11,89,280.84,88.34,2.59,648.27,14,18
486,267.31,true,65.95,1845,120.33,player-02841,POR,18,34,253.81,74.29,3,641.45,20,28
1446,235.22,true,62.52,6684,121.57,player-02842,DEF,18,110,200.5,58.8,3,557.28,20,28
663,248.02,true,71.62,2537,117.48,player-02843,DEF,18,47,262.63,71.6,3.59,628.13,19,29
964,231.87,true,68.48,4172,119.41,player-02844,MC,18,70,248.64,69.99,3.71,599.92,18,28
133,268.23,true,81.69,403,120.05,player-02845,MC,18,11,295.75,90.43,2.94,684.02,18,25
882,244.67,true,64.64,3699,119.49,player-02846,DEL,18,63,243.45,68.47,2.31,607.61,18,23
654,255.37,true,71.04,2500,118.63,player-02847,DEF,18,46,254.8,70.3,3.93,628.8,18,29
74,276.35,true,76.9,210,120.27,player-02848,MC,18,7,300.53,81.35,3.6,697.15,17,26
747,208.56,true,78.58,2985,120.72,player-02849,DEL,18,53,290.4,78.95,3.1,619.68,19,27
786,230.04,true,73.82,3199,116.65,player-02850,DEF,18,56,269.37,76.5,4.37,616.06,15,26
235,196.9,true,84.19,3909,120.99,player-02851,POR,48,147,286.51,82.82,3.31,604.4,17,22
328,201.54,true,81.42,5203,120.41,player-02852,DEF,48,198,261.41,77.01,2.81,583.35,22,30
139,181.59,true,88.44,2486,119.23,player-02853,DEF,48,90,328.2,88.84,4.14,629.02,20,30
359,193.57,true,79.78,5601,120.55,player-02854,MC,48,213,262.82,73.95,3.69,576.94,18,25
127,192.32,true,83.33,2322,119.48,player-02855,MC,48,83,320.25,86.42,2.82,632.05,18,22
104,217.46,true,89.95,1899,121.85,player-02856,DEL,48,66,301.22,87.56,4.12,640.54,17,25
241,193.23,true,79.97,4006,120.65,player-02857,DEF,48,151,288.99,80.93,3.94,602.86,20,29
90,206.65,true,86.04,1695,118.85,player-02858,MC,48,57,318.8,89.42,4.04,644.3,16,23
4,220.4,true,98,203,120.84,player-02859,DEL,48,3,356.44,99,3.59,697.67,21,29
392,177.29,true,88.72,6043,118.52,player-02860,DEF,48,232,273.36,83.71,2.75,569.17,17,23
105,233.33,true,72.78,2683,119.46,player-02861,POR,28,105,272.37,75.15,5.77,625.17,19,32
207,231.98,true,68.5,5027,120.66,player-02862,DEF,28,207,233.5,70.54,3.69,586.15,20,31
224,226.25,true,69,5398,118.53,player-02863,DEF,28,224,235.27,69.36,5.77,580.05,19,32
158,215.14,true,70.91,3921,120.85,player-02864,MC,28,158,268.27,73.29,4.33,604.25,18,31
95,209.19,true,79.14,2390,117.79,player-02865,MC,28,95,303.94,84.13,5.83,630.92,20,34
267,216.03,true,63.26,6413,118.94,player-02866,DEL,28,267,227.3,67.39,4.14,562.26,21,35
92,238.26,true,72.19,2288,121.99,player-02867,DEF,28,92,272.35,83.71,3.59,632.59,19,29
199,226.67,true,63.09,4955,117.74,player-02868,MC,28,199,242.76,67.86,5.95,587.17,19,33
365,233.81,true,52.8,8284,120.65,player-02869,DEL,28,365,164.92,48.82,4.08,519.39,20,33
192,241,true,66.63,4816,119.96,player-02870,DEF,28,192,228.73,66.09,5.9,589.68,18,31
739,197.06,true,67.57,6731,120.05,player-02871,POR,08,335,239.39,68.25,0.81,556.5,14,15
718,208.89,true,68.55,6522,122.81,player-02872,DEF,08,324,228.6,68.16,2.14,560.31,16,20
776,202.96,true,77.48,7164,122.03,player-02873,DEF,08,353,223.92,67.9,1.57,548.9,18,21
388,202.72,true,82.63,3674,121.52,player-02874,MC,08,178,283.82,85.2,1.79,608.06,16,19
527,222.43,true,70.22,4871,123.04,player-02875,MC,08,237,243.3,71.55,1.72,588.77,16,19
645,207.53,true,74.59,5907,123.26,player-02876,DEL,08,292,240.89,72.36,1.14,571.68,18,20
609,230.21,true,68.43,5518,121.43,player-02877,DEF,08,277,226.75,71.47,1.32,578.39,15,17
780,221.93,true,60.91,7186,119.05,player-02878,MC,08,355,207.49,63.5,2.49,548.47,13,17
,249.14,false,60.58,,116.36,player-02879,DEL,08,,176.3,56.48,2.45,541.8,10,13
359,212.12,true,78.84,3437,120.05,player-02880,DEF,08,167,280.06,80.45,2.04,612.23,13,16
,209.18,false,62.41,,111.26,player-02881,POR,24,,147.43,48.88,4.9,467.87,11,21
350,202.53,true,80.84,4098,115.76,player-02882,DEF,24,28,282.71,80.17,3.47,601.01,14,21
268,253.96,true,68.69,3269,113.5,player-02883,DEF,24,17,247.48,71.65,3.89,614.95,15,24
212,241.7,true,87.44,2769,115.15,player-02884,MC,24,14,266.27,79.13,4.49,623.11,13,23
708,224.35,true,67.77,7771,112.49,player-02885,MC,24,83,197.98,61,4.54,534.82,14,25
291,240.69,true,69.86,3493,116.02,player-02886,DEL,24,22,254.55,70.06,4.49,611.26,13,23
472,261.79,true,62.53,5326,112.93,player-02887,DEF,24,45,206.4,57.36,4.72,581.12,13,24
619,202.67,true,69.48,6860,116.37,player-02888,MC,24,70,235.14,72.13,3.67,554.18,11,17
143,227.16,true,82.34,1998,114.87,player-02889,DEL,24,7,296.61,84.88,3.61,638.64,12,18
598,218.07,true,59.3,6664,114.32,player-02890,DEF,24,65,225.22,65.95,4.64,557.61,11,20
873,190.88,true,69.12,8123,121.64,player-02891,POR,43,232,211.93,63.99,2.14,524.45,20,25
608,217.26,true,71.63,5514,122.17,player-02892,DEF,43,151,239.01,68.81,3.94,578.43,18,26
566,215.44,true,84.48,5157,121.19,player-02893,DEF,43,137,247.44,74.27,3.24,584.07,20,29
136,200.19,true,90.36,1333,123.3,player-02894,MC,43,30,329.05,90.56,3.42,652.54,20,27
216,225.42,true,81.56,1980,120.42,player-02895,MC,43,44,293.14,79.67,3.24,638.98,20,29
722,212.72,true,76.64,6564,119.89,player-02896,DEL,43,192,226.86,66.98,3.53,559.48,23,32
154,234.71,true,71.21,1560,118.15,player-02897,DEF,43,34,294.54,82.99,4.32,647.39,17,26
390,210.3,true,78.9,3681,122.18,player-02898,MC,43,91,275.45,79.26,3.76,607.93,21,30
385,204.1,true,71.47,3654,120.75,player-02899,DEL,43,89,283.46,76.45,2.22,608.32,19,24
512,200.88,true,81.74,4751,118.3,player-02900,DEF,43,127,271.44,75.49,3,590.62,20,28
633,196.38,true,52.35,8998,106.2,player-02901,POR,20,144,175.54,52.5,4.58,478.13,10,18
,245.16,false,68.55,,108.13,player-02902,DEF,20,,222.59,69.7,3,575.88,10,14
347,239.57,true,64.51,5466,108.87,player-02903,DEF,20,77,230.68,62.81,5.59,579.12,11,20
384,227.32,true,65.74,5905,106.98,player-02904,MC,20,86,237.41,69.14,4.88,571.71,10,19
508,242.7,true,58.16,7606,106.96,player-02905,MC,20,119,189.65,59.16,5.64,539.31,10,18
504,232.63,true,62.21,7552,105.88,player-02906,DEL,20,118,202.35,65.21,4.88,540.86,10,19
522,204.16,true,65.53,7822,103.32,player-02907,DEF,20,122,225.79,65.04,4.85,533.27,9,17
483,207.11,true,61.13,7361,107.05,player-02908,MC,20,114,230.74,64.53,6.61,544.9,10,23
407,228.53,true,65.94,6250,109.29,player-02909,DEL,20,94,227.62,69.27,5.8,565.44,11,21
452,230.51,true,61.52,6988,107.44,player-02910,DEF,20,101,213.99,59.47,5.38,551.95,10,17
214,230.95,true,92.51,2228,118.94,player-02911,POR,12,43,283.92,83.24,4.88,633.81,20,38
406,209.65,true,78.58,4078,119.06,player-02912,DEF,12,85,272.66,85.73,5.28,601.37,18,37
533,198.5,true,78.5,5371,116.8,player-02913,DEF,12,107,265.16,76.48,5.62,580.46,19,42
148,193.03,true,98,1542,114.61,player-02914,MC,12,29,339.98,96.49,5.72,647.62,19,43
151,203.05,true,88.22,1559,116.22,player-02915,MC,12,31,328.15,90.49,5.49,647.42,20,43
230,194.58,true,89.38,2442,117.24,player-02916,DEL,12,46,318.11,90.43,5.82,629.93,16,37
342,208.93,true,81.22,3498,114.66,player-02917,DEF,12,70,287.62,78.64,6.09,611.21,17,42
121,238.39,true,78.03,1257,117.32,player-02918,MC,12,21,298.65,82.86,5.27,654.36,19,39
166,206.89,true,87.19,1730,118.9,player-02919,DEL,12,35,317.95,86.78,5.39,643.74,19,40
141,188.1,true,92.79,1476,115.36,player-02920,DEF,12,27,345.41,95.46,5.14,648.87,21,42
571,212.26,true,68.92,6304,118.44,player-02921,POR,37,121,233.72,69.83,4.54,564.42,14,25
678,163.34,true,73.99,7436,120.25,player-02922,DEF,37,132,259.67,77.02,5.17,543.27,17,26
513,182.07,true,72.6,5760,120.15,player-02923,DEF,37,114,271.93,81.07,5.04,574.15,16,24
732,196.65,true,64.51,8128,119.16,player-02924,MC,37,140,208.4,60.33,5.19,524.2,15,23
662,176.8,true,78.26,7294,119.9,player-02925,MC,37,131,249.62,73.73,5.62,546.32,14,23
276,221.65,true,77.15,3352,121.77,player-02926,DEL,37,70,270.11,75.88,3.98,613.52,17,22
680,193.86,true,60.4,7467,119.99,player-02927,DEF,37,133,228.69,66.07,5.71,542.55,18,30
430,184.87,true,81.33,4844,120.23,player-02928,MC,37,94,284.13,82.11,3.99,589.22,16,26
739,193.76,true,70.28,8158,121.91,player-02929,DEL,37,142,207.56,63.88,4.79,523.23,18,26
804,182.59,true,66.36,8846,119.19,player-02930,DEF,37,150,188.99,54.64,3.99,490.78,16,26
675,236.63,true,67.96,6151,126.08,player-02931,POR,08,306,204.46,63.78,2.73,567.18,20,27
408,254.42,true,61.85,3842,128.47,player-02932,DEF,08,187,222.67,62.67,2.95,605.55,23,32
138,261.36,true,73.9,1368,125.84,player-02933,DEF,08,70,264.55,71.35,3.04,651.76,22,31
726,227.85,true,64.88,6574,127.79,player-02934,MC,08,326,203.67,58.81,2.36,559.31,21,27
128,270.48,true,80.43,1225,124.93,player-02935,MC,08,65,259.77,79.12,3.47,655.18,18,27
178,218.42,true,78.41,1721,124.91,player-02936,DEL,08,92,300.58,88.43,3,643.91,20,28
97,234.53,true,79.27,927,125,player-02937,DEF,08,47,304.27,82.22,2.54,663.81,19,25
382,240.22,true,65.9,3635,126.62,player-02938,MC,08,175,241.79,65.21,2.14,608.63,20,25
600,214.96,true,78.13,5443,127.2,player-02939,DEL,08,272,237.28,71.79,1.99,579.45,22,27
32,252.62,true,73.8,304,126.49,player-02940,DEF,08,13,311.21,93.25,1.57,690.33,24,28
1,235.36,true,95.16,118,122.63,player-02941,POR,10,1,349.14,99,3.71,707.13,18,28
33,197.06,true,87.74,1997,126.14,player-02942,DEF,10,23,315.49,89.16,3.18,638.69,16,23
20,227.06,true,97.94,1215,123.21,player-02943,DEF,10,14,305.18,94.31,3.93,655.44,18,29
125,192.59,true,79.99,6513,124.4,player-02944,MC,10,74,243.43,69.84,3.74,560.42,16,25
92,236.75,true,74.8,4792,124.07,player-02945,MC,10,57,229.22,71.59,3.93,590.04,18,29
6,250.63,true,84.48,549,126.48,player-02946,DEL,10,3,300.09,87.81,2.94,677.19,18,25
57,198.08,true,87.58,3196,124.7,player-02947,DEF,10,40,293.29,81.06,3.34,616.08,17,25
46,210.15,true,74.4,2843,125.08,player-02948,MC,10,33,286.91,77.38,3.34,622.14,17,25
9,229.41,true,98,677,123.87,player-02949,DEL,10,6,319.32,93.69,2.94,672.59,18,25
105,190.31,true,73.77,5548,123.99,player-02950,DEF,10,64,263.53,75.22,3.32,577.84,15,22
417,195.87,true,71.22,6760,115.51,player-02951,POR,13,94,244.65,68.76,6.54,556.02,15,31
473,190.44,true,67.25,7557,114.47,player-02952,DEF,13,112,235.82,68.34,5.65,540.73,16,27
551,177.17,true,65.58,8830,114.66,player-02953,DEF,13,135,199.95,60.39,5.45,491.79,15,28
391,212.6,true,68.25,6384,117.67,player-02954,MC,13,87,232.59,66.76,5.09,562.85,13,22
274,212.42,true,79.41,4443,116.6,player-02955,MC,13,56,266.36,72.38,5.09,595.38,16,28
370,201.4,true,65.44,5991,113.59,player-02956,DEL,13,84,255.04,72.21,6.22,570.02,14,31
276,228.95,true,83.06,4449,118.51,player-02957,DEF,13,58,247.78,74.29,5.29,595.24,14,25
495,212.06,true,63.99,7976,113.54,player-02958,MC,13,116,202.9,59.94,6.43,528.5,15,30
543,206.66,true,57.92,8786,115.4,player-02959,DEL,13,132,172.93,51.92,5.65,494.98,14,27
482,201.27,true,67.41,7797,114.77,player-02960,DEF,13,114,218.01,62.65,5.69,534.05,13,25
674,146.22,true,69.79,9047,112.06,player-02961,POR,15,170,216.08,64.82,4.51,474.36,9,16
562,157.35,true,79.56,7416,114.85,player-02962,DEF,15,149,271.43,80.48,4.6,543.62,10,18
583,152.81,true,76.37,7705,114.33,player-02963,DEF,15,152,269.19,77.39,4.26,536.34,10,17
,164.28,false,65.22,,109.42,player-02964,MC,15,,213.77,68.05,3.47,487.48,8,12
,144.1,false,84.64,,111.74,player-02965,MC,15,,282.87,85.2,4.49,538.71,8,13
,181.42,false,69.44,,109.14,player-02966,DEL,15,,191.59,59.16,3.99,482.15,8,13
684,150.41,true,58.62,9190,112.38,player-02967,DEF,15,172,184.82,55.28,4.51,447.61,9,16
677,148,true,68.15,9076,111.77,player-02968,MC,15,171,210.14,63.6,4.14,469.91,9,15
,146.28,false,72.41,,115.52,player-02969,DEL,15,,254.73,82.15,2.04,516.53,10,12
,158.66,false,83.58,,111,player-02970,DEF,15,,275.21,81.78,2.84,544.87,9,12
622,198.91,true,61.88,6894,119.68,player-02971,POR,37,128,234.83,64.9,5,553.43,18,31
473,204.49,true,62.1,5328,122.32,player-02972,DEF,37,105,254.28,75.04,4.4,581.09,22,35
639,234.99,true,61.24,7055,118.98,player-02973,DEF,37,129,196.82,57.7,4.99,550.79,20,35
727,198.44,true,56.3,8055,120.16,player-02974,MC,37,139,207.61,56.55,5.39,526.21,21,40
560,237.23,true,57.57,6220,119.41,player-02975,MC,37,120,209.41,62.58,4.08,566.05,20,33
,208.86,false,59.95,,120.14,player-02976,DEL,37,,189.18,63.12,4.45,518.17,23,37
194,219.82,true,71.73,2556,119.88,player-02977,DEF,37,54,288.02,82.85,4.7,627.72,20,33
757,191.77,true,60.99,8366,118.91,player-02978,MC,37,144,205.2,60.7,4.45,515.88,19,30
431,214.58,true,70.25,4866,120.01,player-02979,DEL,37,95,254.27,74.55,4.66,588.85,20,33
760,195.33,true,56.18,8401,122.23,player-02980,DEF,37,146,197.42,55,4.07,514.98,22,33
661,204.08,true,30,9170,119.95,player-02981,POR,20,155,127.82,34.6,4.99,451.85,17,33
576,223.42,true,51.7,8409,122.09,player-02982,DEF,20,132,169.08,47.01,5.72,514.59,16,32
640,211.19,true,46.42,9028,120.29,player-02983,DEF,20,146,144.23,42.27,5.67,475.71,18,36
662,225,true,45.41,9175,120.02,player-02984,MC,20,156,105.82,31.21,5.31,450.85,14,29
645,213.69,true,48.23,9064,122.24,player-02985,MC,20,148,136.26,39.55,5.7,472.19,17,34
601,218.54,true,43.91,8715,120.53,player-02986,DEL,20,135,160.61,46.66,4.43,499.67,16,28
476,206,true,65.94,7277,121.25,player-02987,DEF,20,111,219.48,68.35,5.57,546.74,16,35
627,221.94,true,35.3,8947,120.75,player-02988,MC,20,142,140.46,41,5.41,483.15,18,34
647,215.24,true,36.99,9070,120.55,player-02989,DEL,20,150,135.15,36.45,4.78,470.94,18,30
638,214.45,true,51.06,9017,116.8,player-02990,DEF,20,145,145.53,44.83,6.3,476.79,13,29
511,226.09,true,83.03,1936,122.9,player-02991,POR,11,111,291.02,79.57,3.1,640.02,19,27
1136,232.4,true,72.86,5081,123.21,player-02992,DEF,11,231,229.71,66.81,2.54,585.32,19,25
732,233.47,true,86.74,2919,122.91,player-02993,DEF,11,160,264.34,80.72,4.05,620.72,14,23
1560,195.85,true,75.38,7317,124.66,player-02994,MC,11,315,225.38,68.3,2.75,545.89,17,23
1063,238.36,true,81.46,4717,124.25,player-02995,MC,11,215,228.46,73.47,2.14,591.07,20,25
607,227.01,true,81.23,2327,122.86,player-02996,DEL,11,132,282.12,86.6,2.87,631.99,16,22
498,221.34,true,93.02,1910,124.54,player-02997,DEF,11,105,294.49,87.65,2.75,640.37,17,23
366,243.86,true,78.19,1288,121.74,player-02998,MC,11,74,287.97,78.9,2.64,653.58,18,24
708,214.09,true,75.29,2789,127.46,player-02999,DEL,11,153,281.29,84.76,1.64,622.84,17,20
415,219.8,true,88.61,1484,121.01,player-03000,DEF,11,88,307.85,88.78,3.78,648.66,14,22
1095,208.86,true,81.47,4920,118.96,player-03001,POR,21,112,260.08,73.79,4.31,587.9,14,24
139,219.38,true,89.4,422,118.89,player-03002,DEF,21,20,344.78,99,4.76,683.05,14,26
1665,199.55,true,63.94,7843,121.16,player-03003,DEF,21,171,211.98,60.47,4.64,532.68,11,20
1416,192.83,true,74.04,6507,119.25,player-03004,MC,21,143,248.51,75.57,4.49,560.6,13,23
956,204.49,true,76.74,4120,118.5,player-03005,MC,21,94,277.71,79.13,4.76,600.69,14,26
933,195.6,true,80,3999,119.52,player-03006,DEL,21,90,287.79,82.98,4.23,602.91,13,22
730,206.05,true,80.81,2914,119.24,player-03007,DEF,21,75,295.51,80.97,3.89,620.79,15,24
1463,212.69,true,65.98,6746,120.54,player-03008,MC,21,148,223.06,63.81,4.49,556.3,13,23
1242,182.05,true,83.68,5614,115.64,player-03009,DEL,21,127,278.98,79.74,4.76,576.66,14,26
1057,185.13,true,88.2,4680,120.63,player-03010,DEF,21,107,285.95,84.05,4.49,591.71,13,23
,191.93,false,68.44,,119.63,player-03011,POR,48,,230.15,76.18,3.89,541.71,18,25
156,241.42,true,66.87,2757,122.13,player-03012,DEF,48,102,259.88,76.2,3.12,623.43,24,31
345,224.71,true,63.87,5462,122.26,player-03013,DEF,48,207,232.2,67.22,3.26,579.17,22,32
535,221.44,true,54.06,7964,121.73,player-03014,MC,48,303,185.61,53.71,3.47,528.78,23,31
530,234.47,true,50.37,7898,121.75,player-03015,MC,48,299,174.37,47.41,4.1,530.59,20,29
469,233.86,true,69.49,7136,122.47,player-03016,DEL,48,270,193.15,61.73,4.05,549.48,22,32
463,239.71,true,43.97,7100,123.45,player-03017,DEF,48,267,186.98,54.1,2.88,550.14,21,26
615,236.15,true,49.88,8837,121.39,player-03018,MC,48,352,133.92,40.83,3.7,491.46,23,32
373,215.54,true,61.18,5748,124,player-03019,DEL,48,222,234.86,64.75,3.72,574.39,21,29
562,238.69,true,42.88,8244,122.67,player-03020,DEF,48,318,159.4,44.2,3.07,520.76,22,28
81,265.06,true,70.87,1230,119.21,player-03021,POR,40,13,270.74,74.73,3.64,655.02,13,20
213,286.29,true,59.2,2782,114.99,player-03022,DEF,40,22,221.68,67.01,3.08,622.96,12,17
407,282.42,true,58.32,4637,114.44,player-03023,DEF,40,37,195.67,60.53,4.43,592.53,12,21
709,274.72,true,57.15,7775,117.7,player-03024,MC,40,65,142.27,45.32,3.47,534.69,12,18
572,254.21,true,58.74,6332,118.02,player-03025,MC,40,48,191.7,58.71,4.05,563.93,14,23
226,280.59,true,78.07,2971,114.84,player-03026,DEL,40,25,224.45,64.69,4.03,619.87,11,18
462,256.56,true,59.89,5230,118.37,player-03027,DEF,40,40,207.73,59.8,3.95,582.66,13,21
414,275.96,true,63.53,4685,119.37,player-03028,MC,40,38,196.33,58.03,3.3,591.66,13,19
330,275.96,true,57.5,3888,118.63,player-03029,DEL,40,32,210.12,62.38,3.64,604.71,13,20
321,265.51,true,67.1,3829,114.43,player-03030,DEF,40,30,225.76,68.87,4.26,605.7,10,17
57,278.11,true,76.91,1346,118.45,player-03031,POR,28,57,255.71,71.88,5.32,652.27,23,36
19,262.35,true,88.76,374,119.48,player-03032,DEF,28,19,303.85,84.3,5.6,685.68,22,36
24,235.55,true,90.2,490,120.56,player-03033,DEF,28,24,324.08,91.65,4.26,680.2,20,34
47,288.22,true,82.47,893,119.3,player-03034,MC,28,47,257.46,76.55,5.5,664.99,23,37
84,265.68,true,74.36,2094,120.84,player-03035,MC,28,84,250.2,77.6,4.03,636.72,22,36
153,252.3,true,80.76,3793,118.15,player-03036,DEL,28,153,235.85,69.49,3.75,606.31,23,36
72,269.99,true,62.53,1682,120.79,player-03037,DEF,28,72,253.84,70.77,5.92,644.61,22,38
21,276.76,true,76.56,416,119.77,player-03038,MC,28,21,286.71,77.67,5.04,683.24,26,39
38,301.92,true,69.83,723,120.01,player-03039,DEL,28,38,248.96,70.11,4.39,670.89,23,40
106,261.57,true,72.1,2706,120.25,player-03040,DEF,28,106,242.84,69.35,3.96,624.66,21,34
212,270.06,true,79.88,665,118.37,player-03041,POR,04,10,284.52,80.41,6.4,672.95,17,32
881,274.85,true,62.57,3676,116.6,player-03042,DEF,04,42,216.58,66.56,5.59,608.03,15,33
134,262.86,true,90.43,407,118.77,player-03043,DEF,04,6,302.17,90.26,5.3,683.8,15,31
347,280.36,true,73.78,1189,116.95,player-03044,MC,04,17,258.93,70.36,6.86,656.24,16,33
337,276.25,true,85.2,1146,116.32,player-03045,MC,04,16,264.75,82.32,7.17,657.32,15,33
626,231.87,true,81.4,2404,117.33,player-03046,DEL,04,30,281.44,84.09,6.86,630.64,16,33
98,260.55,true,90.91,270,115.35,player-03047,DEF,04,4,316.68,93.02,7.59,692.58,14,34
762,239.56,true,83.97,3064,114.52,player-03048,MC,04,38,264.17,81.19,4.62,618.25,16,29
729,231.96,true,78.69,2912,115.88,player-03049,DEL,04,37,272.99,78.35,4.37,620.83,15,26
924,221.13,true,76.28,3939,119.2,player-03050,DEF,04,44,263.64,74.82,3.99,603.97,16,26
16,261.9,true,90.67,292,116,player-03051,POR,47,2,313.27,91.79,6.43,691.17,19,36
320,246.55,true,76,3824,117.89,player-03052,DEF,47,39,241.37,68.94,6.19,605.81,21,38
114,251.53,true,79.86,1705,117.51,player-03053,DEF,47,11,275.12,76.68,4.46,644.16,21,37
149,239.71,true,78.92,2131,117.7,player-03054,MC,47,15,278.48,82.79,5.38,635.89,20,38
271,234.07,true,71.16,3286,114.47,player-03055,MC,47,29,266.02,72.01,5.38,614.55,20,38
32,251.9,true,89.07,522,113.45,player-03056,DEL,47,4,313.61,96.13,7.23,678.96,19,38
11,240.78,true,90.05,205,118.37,player-03057,DEF,47,1,338.44,99,6.7,697.6,21,38
452,230.22,true,70.72,5093,115.86,player-03058,MC,47,59,238.97,69.54,5.64,585.05,17,28
217,205.86,true,80.32,2822,117.88,player-03059,DEL,47,23,298.66,86.41,6.12,622.4,19,34
34,223.38,true,85.01,564,116.92,player-03060,DEF,47,5,336.41,96.64,4.69,676.7,18,33
87,231.43,true,80.77,1664,121.24,player-03061,POR,48,55,292.47,86.85,4.81,645.15,22,36
,205.63,false,73.24,,119.35,player-03062,DEF,48,,242.53,77.94,4.94,567.51,20,33
161,225.83,true,67.93,2853,121.89,player-03063,DEF,48,106,274.26,76.87,4.59,621.98,21,33
377,223.91,true,77.94,5823,120.64,player-03064,MC,48,225,228.65,66.29,4.67,573.21,23,37
422,200.96,true,74.51,6394,120.99,player-03065,MC,48,249,240.69,71.31,4.32,562.64,23,35
207,206.12,true,82.99,3596,120.61,player-03066,DEL,48,130,282.55,80.03,4.5,609.29,23,36
201,204.09,true,74.78,3457,120.88,player-03067,DEF,48,128,286.99,77.4,3.36,611.95,24,32
291,191.78,true,77.5,4783,118.93,player-03068,MC,48,180,279.49,79.13,4,590.2,24,35
285,184.58,true,72.07,4711,120.83,player-03069,DEL,48,175,285.81,81.8,4.33,591.22,20,30
421,215.18,true,64.68,6382,118.21,player-03070,DEF,48,248,229.48,64.11,5.28,562.87,19,33
76,281.84,true,82.44,2523,123.48,player-03071,POR,50,45,223.06,69.64,4.82,628.39,20,34
92,220.46,true,78.72,2687,118.19,player-03072,DEF,50,53,286.43,78.75,5.14,625.09,15,30
229,243.62,true,70.01,6633,120.3,player-03073,DEF,50,120,194.41,59.71,5.7,558.32,18,36
31,278.49,true,79.16,1165,122.08,player-03074,MC,50,22,256.31,73.34,5.11,656.89,19,34
84,255.2,true,79.82,2625,121.39,player-03075,MC,50,49,249.77,70.78,4.28,626.35,17,29
142,253.05,true,72.66,3950,119.63,player-03076,DEL,50,78,231.09,70.2,4.95,603.78,18,31
55,257.05,true,81.49,1701,119.1,player-03077,DEF,50,35,268.06,78.72,5.29,644.21,18,33
69,247.78,true,75.74,2265,123.27,player-03078,MC,50,40,261.95,76.56,4.07,633,19,28
16,238.03,true,93.38,746,117.14,player-03079,DEL,50,12,314.76,96.75,5.18,669.93,16,28
222,232.17,true,71.57,6489,119.13,player-03080,DEF,50,117,209.58,61.63,5.14,560.89,17,30
443,265.79,true,51.14,7167,117.52,player-03081,POR,13,104,165.57,46.14,6.49,548.88,15,25
319,230.94,true,58.29,5182,117.4,player-03082,DEF,13,65,235.28,67.27,4.44,583.63,15,23
567,257.68,true,41.92,9079,117.65,player-03083,DEF,13,137,94.44,27.88,4.71,469.78,16,26
517,245.46,true,50.37,8382,116.62,player-03084,MC,13,121,153.41,45.32,4.94,515.5,17,29
242,257.87,true,62.75,3948,118.5,player-03085,MC,13,49,227.45,62.03,4.31,603.82,14,24
423,256.26,true,57.55,6826,119,player-03086,DEL,13,97,179.74,52.96,6.51,555,16,27
552,209.76,true,55.6,8840,111.86,player-03087,DEF,13,136,169.68,51.16,6.36,491.31,13,24
424,222.47,true,58.11,6839,115.02,player-03088,MC,13,98,217.26,65.69,4.91,554.76,14,23
366,225.02,true,62.6,5873,118.15,player-03089,DEL,13,82,229.16,69.82,6.95,572.33,16,25
241,238.27,true,67.57,3919,119.19,player-03090,DEF,13,48,246.81,66.81,3.64,604.27,15,20
67,265.39,true,77.68,1083,114.89,player-03091,POR,45,40,278.84,76.87,5.14,659.12,17,34
153,230.8,true,78.56,2547,117.24,player-03092,DEF,45,80,279.78,76.28,4.28,627.83,17,29
,226.96,false,94.85,,119.01,player-03093,DEF,45,,298.94,98.83,4.93,644.91,18,31
,240.07,false,95.71,,117.88,player-03094,MC,45,,273.89,89.53,5.1,631.83,20,36
174,240.07,true,73.61,2851,117.88,player-03095,MC,45,88,264.06,73.18,5.35,622,21,40
77,236.11,true,83.78,1243,119.78,player-03096,DEL,45,46,298.85,90.1,5.1,654.74,18,32
191,242.79,true,83.11,3184,118.2,player-03097,DEF,45,91,255.32,74.39,4.01,616.31,19,31
171,192.44,true,95.89,2836,118.29,player-03098,MC,45,86,311.49,95.73,5.27,622.22,16,29
42,233.74,true,90.47,706,111.83,player-03099,DEL,45,24,325.87,96,4.97,671.44,15,29
15,250.69,true,87.48,282,117.81,player-03100,DEF,45,10,322.95,92.57,3.47,691.45,20,30
117,241.6,true,94.1,1976,122.35,player-03101,POR,45,61,275.11,79.78,4.09,639.06,17,25
22,249.99,true,97.2,365,122.1,player-03102,DEF,45,14,314.25,96.41,2.52,686.34,16,21
141,254.07,true,77.31,2359,121.29,player-03103,DEF,45,72,256.14,76.84,3.91,631.5,20,29
5,237.23,true,98,98,120.47,player-03104,MC,45,5,352.01,98.28,3.89,709.71,20,29
7,253.97,true,98,137,120.29,player-03105,MC,45,6,330.98,99,4.35,705.24,17,26
50,259.32,true,89.57,815,121.04,player-03106,DEL,45,29,287.13,80.2,3.32,667.49,19,25
3,244.83,true,92.65,46,120.16,player-03107,DEF,45,3,359.54,98.77,3.93,724.53,18,29
68,244.96,true,91.13,1084,119.29,player-03108,MC,45,41,294.65,88.63,4.05,658.9,19,28
83,233.34,true,95.09,1318,121.54,player-03109,DEL,45,48,298.08,88.73,3.58,652.96,21,32
387,250.18,true,75.46,6327,117.71,player-03110,DEF,45,148,196.14,61.34,4.52,564.02,16,25
62,234.21,true,90.94,673,112.56,player-03111,POR,12,6,325.97,91.64,4.53,672.73,21,34
525,204.85,true,79.69,5324,112.12,player-03112,DEF,12,106,264.17,77.1,4.14,581.14,18,30
86,229.23,true,91.77,905,111.16,player-03113,DEF,12,13,324.35,99,5.11,664.74,19,34
143,227.12,true,81.22,1479,112.85,player-03114,MC,12,28,308.82,84.06,4.27,648.79,22,34
322,207.33,true,79.13,3287,112.26,player-03115,MC,12,64,294.94,83.47,5.03,614.54,20,35
137,233.22,true,81.26,1461,107.59,player-03116,DEL,12,25,308.47,84.34,5.31,649.28,19,35
390,211.84,true,78.22,3965,111.34,player-03117,DEF,12,80,280.4,77.7,4.98,603.57,19,33
690,205.94,true,80.91,6849,114.71,player-03118,MC,12,144,233.87,74.22,4.01,554.52,21,31
75,232.13,true,91.56,805,112.43,player-03119,DEL,12,10,323.45,97.99,5.6,668.01,22,36
107,233.61,true,83.54,1133,113.57,player-03120,DEF,12,19,310.44,84.88,4.42,657.62,22,35
359,246.66,true,61.17,3680,118.05,player-03121,POR,03,142,243.23,76.04,2.64,607.94,21,28
685,217.72,true,62.74,6831,119.53,player-03122,DEF,03,275,217.71,65.29,3.78,554.96,21,30
504,237.72,true,60.26,5064,119.13,player-03123,DEF,03,213,228.66,62.21,3.42,585.5,20,27
691,197.23,true,68.28,6855,119.32,player-03124,MC,03,277,237.73,65.5,2.64,554.29,15,20
632,216.71,true,56.54,6317,118.74,player-03125,MC,03,253,228.82,65.2,3.69,564.27,20,28
408,229.33,true,71.32,4084,117.74,player-03126,DEL,03,166,254.25,71.81,4.12,601.31,20,30
796,220.49,true,64.93,7868,119.33,player-03127,DEF,03,317,192.12,61.06,2.62,531.93,20,24
389,244.99,true,68.17,3956,118.91,player-03128,MC,03,156,239.83,65.36,3.66,603.73,20,28
348,251.89,true,66.6,3606,120.1,player-03129,DEL,03,140,237.13,65.15,2.04,609.12,17,21
469,245.22,true,61.72,4679,115.61,player-03130,DEF,03,198,230.91,64.75,3.69,591.74,18,25
24,297.09,true,72.66,391,123.41,player-03131,POR,02,6,264.18,77.37,3.18,684.68,16,23
17,282.15,true,74.03,289,122.53,player-03132,DEF,02,4,286.51,81.4,2.75,691.19,17,23
8,268.7,true,87.35,142,120.97,player-03133,DEF,02,1,314.62,90.52,3.47,704.29,18,27
,263.27,false,70,,120.49,player-03134,MC,02,,163.59,52.67,3.22,547.35,18,26
146,247.37,true,77.98,2432,121.04,player-03135,MC,02,32,261.8,78.09,3.06,630.21,17,24
58,273.15,true,86.6,991,120.82,player-03136,DEL,02,13,267.84,80.94,2.94,661.8,18,25
13,270.15,true,76.39,211,122.7,player-03137,DEF,02,2,304.19,90.58,2.22,697.04,19,24
94,240.64,true,84.79,1508,120.5,player-03138,MC,02,22,287.02,84.42,3.47,648.15,16,24
93,273.32,true,74.46,1482,121.2,player-03139,DEL,02,21,254.25,72.16,2.75,648.76,17,23
118,276.68,true,67.73,1986,122.42,player-03140,DEF,02,26,239.8,64.99,2.94,638.9,18,25
25,235.82,true,87.2,271,119.87,player-03141,POR,15,8,336.69,94.25,3.04,692.39,22,31
43,227.56,true,91.62,521,118.72,player-03142,DEF,15,16,332.7,93.94,5.65,678.98,20,33
144,239.04,true,76.81,1753,121.01,player-03143,DEF,15,49,283.37,77.52,3.47,643.43,22,33
109,209.37,true,86.11,1330,121.47,player-03144,MC,15,38,321.74,92.86,5.77,652.59,22,37
78,208.56,true,82.89,985,123.83,player-03145,MC,15,27,329.63,92.03,3.14,662.02,21,30
488,206.25,true,71.63,6288,123.37,player-03146,DEL,15,136,235.09,66.25,4.81,564.71,20,29
255,206.9,true,73.4,3105,121.54,player-03147,DEF,15,82,289.08,79.99,5.5,617.52,23,37
323,189.57,true,87.46,4018,122.26,player-03148,MC,15,100,290.79,82.04,3,602.62,20,28
241,193.69,true,88.16,2937,121.88,player-03149,DEL,15,79,304.73,90.14,4.47,620.29,21,29
494,195.25,true,87.72,6380,122.4,player-03150,DEF,15,138,245.31,75,2.36,562.96,21,27
99,210.61,true,92.33,2473,117.56,player-03151,POR,28,99,301.27,88.58,3.18,629.43,16,23
98,223.51,true,81.44,2472,115.37,player-03152,DEF,28,98,290.59,83.88,3.47,629.48,22,33
154,226.76,true,77.07,3819,117.63,player-03153,DEF,28,154,261.48,72.63,3.47,605.87,24,36
65,200.26,true,84.78,1527,118.01,player-03154,MC,28,65,329.52,99,3.47,647.79,22,33
90,233.44,true,79.62,2184,116.44,player-03155,MC,28,90,284.71,83.76,3.89,634.59,20,32
281,201.07,true,70.74,6840,114.55,player-03156,DEL,28,281,239.15,70.84,3.69,554.76,20,31
198,220.1,true,79.62,4952,116.41,player-03157,DEF,28,198,250.68,75.79,3.75,587.19,23,36
53,225.55,true,86.61,1203,117.01,player-03158,MC,28,53,313.28,85.97,3.85,655.84,22,35
185,221.29,true,70.9,4627,116.81,player-03159,DEL,28,185,254.52,72.57,3.26,592.62,22,32
9,243.59,true,98,131,117.62,player-03160,DEF,28,9,344.57,99,3.14,705.79,21,30
1421,221.96,true,59.48,6545,115.77,player-03161,POR,29,294,222.09,63.2,3.6,559.82,17,26
1139,222.3,true,64.88,5114,117.13,player-03162,DEF,29,247,245.31,66.16,4.81,584.74,16,30
1808,203.84,true,56.1,8628,114.57,player-03163,DEF,29,348,185.7,54.39,4.58,504.12,15,27
1379,231.54,true,68.57,6310,115.95,player-03164,MC,29,290,216.86,63.54,4.21,564.35,16,27
558,247.02,true,73.28,2135,117.28,player-03165,MC,29,129,271.52,79.56,4.43,635.82,16,28
1753,239.06,true,66.49,8325,115.69,player-03166,DEL,29,337,162.82,49.46,4.66,517.57,17,31
1160,225.67,true,61.65,5206,114.94,player-03167,DEF,29,250,242.62,66.06,4.66,583.23,17,31
505,287.2,true,61.16,1920,113.5,player-03168,MC,29,120,239.49,70.86,4.21,640.2,16,27
965,258.22,true,59.54,4175,115.89,player-03169,DEL,29,212,225.75,65.27,4.43,599.85,16,28
1027,225.59,true,67.74,4514,113.63,player-03170,DEF,29,227,255.14,69.47,4.66,594.36,17,31
309,251.35,true,68.48,5241,122.4,player-03171,POR,35,227,208.79,61.73,3.64,582.54,22,31
287,249.89,true,66.88,4741,122.13,player-03172,DEF,35,210,218.71,67.65,3.72,590.72,16,22
193,262.99,true,75.87,3190,124.66,player-03173,DEF,35,147,228.54,66.53,3.43,616.19,22,30
14,288.53,true,85.22,192,124.36,player-03174,MC,35,13,286.32,83.75,3.72,699.2,18,25
43,268.28,true,77.47,772,123.3,player-03175,MC,35,33,277.36,78.78,3.94,668.93,20,29
,266.6,false,67.94,,123.09,player-03176,DEL,35,,195.08,63.82,3.36,584.77,21,28
402,245.68,true,60.89,6745,123.93,player-03177,DEF,35,301,186.69,55.45,3.17,556.31,23,33
293,280.56,true,67.67,4818,124.58,player-03178,MC,35,216,184.52,55.07,3.2,589.66,22,29
147,257.72,true,63,2399,124.5,player-03179,DEL,35,114,248.55,72.07,2.98,630.77,22,28
172,254.43,true,71.11,2946,123.33,player-03180,DEF,35,133,242.4,71.28,2.55,620.16,22,29
806,203.44,true,63.84,8010,116.92,player-03181,POR,46,318,207.2,60.95,3.2,527.56,20,26
727,206.98,true,62.29,7210,116.06,player-03182,DEF,46,283,225.03,60.69,3.42,548.07,20,27
311,229.15,true,75.33,3192,117.2,player-03183,DEF,46,126,269.78,75.26,3.58,616.13,19,26
212,236.18,true,71.69,2217,117.41,player-03184,MC,46,85,280.37,83.49,3.18,633.96,16,23
568,220.16,true,56.9,5701,115.18,player-03185,MC,46,218,239.81,75.19,3.66,575.15,20,28
630,216.62,true,63.17,6309,116.76,player-03186,DEL,46,244,230.98,71.63,3.24,564.36,20,29
514,244.05,true,70.26,5158,116.47,player-03187,DEF,46,194,223.53,69.62,4.31,584.05,20,31
313,194.85,true,77.84,3201,115.24,player-03188,MC,46,128,305.93,84.23,3.69,616.02,18,25
498,215.57,true,82.68,5001,115.91,player-03189,DEL,46,186,254.97,74.48,3.42,586.44,20,27
590,220.52,true,62.8,5920,115.65,player-03190,DEF,46,227,235.26,70.14,2.41,571.42,17,22
71,237.83,true,69.79,3391,118.16,player-03191,POR,30,71,256.84,73.35,4.49,612.83,13,23
145,224.62,true,70.84,6365,120.92,player-03192,DEF,30,145,217.65,62.43,3.47,563.19,14,21
137,251.06,true,61.12,6056,119.91,player-03193,DEF,30,137,197.96,56.99,3.47,568.93,16,24
75,213.35,true,79.97,3652,122.38,player-03194,MC,30,75,272.6,79.03,3.14,608.33,14,20
161,224.86,true,84.09,6900,120.21,player-03195,MC,30,161,208.19,61.09,3.99,553.26,16,26
30,238.91,true,80.1,1292,120.84,player-03196,DEL,30,30,293.72,88.04,3.89,653.47,15,24
20,218.95,true,86.59,819,117.75,player-03197,DEF,30,20,330.67,91.92,4.43,667.38,12,21
69,235.07,true,77.25,3355,119.6,player-03198,MC,30,69,258.78,79.24,4.43,613.44,16,28
119,260.11,true,62.62,5357,121.16,player-03199,DEL,30,119,199.44,56.54,3.99,580.71,16,26
62,232.18,true,67.33,2725,121.66,player-03200,DEF,30,62,270.32,81.47,3.47,624.16,16,24
72,236.31,true,75.1,3780,119.3,player-03201,POR,06,27,250.9,72.46,5.54,606.52,12,22
121,229.27,true,68.23,6396,118.28,player-03202,DEF,06,48,215.07,65.06,5.92,562.62,12,24
100,238.25,true,70.12,5180,116.24,player-03203,DEF,06,39,229.16,67.27,5.14,583.65,11,22
32,211.85,true,87.41,1886,120.01,player-03204,MC,06,10,308.9,96.69,5.54,640.76,12,22
84,212.13,true,76.26,4436,116.76,player-03205,MC,06,33,266.56,78.39,5.74,595.45,12,23
67,237.36,true,71.9,3475,117.91,player-03206,DEL,06,23,256.39,75,5.8,611.67,11,21
148,224.56,true,66.61,7497,114.55,player-03207,DEF,06,63,202.84,60.31,5.88,541.95,10,19
122,226.62,true,57.93,6404,118.28,player-03208,MC,06,49,217.55,66.85,5.14,562.45,11,22
155,217.72,true,57.23,7877,118.04,player-03209,DEL,06,66,195.73,58.26,4.9,531.49,11,21
130,205.39,true,69.38,6755,115.61,player-03210,DEF,06,55,235.19,72.96,5.36,556.18,11,23
465,239.8,true,71.29,4644,125.72,player-03211,POR,46,176,226.9,63.79,2.47,592.42,18,21
211,267.97,true,67.58,2186,121.78,player-03212,DEF,46,84,244.83,67.76,2.7,634.58,19,23
15,234.92,true,91.92,177,123.8,player-03213,DEF,46,9,342.53,92.38,2.31,701.25,18,23
226,269.01,true,66.57,2381,123.5,player-03214,MC,46,91,238.56,64.62,2.87,631.07,16,22
329,232.81,true,66.03,3370,123.94,player-03215,MC,46,133,256.48,72.85,1.19,613.23,17,19
,263.64,false,86.2,,121.89,player-03216,DEL,46,,289.36,92.71,1.5,674.88,19,22
207,248.89,true,74.02,2126,123.1,player-03217,DEF,46,81,264.05,77.2,2.86,636.04,18,22
312,265.64,true,66.48,3195,123.61,player-03218,MC,46,127,226.84,64.31,3.17,616.09,18,23
253,262.88,true,72.37,2699,123.68,player-03219,DEL,46,98,238.31,68.67,1.74,624.87,21,25
308,240.15,true,63.74,3155,125.62,player-03220,DEF,46,125,251.02,71.78,1.88,616.79,19,23
939,209.48,true,63.04,8857,121.8,player-03221,POR,08,415,159,48.45,3.69,490.28,20,31
748,212.14,true,66.07,6834,122.82,player-03222,DEF,08,339,219.93,60.31,3,554.9,20,28
619,182.89,true,76.19,5698,118.45,player-03223,DEF,08,280,273.86,73.86,3.74,575.2,16,25
925,176.42,true,58.78,8743,115.07,player-03224,MC,08,408,206.42,63.11,3.34,497.9,17,25
602,190.65,true,64,5453,120.63,player-03225,MC,08,274,268.02,81.13,2.83,579.29,19,26
822,158.36,true,85.92,7620,119.87,player-03226,DEL,08,373,260.7,78.52,3.71,538.93,18,28
309,205.67,true,81.83,2998,123.19,player-03227,DEF,08,145,290.54,91.14,2.54,619.4,19,25
683,192.21,true,73.33,6226,120.53,player-03228,MC,08,311,253.1,74.41,3.47,565.84,20,30
812,168.84,true,68.3,7529,121.03,player-03229,DEL,08,369,251.41,68.03,3.47,541.28,18,27
559,197.79,true,92.72,5071,120.32,player-03230,DEF,08,252,267.3,79.72,3.35,585.42,19,28
1763,198.31,true,70.55,8381,120.57,player-03231,POR,29,339,196.63,57.53,1.64,515.51,17,20
725,234,true,74.44,2897,117.46,player-03232,DEF,29,164,269.66,74.57,1.9,621.12,14,17
1162,217.2,true,69.65,5209,120.05,player-03233,DEF,29,252,245.87,70.59,2.52,583.11,16,21
1179,203.07,true,78.65,5274,119.64,player-03234,MC,29,256,259.28,75.06,2.87,581.99,16,22
997,214.2,true,71.97,4369,119.65,player-03235,MC,29,222,262.73,73.43,2.94,596.58,18,25
182,240.58,true,90.15,554,118.19,player-03236,DEL,29,44,318.19,99,2.64,676.96,15,20
1093,212.14,true,72.22,4907,119.29,player-03237,DEF,29,240,256.82,72.77,2.75,588.24,17,23
1142,208.54,true,79.88,5131,119.05,player-03238,MC,29,248,256.83,73.37,2.64,584.42,18,24
1769,205.84,true,62.25,8408,111.36,player-03239,DEL,29,340,197.42,59.09,2.81,514.62,11,15
617,221.33,true,82.85,2355,117.55,player-03240,DEF,29,148,292.66,86.01,2.53,631.53,14,18
854,207.43,true,60.95,8558,121.37,player-03241,POR,46,332,179.09,51.91,2.64,507.89,18,24
889,165.39,true,60.31,8977,121.17,player-03242,DEF,46,343,193.52,55.35,2.94,480.08,18,25
686,146.78,true,79.71,6835,120.46,player-03243,DEF,46,268,287.6,85.87,3.47,554.84,18,27
548,179.94,true,73.46,5532,122.61,player-03244,MC,46,212,275.66,78.33,1.64,578.2,17,20
523,224.91,true,65.59,5315,120.04,player-03245,MC,46,200,236.38,70.4,2.04,581.33,17,21
883,177.84,true,53.4,8884,120.54,player-03246,DEL,46,339,189.95,53.47,2.75,488.33,17,23
764,189.05,true,60.83,7548,120.16,player-03247,DEF,46,299,231.72,64.17,2.75,540.94,17,23
879,186.49,true,54.63,8847,119.62,player-03248,MC,46,338,184.66,52.99,2.41,490.77,17,22
738,194.89,true,63.56,7291,121.41,player-03249,DEL,46,287,230.14,62.44,1.88,546.44,19,23
792,151.43,true,77.77,7845,121.78,player-03250,DEF,46,310,259.4,78.02,3.06,532.6,17,24
11,250.29,true,89.27,308,117.4,player-03251,POR,31,11,322.27,88.7,4.98,689.96,16,31
74,237.94,true,83.23,4111,116.43,player-03252,DEF,31,74,246.44,75.85,4.58,600.81,15,27
50,212.5,true,80.32,2752,114.51,player-03253,DEF,31,50,296.52,86.68,5.14,623.53,14,28
84,214.63,true,72.63,5231,116.21,player-03254,MC,31,84,251.81,72.61,4.43,582.64,16,28
23,242.78,true,84.7,1172,115.45,player-03255,MC,31,23,298.53,83.11,4.58,656.75,15,27
61,212.59,true,78.8,3335,116.38,player-03256,DEL,31,61,284.9,77.88,4.78,613.88,15,28
31,267.08,true,79.11,1805,115.02,player-03257,DEF,31,31,260.11,77.08,4.14,642.21,12,20
38,207.89,true,97.66,2121,113.01,player-03258,MC,31,38,315.25,93.67,4.76,636.15,14,26
46,204.66,true,85.11,2642,114.77,player-03259,DEL,31,46,306.64,95.13,4.54,626.07,14,25
14,228.76,true,93.36,432,115.45,player-03260,DEF,31,14,338.44,99,4.05,682.65,14,23
178,215.18,true,45.86,8773,112.46,player-03261,POR,06,80,168.01,48.31,5.14,495.65,10,20
173,223.11,true,51.87,8502,112.6,player-03262,DEF,06,78,174.91,50.39,5.59,510.62,10,22
74,241.66,true,70.8,4070,111.94,player-03263,DEF,06,29,247.95,75.89,5.56,601.55,11,24
138,237.71,true,55.46,7049,112.98,player-03264,MC,06,59,200.3,58.58,5.36,551,11,23
115,245.85,true,62.65,6134,113.02,player-03265,MC,06,44,208.6,59.96,5.91,567.47,11,26
83,246.47,true,70.63,4373,108.78,player-03266,DEL,06,32,241.23,69.44,5.79,596.48,10,23
110,240.05,true,53.73,5901,113.93,player-03267,DEF,06,43,217.85,63.04,4.9,571.83,11,21
160,217.87,true,60.12,8058,105.78,player-03268,MC,06,71,202.47,60.39,6.55,526.13,7,15
172,194.41,true,70.89,8477,113.82,player-03269,DEL,06,77,203.3,63.3,4.88,511.53,10,19
153,203.91,true,63.13,7798,114.35,player-03270,DEF,06,65,215.76,63.76,4.64,534.02,11,20
904,249.41,true,67.21,3845,124.29,player-03271,POR,21,86,231.8,68.41,3.34,605.5,17,25
277,241.13,true,79.9,937,122.92,player-03272,DEF,21,32,299.37,82.21,3.84,663.41,17,27
519,243,true,73.84,1968,122.77,player-03273,DEF,21,50,273.53,80.41,3.62,639.31,15,23
439,236.18,true,78.18,1629,124.9,player-03274,MC,21,44,284.75,80.81,4.31,645.82,14,24
1537,249.12,true,56.11,7126,122.96,player-03275,MC,21,155,177.5,53.43,3.62,549.58,15,23
1517,223.69,true,61.73,7028,124.45,player-03276,DEL,21,152,203.24,61.08,3.34,551.38,17,25
1221,228.59,true,60.54,5485,123.97,player-03277,DEF,21,125,226.31,69.18,4.23,578.87,13,22
687,239.59,true,70.2,2696,123.22,player-03278,MC,21,69,262.12,73.09,3.47,624.92,16,24
1304,237.13,true,60.7,5934,123.07,player-03279,DEL,21,131,210.9,59.46,3.47,571.1,18,27
808,239.43,true,73.23,3310,122.84,player-03280,DEF,21,82,251.9,73.23,3.47,614.17,18,27
150,234.91,true,81.49,2491,123.03,player-03281,POR,45,78,270.95,84.43,3.93,628.9,18,29
292,261.98,true,65.6,4622,125.05,player-03282,DEF,45,125,205.62,62.15,3.74,592.65,16,25
144,245.69,true,74.09,2418,124.31,player-03283,DEF,45,74,260.42,73.31,3.47,630.43,18,27
161,219.75,true,79.94,2692,125.59,player-03284,MC,45,82,279.65,80.37,3.24,624.99,20,29
65,231.5,true,94.33,1074,125.22,player-03285,MC,45,39,302.86,89.86,3.35,659.58,19,28
329,257.11,true,64.35,5314,125.07,player-03286,DEL,45,134,199.15,58.81,3.71,581.34,18,28
237,244.74,true,66.26,3893,125.25,player-03287,DEF,45,104,234.68,65.08,3.37,604.68,21,31
313,218.39,true,74.76,5061,123.71,player-03288,MC,45,131,243.45,69.2,3.06,585.56,17,24
95,248.14,true,69.86,1577,123.78,player-03289,DEL,45,52,275.05,74.18,3.06,646.97,17,24
187,239.4,true,78.36,3083,123.7,player-03290,DEF,45,89,254.85,75.35,3.47,617.96,18,27
783,245.38,true,66.49,3185,122.7,player-03291,POR,29,181,248.24,67.67,4.14,616.31,22,30
1180,221.78,true,71.49,5280,123.26,player-03292,DEF,29,257,236.83,69.79,3.45,581.86,26,36
1325,205.82,true,73.98,6052,123.6,player-03293,DEF,29,282,239.57,70.71,4.81,568.98,23,36
749,236.66,true,81.03,3000,122.76,player-03294,MC,29,169,259.97,74.88,3.26,619.39,22,32
1013,235.58,true,73.92,4429,121.52,player-03295,MC,29,224,238.43,68.89,4.38,595.52,22,35
474,215.93,true,78.45,1796,125.05,player-03296,DEL,29,113,301.38,84.37,3.98,642.36,26,36
1605,215.94,true,67.27,7585,122.21,player-03297,DEF,29,313,201.84,58.42,5.27,539.99,21,35
876,203.94,true,76.95,3659,122.62,player-03298,MC,29,196,281.69,80.77,3.9,608.25,25,37
565,218.66,true,79.25,2148,126.09,player-03299,DEL,29,133,290.78,85.06,2.26,635.53,26,33
1213,224.49,true,61.28,5450,123.63,player-03300,DEF,29,264,231.22,62.59,2.96,579.35,28,39
242,224.03,true,80.8,3132,116.91,player-03301,POR,47,25,276.2,77.57,4.94,617.13,17,29
80,229.11,true,88.57,1228,117.1,player-03302,DEF,47,8,308.91,87.04,4.45,655.11,19,30
208,222.14,true,86.95,2741,114.38,player-03303,DEF,47,22,287.36,82.28,5.26,623.89,17,31
155,200.77,true,89.82,2187,114.55,player-03304,MC,47,17,319.24,93.65,4.83,634.55,17,32
401,190.69,true,89.3,4579,114.89,player-03305,MC,47,52,287.73,90.36,3.34,593.32,17,25
340,236.66,true,78.4,3981,115.82,player-03306,DEL,47,42,250.93,79.15,4.07,603.41,17,28
174,216.82,true,83.31,2309,113.86,player-03307,DEF,47,18,301.58,87.26,3.6,632.25,17,26
,223.76,false,59.51,,114.9,player-03308,MC,47,,151.23,50.97,5.12,489.89,17,30
408,237.72,true,71.64,4640,113.81,player-03309,DEL,47,55,240.92,74.54,5.11,592.44,18,32
541,238.99,true,80.34,6098,115.07,player-03310,DEF,47,68,214.12,65.9,5.3,568.19,15,27
335,243.79,true,58.07,5636,122.48,player-03311,POR,35,245,210.02,63.81,4.21,576.3,16,27
531,247.91,true,46,9106,123.36,player-03312,DEF,35,400,94.06,29.99,4.37,465.32,15,26
213,270.01,true,63.96,3547,123.34,player-03313,DEF,35,164,216.89,61.59,3.74,610.25,16,25
71,247.47,true,70.26,1179,124.4,player-03314,MC,35,57,284.68,83.09,3.93,656.55,18,29
473,248.41,true,52.63,7958,123.44,player-03315,MC,35,354,157.07,45.48,3.71,528.93,18,28
226,273.48,true,73.83,3751,122.91,player-03316,DEL,35,172,210.55,62.78,3.99,606.94,16,26
68,261.54,true,83.05,1060,124.44,player-03317,DEF,35,55,273.82,80.44,3.62,659.79,15,23
28,271.96,true,77.27,494,124.06,player-03318,MC,35,23,284.03,80.32,3.32,680.05,15,22
198,282.22,true,60.91,3297,124.1,player-03319,DEL,35,151,208.11,61.39,3.34,614.43,17,25
238,273.3,true,57.5,4044,124.01,player-03320,DEF,35,178,204.91,57.59,3.6,602.21,17,26
24,286.5,true,74,393,123.05,player-03321,POR,35,21,275.03,83,5.52,684.58,13,21
58,284.49,true,70.11,943,125.15,player-03322,DEF,35,47,253.68,68.67,2.94,663.32,18,25
239,280.54,true,63.25,4055,123.36,player-03323,DEF,35,179,198.08,58.16,2.77,601.98,14,19
80,255.7,true,76.9,1386,124.83,player-03324,MC,35,66,270.58,77.3,4.63,651.11,17,24
10,296.74,true,76.28,79,124.33,player-03325,MC,35,10,293.33,89.56,4.51,714.4,18,25
93,275.83,true,68.19,1516,123.3,player-03326,DEL,35,76,248.87,69.97,3.47,648,14,21
103,283.11,true,61.06,1679,125.04,player-03327,DEF,35,86,236.59,66.67,2.54,644.74,19,25
283,269.95,true,62.68,4657,123.06,player-03328,MC,35,208,199.1,60.27,3.18,592.12,16,23
234,266.7,true,59.01,3954,123.94,player-03329,DEL,35,176,213.09,65.59,2.14,603.74,16,20
124,284.24,true,61.27,2067,122.4,player-03330,DEF,35,99,230.56,66.57,3.18,637.2,16,23
1631,242.25,true,43.77,7712,121.2,player-03331,POR,04,94,172.67,48.65,4.37,536.12,15,26
1639,178.72,true,63.28,7734,119.78,player-03332,DEF,04,95,237.12,63.95,4.31,535.61,14,24
986,232.33,true,69.91,4277,119.82,player-03333,DEF,04,52,246.01,71.4,4.54,598.16,14,25
1581,200.71,true,63.16,7413,120.52,player-03334,MC,04,87,222.46,64.55,4.37,543.7,15,26
1284,239.38,true,59.1,5816,119.36,player-03335,MC,04,65,214.55,58.5,5.31,573.29,14,29
1380,236.3,true,63.54,6315,117.9,player-03336,DEL,04,71,210.09,58.25,4.76,564.29,14,26
1628,217.57,true,65.24,7691,120.25,player-03337,DEF,04,93,199.03,59.11,4.94,536.86,13,25
1570,213.23,true,56.38,7356,119.83,player-03338,MC,04,86,211.97,60.06,4.05,545.02,14,23
,236.66,false,64.24,,120.6,player-03339,DEL,04,,125.4,41.05,4.81,482.66,16,30
1596,239.08,true,55.95,7504,119.32,player-03340,DEF,04,89,183.35,51.85,4.49,541.75,13,23
908,237.49,true,70.69,3861,127.61,player-03341,POR,29,204,240.05,66.6,4.2,605.16,21,32
163,228.45,true,82.54,499,127.3,player-03342,DEF,29,37,324.17,87.75,3.24,679.92,20,29
774,214.97,true,80.08,3118,126.74,player-03343,DEF,29,178,275.62,79.02,3.89,617.33,20,29
1246,192.36,true,79.81,5629,127.4,player-03344,MC,29,273,256.62,72.03,3.93,576.37,18,29
937,231.53,true,80.02,4028,127.02,player-03345,MC,29,209,243.92,70.8,4.8,602.48,19,32
410,252.39,true,83.46,1458,124.01,player-03346,DEL,29,97,272.91,80.2,1.57,649.31,18,21
1261,224.1,true,58.62,5690,124.57,player-03347,DEF,29,276,226.75,61.38,4.78,575.42,18,30
54,233.45,true,89.38,153,124.51,player-03348,MC,29,16,345.83,98.43,3.47,703.78,16,24
740,228.74,true,79.52,2963,124.67,player-03349,DEL,29,166,266.57,76.35,3.17,619.98,20,26
657,206.99,true,84.41,2513,127,player-03350,DEF,29,154,294.59,82.61,3.1,628.58,19,27
234,261.31,true,60.14,3066,115.43,player-03351,POR,40,26,241.45,71.68,5.34,618.19,12,25
308,237.2,true,65.06,3686,115.36,player-03352,DEF,40,29,255.26,73.69,6.81,607.83,12,30
759,229.68,true,59.77,8387,112.68,player-03353,DEF,40,74,173.03,51.97,5.91,515.39,11,26
699,221.84,true,63.82,7706,113.5,player-03354,MC,40,63,200.94,58.32,7.29,536.28,10,28
720,239.41,true,57.96,7913,116.22,player-03355,MC,40,67,174.65,50.43,6.57,530.27,13,31
771,236.77,true,51.53,8506,111.75,player-03356,DEL,40,76,161.96,48.45,7.01,510.48,11,29
752,226.27,true,57.16,8307,116.16,player-03357,DEF,40,73,175.8,49.77,6.39,518.22,12,27
707,243.76,true,61.8,7743,116.66,player-03358,MC,40,64,175,54.6,6.81,535.42,12,30
575,257.19,true,58.06,6381,113.87,player-03359,DEL,40,49,191.85,56.23,7.01,562.92,12,32
435,236.19,true,62.46,4891,114.78,player-03360,DEF,40,39,237.43,68.75,6.91,588.41,12,31
89,225.78,true,68.06,4298,119.15,player-03361,POR,30,89,252.72,69.24,4.49,597.65,13,23
193,212.4,true,79.94,8077,119.56,player-03362,DEF,30,193,193.72,59.36,6.53,525.68,14,27
147,224.38,true,63.56,6519,122.19,player-03363,DEF,30,147,213.78,63.62,4.14,560.34,15,25
100,223.28,true,71.46,4511,121.53,player-03364,MC,30,100,249.57,77.21,5.94,594.39,15,26
56,232.45,true,79.55,2266,121.28,player-03365,MC,30,56,279.25,79.04,5.46,632.98,15,24
156,218.84,true,63.77,6768,121.21,player-03366,DEL,30,156,215.89,60.53,4.58,555.94,15,27
215,214.07,true,44.68,8843,119.75,player-03367,DEF,30,215,157.32,45.04,4.31,491.14,14,24
134,228.24,true,63.87,6003,119.54,player-03368,MC,30,134,222.09,60.35,4.05,569.86,14,23
197,238.89,true,55.64,8171,117.37,player-03369,DEL,30,197,166.66,50.28,6.26,522.91,12,22
129,235.93,true,62.08,5929,120.33,player-03370,DEF,30,129,214.99,61.96,4.43,571.26,12,21
328,217.24,true,65.93,5494,121.24,player-03371,POR,35,240,240.23,67.27,3.24,578.7,20,29
411,230.21,true,70.9,6923,119.64,player-03372,DEF,35,307,203.11,60.57,3.6,552.95,17,26
339,206.81,true,68.58,5699,119.36,player-03373,DEF,35,249,248.99,70.34,3.47,575.16,18,27
44,242.84,true,77.25,778,120.49,player-03374,MC,35,34,305.44,83.52,3.22,668.77,18,26
414,202.4,true,64.55,6973,120.2,player-03375,MC,35,308,229.52,65.42,3.84,552.12,17,27
361,219.5,true,63.2,6103,121.55,player-03376,DEL,35,267,227.09,62.17,3.24,568.14,20,29
267,216.27,true,72.77,4438,117.43,player-03377,DEF,35,196,261.73,72.64,3.99,595.43,16,26
358,212.66,true,61.12,6074,119.57,player-03378,MC,35,264,236.43,66.18,3.71,568.66,18,28
428,225.34,true,64.62,7251,121.62,player-03379,DEL,35,318,200.2,63.35,2.54,547.17,19,25
465,213.42,true,57.45,7861,117.93,player-03380,DEF,35,346,200.82,58.29,3.89,532.17,15,24
298,239.99,true,66.17,3067,117.92,player-03381,POR,12,59,260.25,73.22,4.77,618.16,24,41
661,233.86,true,55.65,6582,119.1,player-03382,DEF,12,141,206.26,60.86,3.89,559.23,25,40
724,245.29,true,50.17,7180,122.91,player-03383,DEF,12,152,180.4,52.05,3.3,548.61,26,38
636,218.74,true,56.13,6357,125.06,player-03384,MC,12,136,219.53,61.08,2.84,563.33,27,37
771,186.89,true,68.29,7601,121.48,player-03385,MC,12,163,231.15,67.56,4.78,539.51,19,32
201,235.74,true,77.86,2050,120.58,player-03386,DEL,12,42,281.28,87.74,4.24,637.59,23,39
479,220.03,true,58.07,4796,121.07,player-03387,DEF,12,97,248.9,74.94,3.99,590,24,39
798,234.66,true,51.35,7896,122.16,player-03388,MC,12,168,173.79,52.08,4.62,530.62,23,38
402,230.86,true,68.56,4064,124.76,player-03389,DEL,12,83,246.08,68.02,4.09,601.7,22,33
700,223.55,true,61.54,6956,123.65,player-03390,DEF,12,146,205.19,58.22,4.12,552.39,22,33
60,247.99,true,88.73,577,115.16,player-03391,POR,08,29,313.15,86.19,3.09,676.31,13,18
156,257.52,true,82.22,1576,113.51,player-03392,DEF,08,79,275.99,79.66,2.49,647.02,13,17
18,249.91,true,97.36,179,115.13,player-03393,DEF,08,7,335.78,99,3.14,700.82,14,20
217,271.64,true,72.21,1982,112.8,player-03394,MC,08,115,254.51,72.83,3.82,638.96,12,19
135,240.46,true,86.34,1316,115.94,player-03395,MC,08,69,296.57,88.31,2.59,652.97,14,18
46,279.81,true,79.6,484,114.81,player-03396,DEL,08,23,286,85.68,3.07,680.63,13,18
162,274.95,true,76.99,1620,112.65,player-03397,DEF,08,81,258.45,79.09,4.14,646.04,12,20
191,261.73,true,70.62,1803,112.97,player-03398,MC,08,99,267.54,73.11,3.47,642.24,14,21
426,254.83,true,68.94,4012,114.49,player-03399,DEL,08,192,233.44,64.97,3.3,602.77,13,19
631,243.48,true,61.51,5808,114.51,player-03400,DEF,08,288,215.42,59.35,3.78,573.41,14,22
69,205.49,true,77.41,2816,116.93,player-03401,POR,39,69,300.08,84.26,4.95,622.49,14,27
104,223.79,true,70.26,4398,114.73,player-03402,DEF,39,104,257.5,75.77,4.81,596.02,16,30
132,220.4,true,68.09,5498,115.02,player-03403,DEF,39,132,243.25,66.1,5.66,578.67,13,29
67,218.12,true,87.41,2703,115.05,player-03404,MC,39,67,291.56,84.57,4.81,624.73,16,30
78,205.66,true,83.09,3290,116.91,player-03405,MC,39,78,291.93,83.14,4.58,614.51,15,27
43,215.59,true,84.21,1816,117.82,player-03406,DEL,39,43,308.56,88.25,4.54,641.97,14,25
68,239.95,true,73.93,2802,116.89,player-03407,DEF,39,68,265.85,77.62,4.14,622.69,15,25
145,214.9,true,64.4,5976,115.52,player-03408,MC,39,145,239.83,65.17,4.54,570.25,14,25
56,235.65,true,75.06,2438,117.21,player-03409,DEL,39,56,277.21,82.87,4.43,630.07,16,28
95,231.26,true,76.8,3809,115.34,player-03410,DEF,39,95,259.38,81.63,4.78,605.99,15,28
1515,205.69,true,70.84,7010,113.95,player-03411,POR,04,81,232.06,66.82,5.47,551.69,14,30
1381,219.8,true,75.25,6321,115.87,player-03412,DEF,04,72,228.51,66.59,5.31,564.19,14,29
994,171,true,85.3,4349,117.08,player-03413,DEF,04,53,308.87,89.66,5.66,596.95,13,29
1021,170.26,true,88.79,4483,115.88,player-03414,MC,04,57,308.6,87.22,5.66,594.74,13,29
1467,227.26,true,57.69,6759,117.28,player-03415,MC,04,78,211.56,62.97,5.5,556.1,13,28
1539,199.88,true,70.93,7137,116.14,player-03416,DEL,04,84,233.46,68.29,5.47,549.48,14,30
484,228.81,true,84.52,1839,117.82,player-03417,DEF,04,24,294.88,81.41,5.14,641.51,12,24
143,240.55,true,90,431,118.45,player-03418,MC,04,7,323.67,96.87,4.76,682.66,14,26
1372,256.19,true,75.33,6277,116.51,player-03419,DEL,04,70,192.23,58.53,4.92,564.93,12,23
323,231.28,true,78.38,1112,118.72,player-03420,DEF,04,14,308.23,88.36,5.14,658.23,14,28
284,231.53,true,66.9,8020,122.6,player-03421,POR,50,144,173,52.17,7.08,527.14,19,41
210,247.34,true,75.94,6180,121.5,player-03422,DEF,50,110,197.87,58.43,7.66,566.71,19,42
24,279.96,true,71.51,909,120.5,player-03423,DEF,50,17,264.04,75.33,7.84,664.5,19,44
49,232.96,true,87.69,1435,118.75,player-03424,MC,50,33,298.03,84.56,6.25,649.74,17,39
1,277.94,true,88.86,5,122.73,player-03425,MC,50,1,348.79,94.78,5.69,749.47,18,36
12,281.45,true,76.19,475,123.39,player-03426,DEL,50,10,276.17,78.9,6.36,681.01,19,45
260,221.96,true,54.51,7407,119.43,player-03427,DEF,50,133,202.44,55.01,7.78,543.83,18,41
72,259.35,true,69.56,2412,122.54,player-03428,MC,50,42,248.62,67.56,5.85,630.51,20,42
45,243.33,true,79.26,1370,124.71,player-03429,DEL,50,30,283.58,77.96,7.78,651.61,18,41
141,246.4,true,74.22,3912,119.47,player-03430,DEF,50,77,238.48,69.09,6.18,604.36,17,38
97,265.57,true,52.54,8313,105.3,player-03431,POR,33,97,147.18,43.77,5.4,518.05,9,19
122,239.5,true,42.92,9179,105.39,player-03432,DEF,33,122,104.59,32.77,4.26,449.48,10,17
54,262.22,true,56.89,5565,107.72,player-03433,DEF,33,54,207.57,64.42,4.64,577.5,11,20
98,247.53,true,53.38,8481,105.42,player-03434,MC,33,98,158.38,48.8,5.14,511.33,10,20
,266.4,false,67.21,,110.64,player-03435,MC,33,,250.29,74.12,4.69,627.33,12,22
53,262.53,true,58.89,5561,106.64,player-03436,DEL,33,53,208.44,57.64,4.9,577.6,11,21
,265.98,false,67.24,,100.85,player-03437,DEF,33,,224.54,69.69,4.51,591.37,9,16
63,222.91,true,61.33,6325,110.43,player-03438,MC,33,63,230.75,65,3.67,564.1,11,17
57,261.48,true,51.76,5926,113.21,player-03439,DEL,33,57,196.61,54.5,3.3,571.31,13,19
106,241.2,true,48.33,8682,104.31,player-03440,DEF,33,106,155.65,47.58,4.85,501.16,9,17
821,244.03,true,41.88,8983,112.46,player-03441,POR,09,91,122.88,34.64,5.13,479.37,13,22
797,221.38,true,41.57,8764,111.8,player-03442,DEF,09,85,163.46,48.02,7.43,496.64,17,30
453,224.99,true,63.2,5095,114.13,player-03443,DEF,09,38,245.9,74.9,7.88,585.03,16,25
769,220.06,true,45.26,8500,113.87,player-03444,MC,09,75,176.75,49.52,7.58,510.68,16,29
782,230.34,true,50.7,8606,112.8,player-03445,MC,09,79,162.16,47.48,7.14,505.3,17,28
683,226.54,true,56.1,7513,115.87,player-03446,DEL,09,63,199.16,53.91,5.85,541.57,15,25
792,240.86,true,40.46,8716,112.6,player-03447,DEF,09,84,146.09,41.12,5.38,499.56,16,25
681,230.77,true,61.41,7475,112.58,player-03448,MC,09,62,199.06,59.19,5.51,542.42,15,23
736,216.37,true,49.42,8152,115.37,player-03449,DEL,09,71,191.69,52.51,6.11,523.42,14,24
740,201.27,true,62.71,8178,112.71,player-03450,DEF,09,72,208.58,62.05,8.01,522.56,13,24
905,262.56,true,45.9,8405,120.1,player-03451,POR,08,399,132.15,38.79,3.9,514.81,15,21
814,251.46,true,54.48,7535,123.43,player-03452,DEF,08,370,166.32,49.07,3.84,541.21,17,24
738,247.98,true,56.64,6724,123.66,player-03453,DEF,08,334,184.96,51.38,3.06,556.6,17,24
439,280.69,true,57.47,4126,121.17,player-03454,MC,08,199,198.65,56.35,4,600.52,16,23
669,260.5,true,51.42,6092,123.64,player-03455,MC,08,304,184.14,52.02,4.49,568.28,16,25
839,259.19,true,40.84,7812,122.74,player-03456,DEL,08,375,151.8,41.09,2.87,533.73,16,22
729,265.84,true,54.22,6594,122.49,player-03457,DEF,08,327,170.68,54.35,3.34,559.01,17,25
770,244.13,true,41.29,7097,122.69,player-03458,MC,08,351,183.38,52.32,3.84,550.2,17,24
389,254.21,true,58.5,3679,119.76,player-03459,DEL,08,179,233.99,70.72,4.63,607.96,14,22
796,253.85,true,50.46,7334,121.64,player-03460,DEF,08,363,169.98,49.28,4.49,545.47,16,25
112,211.33,true,76.99,5090,113.01,player-03461,POR,30,112,260.77,72.82,4.23,585.11,13,22
83,215.19,true,75.53,4010,115.61,player-03462,DEF,30,83,272.02,76.99,4.37,602.83,15,26
81,228.14,true,87.83,3977,115.13,player-03463,DEF,30,81,260.18,77.26,3.47,603.45,12,18
99,211.01,true,75.89,4465,116.55,player-03464,MC,30,99,267.47,76.85,3.95,595.03,13,21
15,227.94,true,81.18,536,117.63,player-03465,MC,30,15,332.32,96.62,2.82,677.89,14,18
164,206.96,true,79.51,7031,115.64,player-03466,DEL,30,164,228.73,67.61,3.78,551.34,14,22
155,209.96,true,76.77,6732,115.79,player-03467,DEF,30,155,230.76,67.48,3.47,556.5,14,21
37,226.19,true,90.98,1457,117.39,player-03468,MC,30,37,305.74,96.98,3.14,649.32,14,20
128,224.92,true,61.44,5889,118.69,player-03469,DEL,30,128,228.49,67.03,3.14,572.09,14,20
105,247.26,true,63.11,4772,117.56,player-03470,DEF,30,105,225.51,65.88,2.77,590.33,14,19
,219.64,false,79.52,,121.4,player-03471,POR,32,,288.33,78.05,3.47,629.37,16,24
130,240.61,true,81.9,1568,120.76,player-03472,DEF,32,34,285.9,86.91,3.99,647.26,16,26
421,237.94,true,79.22,5369,117.42,player-03473,DEF,32,121,225.15,68.72,4.05,580.51,14,23
623,207.15,true,72.53,8268,119.38,player-03474,MC,32,172,193.67,61.01,4.37,520.19,15,26
199,235.68,true,77.57,2548,120.54,player-03475,MC,32,59,271.61,75,3.99,627.83,16,26
129,252.53,true,83.24,1565,118.31,player-03476,DEL,32,33,276.49,79.28,4.14,647.33,15,25
446,231.09,true,72.18,5790,120.56,player-03477,DEF,32,127,222.03,66.53,3.93,573.69,18,29
15,234.57,true,94.41,158,121.17,player-03478,MC,32,5,347.54,99,4.07,703.28,17,28
36,254.33,true,81.58,381,121.45,player-03479,DEL,32,7,309.45,90.3,4.14,685.23,18,30
279,260.7,true,74.95,3463,120.05,player-03480,DEF,32,84,231.12,68.21,4.21,611.88,16,27
432,248.61,true,57.83,6658,120.46,player-03481,POR,48,252,188.63,59,4.19,557.71,18,27
60,243.96,true,74.78,1234,121.68,player-03482,DEF,48,41,289.27,83.21,4.35,654.91,17,26
126,251.75,true,69.41,2302,122.85,player-03483,DEF,48,82,257.71,72.99,3.47,632.32,18,27
186,238.1,true,69.98,3309,123.92,player-03484,MC,48,121,252.23,73.54,4.01,614.25,21,31
296,288.69,true,63.64,4856,120.61,player-03485,MC,48,183,179.68,53.65,3.47,588.98,16,24
110,241.33,true,75.3,1967,117.8,player-03486,DEL,48,70,280.2,76.61,3.32,639.33,15,22
191,248.01,true,71.18,3371,121.19,player-03487,DEF,48,125,244.02,70.35,4.16,613.22,17,25
172,288.17,true,55.25,3013,121.26,player-03488,MC,48,115,209.68,56.55,2.41,619.1,17,22
287,259.84,true,72.11,4719,123,player-03489,DEL,48,177,208.21,63.33,3.34,591.05,17,25
226,238.18,true,77.28,3807,123.24,player-03490,DEF,48,142,244.67,69.15,2.06,606.09,21,26
1688,195.94,true,66.69,7959,121.01,player-03491,POR,41,339,211.96,61.09,5.43,528.91,22,35
1898,193.35,true,41.31,9239,121.98,player-03492,DEF,41,381,108.37,32.23,5.4,423.7,24,38
1448,207.79,true,56.67,6687,117.14,player-03493,DEF,41,285,232.3,68.86,4.09,557.23,23,38
1859,208.23,true,44.53,8971,121.47,player-03494,MC,41,375,150.8,47.02,4.14,480.5,21,35
1864,206.52,true,54.27,9024,118.78,player-03495,MC,41,376,150.89,46.48,3.78,476.19,21,33
1818,201.38,true,49.01,8701,117.9,player-03496,DEL,41,366,181.19,52.29,3.38,500.47,23,34
1832,217.58,true,50.86,8752,117.4,player-03497,DEF,41,368,162.12,46.91,4.35,497.1,22,38
1844,207.49,true,41.83,8867,120.53,player-03498,MC,41,372,161.19,44.38,5.58,489.21,19,31
1738,216.74,true,53.64,8226,118.88,player-03499,DEL,41,351,185.6,55.71,5.5,521.22,23,37
1755,216.24,true,58.04,8343,119.75,player-03500,DEF,41,356,180.87,52.5,4.14,516.86,21,35
153,184.56,true,95.19,1575,120.95,player-03501,POR,03,61,341.53,97.28,3.81,647.04,26,38
494,202.9,true,86.12,4950,123.37,player-03502,DEF,03,211,260.94,79.67,3.91,587.21,25,37
94,198.28,true,92.21,981,122.6,player-03503,DEF,03,37,341.31,96.67,3.11,662.19,26,37
476,186.9,true,79.05,4762,121.2,player-03504,MC,03,201,282.4,86.53,3.78,590.5,28,41
463,193.43,true,91.3,4624,122.74,player-03505,MC,03,196,276.47,87.47,3.26,592.63,22,32
113,205.3,true,88.45,1199,122.3,player-03506,DEL,03,46,328.34,94.81,3.28,655.93,24,35
202,211.41,true,85.72,2060,123.99,player-03507,DEF,03,81,301.97,87.8,3.37,637.37,25,34
346,221.13,true,71.89,3522,121.93,player-03508,MC,03,138,267.78,77.84,3.67,610.84,22,34
381,240.01,true,68.37,3864,122.5,player-03509,DEL,03,152,242.63,67.03,4.21,605.13,22,34
453,206.56,true,81.22,4535,123.09,player-03510,DEF,03,191,264.49,74.71,3.85,594.14,22,32
18,243.06,true,86.38,349,122.3,player-03511,POR,28,18,322.14,86.88,2.47,687.49,23,30
70,244.8,true,73.66,1619,121.11,player-03512,DEF,28,70,280.14,80.42,2.81,646.05,22,30
14,256.8,true,91.91,256,121.64,player-03513,DEF,28,14,315.09,93.99,2.9,693.53,21,29
17,246.64,true,85.74,323,122.58,player-03514,MC,28,17,319.84,86.26,2.64,689.06,24,32
102,256.51,true,84.76,2573,117.14,player-03515,MC,28,102,253.75,73.76,2.81,627.4,22,30
28,252.41,true,86.61,556,121.99,player-03516,DEL,28,28,302.55,84.04,3.47,676.94,22,33
48,253.5,true,82.17,924,121.52,player-03517,DEF,28,48,288.88,88.08,2.21,663.91,23,29
73,247.12,true,67.21,1698,120.71,player-03518,MC,28,73,276.44,75.89,2.45,644.27,20,26
7,248.73,true,96.13,114,122.39,player-03519,DEL,28,7,336.5,94.48,2.31,707.62,18,23
15,253.52,true,87.28,284,122.01,player-03520,DEF,28,15,315.76,88.82,2.36,691.28,21,27
784,200.23,true,63.29,8631,114.69,player-03521,POR,05,80,189.11,56.05,6.33,504.04,10,21
669,211.67,true,70.21,7364,114.7,player-03522,DEF,05,70,218.48,63.98,4.88,544.85,10,19
130,213.34,true,78.89,1861,113.89,player-03523,DEF,05,9,314.02,85.33,6.33,641.25,10,21
796,206.75,true,69.71,8762,111.43,player-03524,MC,05,82,178.46,54.56,6.33,496.65,10,21
215,245.44,true,73.52,2800,116.5,player-03525,MC,05,22,260.76,73.01,5.8,622.7,11,21
484,210.54,true,68.12,5473,116.73,player-03526,DEL,05,50,251.79,68.42,5.85,579.06,11,21
714,215.5,true,56.71,7837,115.41,player-03527,DEF,05,74,201.83,61.44,5.85,532.74,11,21
439,217.56,true,75.18,4960,113.55,player-03528,MC,05,45,256.01,75.57,5.38,587.12,10,21
731,205.9,true,57.14,8101,114.69,player-03529,DEL,05,75,204.6,58.38,4.9,525.19,11,21
352,200.94,true,77.07,4117,115.93,player-03530,DEF,05,36,283.86,82.89,5.14,600.74,10,20
,265.8,false,69.2,,110.22,player-03531,POR,37,,244.05,70.69,3.89,620.06,10,16
,268.01,false,64.06,,113.08,player-03532,DEF,37,,222.69,64.44,2.28,603.77,11,14
,248.73,false,59.73,,106.27,player-03533,DEF,37,,135.44,44.5,3.99,490.44,8,13
272,277.08,true,63.42,3301,111.8,player-03534,MC,37,68,225.52,66.4,2.81,614.4,11,15
,240.23,false,71.09,,106.69,player-03535,MC,37,,228.99,68.38,4.43,575.91,8,14
,247.77,false,64.34,,106.77,player-03536,DEL,37,,227.73,73.47,2.87,582.28,8,11
,248.82,false,61.19,,109.71,player-03537,DEF,37,,173.34,54.6,3.22,531.87,9,13
146,270.32,true,73.17,2062,109.15,player-03538,MC,37,43,257.83,74.33,3.89,637.3,10,16
,225.32,false,77.97,,112.44,player-03539,DEL,37,,229.77,75.15,1.81,567.53,10,12
284,242.27,true,75.75,3403,112.74,player-03540,DEF,37,71,257.65,86.2,3.9,612.66,10,15
137,290.82,true,70.9,1355,120.19,player-03541,POR,17,23,241.07,71.06,4.28,652.08,17,29
43,254.16,true,81.65,421,119.49,player-03542,DEF,17,10,309.41,89.63,4.54,683.06,14,25
263,304.69,true,64.56,2431,119.28,player-03543,DEF,17,48,206.25,59.11,3.74,630.22,16,25
71,285.43,true,76.5,640,116.73,player-03544,MC,17,15,271.62,74.51,3.78,673.79,14,22
443,264.43,true,70.77,4170,120.06,player-03545,MC,17,85,215.44,64.13,3.18,599.93,16,23
192,271.69,true,64.4,1809,118.61,player-03546,DEL,17,31,251.75,70.62,3.89,642.05,15,24
27,276.19,true,84.23,245,118.24,player-03547,DEF,17,9,299.73,83.22,4.76,694.15,14,26
52,280.65,true,69.62,514,118.3,player-03548,MC,17,12,280.19,87.42,3.32,679.14,15,22
129,285.73,true,78.3,1236,119.35,player-03549,DEL,17,21,249.77,72.72,3.74,654.85,16,25
589,272.54,true,55.85,5362,119.44,player-03550,DEF,17,110,188.66,54.82,3.18,580.64,16,23
,222.7,false,40.22,,100.57,player-03551,POR,01,,129.89,43.55,3.16,453.16,8,11
,199.28,false,39.42,,107.86,player-03552,DEF,01,,101.8,31.85,1.81,408.94,10,12
,211.95,false,47.36,,104.75,player-03553,DEF,01,,143.77,47.77,3.22,460.47,9,13
,225.23,false,48.04,,105.92,player-03554,MC,01,,176.7,54.75,2.45,507.85,10,13
,208.82,false,38.2,,108.46,player-03555,MC,01,,124.33,38.53,1.68,441.62,11,13
,192.72,false,48.18,,105.31,player-03556,DEL,01,,157.37,50.18,2.64,455.41,9,12
,251.73,false,44,,104.09,player-03557,DEF,01,,134.46,41.77,1.96,490.28,9,11
,206.74,false,53.04,,97.19,player-03558,MC,01,,149.29,47.71,4.22,453.22,7,10
,215.85,false,64.09,,99.09,player-03559,DEL,01,,202.02,66.09,3.47,516.97,8,12
,208.41,false,43.64,,104.36,player-03560,DEF,01,,177.13,62.56,0.14,489.9,9,9
1224,206.31,true,78.88,5502,118.06,player-03561,POR,23,73,254.25,75.49,3.14,578.62,14,20
1899,176.2,true,54.49,9240,116.12,player-03562,DEF,23,149,130.71,41.03,3.95,423.03,13,21
896,196.46,true,87.91,3777,110.79,player-03563,DEF,23,52,299.28,89.3,4.43,606.53,12,21
1490,229.28,true,66.73,6863,115.94,player-03564,MC,23,103,208.92,59.98,4.31,554.13,14,24
1119,205.46,true,78.67,5002,117.42,player-03565,MC,23,64,263.55,73.7,3.89,586.43,15,24
1352,223.83,true,65.06,6165,114.64,player-03566,DEL,23,89,228.49,69.27,3.82,566.96,12,19
,221.03,false,69.33,,116.14,player-03567,DEF,23,,239.05,80.19,4.76,576.22,14,26
1481,221.63,true,66.75,6833,115.71,player-03568,MC,23,101,217.58,66.74,3.95,554.92,13,21
1389,207.97,true,73.19,6358,113.72,player-03569,DEL,23,93,241.63,71.68,4.43,563.32,12,21
1206,237.4,true,60.6,5409,116.49,player-03570,DEF,23,70,225.99,60.95,4.49,579.89,13,23
1047,269.76,true,53.09,4648,122.55,player-03571,POR,29,232,200.06,55.32,3.6,592.37,23,32
1177,278.97,true,54.12,5266,119.87,player-03572,DEF,29,255,183.31,54.85,3.35,582.15,19,28
495,293.33,true,61.02,1885,122.61,player-03573,DEF,29,117,224.84,61.98,3.17,640.78,23,33
596,297.05,true,58.03,2254,121.34,player-03574,MC,29,140,214.93,59.99,4.38,633.32,21,33
1068,275.79,true,50.9,4746,122.57,player-03575,MC,29,236,192.3,55.42,3.05,590.65,21,27
661,270.7,true,60.62,2531,123.98,player-03576,DEL,29,155,233.58,67.89,3.35,628.26,19,28
895,290.62,true,52,3775,122.07,player-03577,DEF,29,200,193.87,58.62,3.75,606.57,23,33
763,285.14,true,67.86,3068,122.52,player-03578,MC,29,173,210.5,61.42,3.14,618.15,21,30
341,288.81,true,53.22,1157,123.34,player-03579,DEL,29,79,244.91,71.24,4.2,657.06,24,37
782,269.56,true,62.19,3176,122.77,player-03580,DEF,29,180,224.09,62.38,3.47,616.42,22,30
689,201.3,true,63.1,7588,112.33,player-03581,POR,05,72,226.27,71.57,6.04,539.91,16,39
132,230.36,true,84.34,1881,115.48,player-03582,DEF,05,10,295.01,84.35,7.3,640.85,15,34
509,213.51,true,72.91,5726,115.74,player-03583,DEF,05,55,245.42,73.32,7.87,574.67,15,39
365,245.14,true,86.59,4331,118.1,player-03584,MC,05,38,233.98,77.45,7.43,597.22,15,35
258,212.35,true,81.5,3215,112.78,player-03585,MC,05,30,290.6,85.88,6.14,615.73,16,40
127,244.74,true,79.29,1849,114.81,player-03586,DEL,05,7,281.84,91.17,5.73,641.39,15,34
248,207.07,true,82.1,3168,112.18,player-03587,DEF,05,27,297.34,96.21,6.61,616.59,12,34
249,197.42,true,79.75,3177,117.53,player-03588,MC,05,28,301.46,86.35,7.43,616.42,15,35
663,201.02,true,68.48,7301,116.63,player-03589,DEL,05,67,228.56,66.82,5.5,546.21,13,28
263,232.87,true,74.08,3230,116.8,player-03590,DEF,05,32,265.9,73.53,7.27,615.57,16,36
672,224.07,true,81.37,2603,123.27,player-03591,POR,41,125,279.4,79.31,2.94,626.74,18,25
1347,227.59,true,60.15,6149,120.23,player-03592,DEF,41,261,219.4,61.68,2.64,567.22,21,28
1541,229.87,true,59.53,7159,121.6,player-03593,DEF,41,312,197.63,58.14,2.36,549.1,21,27
319,230.66,true,80.41,1105,122.42,player-03594,MC,41,52,305.34,82.35,2.45,658.41,20,26
1273,239.68,true,65.29,5784,119.36,player-03595,MC,41,251,214.73,61.67,2.36,573.76,21,27
833,251.02,true,75.57,3421,119.8,player-03596,DEL,41,162,241.59,77.15,2.31,612.41,18,23
829,215.84,true,75.64,3410,120.25,player-03597,DEF,41,159,276.51,77.49,2.9,612.59,21,29
735,259.97,true,68.42,2932,119.3,player-03598,MC,41,135,241.07,68.27,2.45,620.35,20,26
1077,241.35,true,63.34,4799,122.58,player-03599,DEL,41,212,226,67.31,1.09,589.93,19,21
1022,227.19,true,72.95,4493,120.68,player-03600,DEF,41,202,246.75,71.61,2.06,594.62,21,26
375,263.02,true,69.67,5751,117.78,player-03601,POR,48,223,193.58,57.13,4.01,574.38,19,31
435,238.02,true,68.33,6722,119.82,player-03602,DEF,48,255,198.77,62.21,3.47,556.61,20,30
106,260.73,true,69.14,1930,119.72,player-03603,DEF,48,68,259.62,72.13,3.78,640.06,21,33
484,239.46,true,58.05,7371,116.49,player-03604,MC,48,276,188.78,56.92,3.59,544.73,19,29
403,223.35,true,70.71,6215,118.93,player-03605,MC,48,237,223.82,64.85,3.04,566.1,22,31
163,245.1,true,66.04,2865,118.58,player-03606,DEL,48,108,258.1,69.61,3.69,621.79,20,31
220,244.06,true,76.96,3742,119.75,player-03607,DEF,48,137,243.24,72.59,3,607.06,20,28
174,256.05,true,73.72,3093,118.15,player-03608,MC,48,117,243.49,74.04,3,617.69,20,28
124,250.79,true,68.14,2280,120.13,player-03609,DEL,48,81,261.81,76.3,3.04,632.73,22,31
39,274.51,true,76.82,949,118.78,player-03610,DEF,48,25,269.86,73.05,3.37,663.15,21,31
497,223.15,true,62.05,6454,119.19,player-03611,POR,36,117,219.22,61.02,4.85,561.56,22,38
269,255.32,true,68.81,3255,122,player-03612,DEF,36,43,237.87,66.41,4.09,615.19,23,38
645,253.31,true,50.89,8595,122.19,player-03613,DEF,36,183,130.47,38.83,4.17,505.98,24,37
607,246.66,true,52.59,8102,119.85,player-03614,MC,36,163,158.66,46.04,3.63,525.17,26,37
477,254.45,true,52.93,6207,121.01,player-03615,MC,36,113,190.82,54.55,4.24,566.28,23,39
563,264.22,true,43.89,7432,121.36,player-03616,DEL,36,145,157.75,45.14,4.2,543.34,25,39
515,265.13,true,51.59,6599,121.29,player-03617,DEF,36,126,172.54,50.56,3.65,558.96,24,37
552,252.28,true,50.1,7232,120.33,player-03618,MC,36,141,174.93,52.54,4.8,547.53,20,34
312,282,true,60.18,3852,121.09,player-03619,DEL,36,53,202.21,59.38,3.08,605.3,24,34
368,253.83,true,59.22,4696,120.19,player-03620,DEF,36,73,217.49,58.84,3.85,591.51,22,32
126,245.9,true,76.42,1190,123.28,player-03621,POR,08,63,286.94,80.1,3,656.12,15,21
262,226.81,true,83.48,2429,120.03,player-03622,DEF,08,130,283.42,81.52,3.47,630.27,14,21
341,244.95,true,76.62,3256,120.14,player-03623,DEF,08,159,250.1,75.41,3.62,615.18,15,23
,227.05,false,67.19,,121.94,player-03624,MC,08,,126.83,41.16,2.64,475.82,15,20
175,237.47,true,75.88,1713,120.87,player-03625,MC,08,89,285.71,82.53,3.47,644.04,16,24
327,250.02,true,71.08,3113,121.66,player-03626,DEL,08,153,245.75,69.52,3.08,617.44,12,17
37,252.82,true,89.18,333,122.35,player-03627,DEF,08,18,313.09,86.24,2.86,688.25,14,19
188,256.08,true,75.25,1792,121.02,player-03628,MC,08,97,265.36,72.87,2.77,642.45,14,19
44,262.43,true,86.74,433,121.07,player-03629,DEL,08,22,299.12,85.58,3.37,682.62,13,19
395,236.69,true,71.12,3717,120.66,player-03630,DEF,08,183,250.01,73.28,3.82,607.36,12,19
395,209.74,true,79.83,4004,122.33,player-03631,POR,46,155,270.8,77.69,1.75,602.87,26,31
294,212.87,true,79.04,2990,121.35,player-03632,DEF,46,118,285.41,86.63,4.13,619.63,27,33
133,217.58,true,82.13,1399,122.47,player-03633,DEF,46,57,310.64,90.01,4.71,650.69,23,30
101,218.99,true,88.92,1096,120.34,player-03634,MC,46,46,319.28,89.85,1.62,658.6,23,27
456,220.28,true,66.39,4561,122.52,player-03635,MC,46,173,250.79,78.26,4.1,593.59,24,29
280,224.49,true,83.65,2924,121.84,player-03636,DEL,46,112,274.28,82.37,4.37,620.61,27,34
97,204.52,true,93.37,1031,120.83,player-03637,DEF,46,44,335.37,92.35,4.81,660.72,24,32
210,211.72,true,90.54,2179,121.38,player-03638,MC,46,83,301.67,85.88,4.54,634.77,25,32
508,185.73,true,89.01,5115,120.54,player-03639,DEL,46,192,278.45,80.37,2.06,584.73,21,26
577,198.91,true,80.34,5794,122.14,player-03640,DEF,46,223,252.59,75.92,4.21,573.64,26,32
110,219.46,true,51.07,8885,111.34,player-03641,POR,33,110,157.41,48.86,5.9,488.21,14,33
85,216.59,true,57.81,7801,110.13,player-03642,DEF,33,85,207.22,58.96,5.62,533.94,14,31
127,217.17,true,40.58,9225,109.39,player-03643,DEF,33,127,104.07,31.11,5.52,430.64,12,26
77,213.08,true,64.02,7405,109.89,player-03644,MC,33,77,220.89,64.79,5.81,543.86,13,30
114,220.69,true,42.78,8967,105.56,player-03645,MC,33,114,154.83,48.81,6.14,481.09,12,30
101,209.81,true,54.98,8560,109.35,player-03646,DEL,33,101,188.72,56.68,6.2,507.88,13,33
66,233.81,true,56.12,6666,110.53,player-03647,DEF,33,66,213.23,58.3,6,557.56,12,29
103,238.87,true,39.85,8573,112.23,player-03648,MC,33,103,156.37,44.57,4.95,507.47,14,27
89,214.5,true,47.9,7916,109.94,player-03649,DEL,33,89,205.77,62.44,5.34,530.21,12,25
78,217.64,true,61.47,7419,112.57,player-03650,DEF,33,78,213.34,59.05,5.9,543.55,14,33
292,266.73,true,73.3,2982,123.08,player-03651,POR,03,119,229.92,68.04,2.31,619.74,23,27
320,245.51,true,65.35,3264,122.65,player-03652,DEF,03,127,246.91,71.78,2.21,615.08,23,29
109,266.44,true,72.85,1177,122.25,player-03653,DEF,03,43,267.9,78.23,2.59,656.59,20,24
116,266,true,68.82,1211,121.53,player-03654,MC,03,47,268,81.41,2.95,655.53,22,28
103,241.8,true,86.31,1113,124.97,player-03655,MC,03,40,291.41,84.13,1.25,658.19,24,27
655,245.36,true,66.45,6541,124.43,player-03656,DEL,03,262,190.07,57.56,2.78,559.86,24,30
505,241.87,true,68.38,5069,122.6,player-03657,DEF,03,214,220.96,61.66,2.78,585.44,21,26
321,270.95,true,64.46,3268,120.17,player-03658,MC,03,128,223.85,60.7,2.54,614.96,19,25
1,311.16,true,80.62,25,121.57,player-03659,DEL,03,1,297.91,90.96,2.64,730.65,18,24
392,261.17,true,67.22,3975,124.13,player-03660,DEF,03,158,218.16,64.76,1.93,603.46,23,28
245,246.46,true,60.26,4029,113.46,player-03661,POR,20,46,242.55,71.48,3.47,602.48,16,24
453,251.86,true,52.62,6989,115.06,player-03662,DEF,20,102,185.03,50.51,3.32,551.95,15,22
,264.55,false,48.06,,112.28,player-03663,DEF,20,,79.3,25.58,3.89,456.13,15,24
391,256.76,true,53.76,6030,113.62,player-03664,MC,20,88,199.07,59.47,3.62,569.45,15,23
326,245.08,true,60.14,5187,115.43,player-03665,MC,20,70,223.03,64.78,2.64,583.55,15,20
197,217.46,true,69.11,3427,116.28,player-03666,DEL,20,39,278.6,83.85,2.64,612.33,15,20
346,262.19,true,57.84,5464,112.59,player-03667,DEF,20,76,204.38,55.65,3.47,579.16,14,21
414,259.68,true,53.5,6314,110.72,player-03668,MC,20,95,193.91,53.74,3.82,564.31,12,19
362,293.81,true,47.95,5618,114.28,player-03669,DEL,20,82,168.53,47.61,3.32,576.62,15,22
429,248.11,true,60.8,6494,114.14,player-03670,DEF,20,98,198.56,55.44,2.77,560.82,14,19
768,203.99,true,78.89,7083,115.37,player-03671,POR,43,203,231.01,74.04,4.47,550.37,17,30
501,210.2,true,67.79,4689,116.21,player-03672,DEF,43,125,265.16,73.09,3.74,591.57,16,25
850,206.86,true,57.15,7925,116.49,player-03673,DEF,43,226,206.51,60.11,4.28,529.86,17,29
869,221.45,true,62.22,8107,115.79,player-03674,MC,43,231,187.8,52.6,4.38,525.04,19,33
673,198.46,true,70.11,6126,117.55,player-03675,MC,43,172,251.65,70.18,3.69,567.66,20,31
896,195.15,true,69.32,8340,117.74,player-03676,DEL,43,238,204.06,59.2,3.89,516.95,20,32
913,175.89,true,60.86,8474,116.4,player-03677,DEF,43,241,219.44,60.06,3.35,511.73,19,28
334,225.55,true,76.56,3175,117.52,player-03678,MC,43,71,273.39,79.3,3.99,616.46,16,26
642,236.11,true,56.65,5892,115.47,player-03679,DEL,43,162,220.45,63.86,3.89,572.02,15,24
858,229.72,true,48.81,8001,115.86,player-03680,DEF,43,229,182.31,53.15,3.74,527.89,16,25
325,248.81,true,87.02,1119,118.16,player-03681,POR,41,53,291,87.16,3.42,657.97,18,24
317,224.75,true,81.78,1100,121.01,player-03682,DEF,41,51,312.72,88.51,3.32,658.48,19,25
696,237.67,true,83.45,2731,122.19,player-03683,DEF,41,129,264.24,78.35,3.23,624.1,20,26
1019,216.84,true,72.36,4475,121.14,player-03684,MC,41,201,256.91,71.78,3.55,594.89,19,26
831,220.71,true,75.4,3414,121.43,player-03685,MC,41,161,270.36,78.17,2.55,612.51,22,29
629,219.61,true,77.55,2421,121.63,player-03686,DEL,41,117,289.15,82.45,3,630.39,22,28
450,230.62,true,88.88,1692,120.61,player-03687,DEF,41,83,293.17,84.44,3.57,644.4,21,29
372,228.43,true,78.86,1309,122.45,player-03688,MC,41,65,302.24,81.91,2.74,653.12,22,27
408,265.52,true,79.73,1455,117.89,player-03689,DEL,41,74,265.94,79.32,3.18,649.36,16,23
1404,224.8,true,66.53,6463,119.98,player-03690,DEF,41,273,216.54,61.82,3.81,561.32,16,22
449,248.62,true,61.18,5812,120.85,player-03691,POR,32,129,203.88,59.97,5.5,573.35,18,29
83,307.4,true,61.64,1023,122.38,player-03692,DEF,32,21,231.18,67.94,4.69,660.96,18,33
99,314.62,true,62.32,1194,121.7,player-03693,DEF,32,24,219.71,66,4.14,656.03,18,30
96,279.21,true,74.24,1162,123.43,player-03694,MC,32,23,254.31,72.19,3.6,656.95,17,26
487,280.64,true,54.03,6266,122.64,player-03695,MC,32,135,161.94,45.61,5.71,565.22,18,30
155,299.22,true,75.28,1943,122.67,player-03696,DEL,32,44,217.88,64.11,5.71,639.77,18,30
88,312.98,true,65.24,1070,122.76,player-03697,DEF,32,22,223.88,70.21,4.14,659.63,18,30
634,228.85,true,58.34,8479,122.07,player-03698,MC,32,175,160.56,49.02,5.28,511.48,18,28
346,277.68,true,51.57,4387,118.98,player-03699,DEL,32,100,199.54,59.07,5.64,596.19,17,28
327,288.2,true,70.18,4127,120.32,player-03700,DEF,32,93,191.99,60.37,4.47,600.51,17,30
167,221.79,true,83.06,1739,121.85,player-03701,POR,03,66,300.03,86.61,2.64,643.67,18,24
323,212.52,true,90.15,3298,122.77,player-03702,DEF,03,129,279.14,80.33,3,614.43,15,21
374,192.41,true,86.28,3789,121.1,player-03703,DEF,03,147,292.85,83.81,4.64,606.36,13,20
182,214.65,true,85.34,1847,122.58,player-03704,MC,03,71,304.18,88.74,2.31,641.41,18,23
190,216.51,true,83.9,1934,119.95,player-03705,MC,03,74,303.56,82.49,2.64,640.03,18,24
222,209.51,true,86.8,2352,119.99,player-03706,DEL,03,90,302.07,88.17,4.07,631.57,19,28
25,222.24,true,96.19,281,122.36,player-03707,DEF,03,8,346.88,96.12,3.2,691.47,16,20
80,204.03,true,92.06,855,122.23,player-03708,MC,03,31,339.81,96.02,3.57,666.06,17,23
,204.54,false,88.54,,120.81,player-03709,DEL,03,,304.43,99,4,629.78,16,23
255,211.64,true,74.1,2705,121.11,player-03710,DEF,03,104,291.93,83.9,4.18,624.68,15,22
214,212.95,true,81.37,2798,119.09,player-03711,POR,05,21,290.67,88.87,5.89,622.72,10,18
205,211.72,true,81.2,2708,117.28,player-03712,DEF,05,20,295.64,82.37,6.65,624.64,10,23
111,216.4,true,83.7,1627,116.71,player-03713,DEF,05,6,312.73,86.48,6.49,645.84,10,22
464,235.54,true,67.82,5236,118.65,player-03714,MC,05,48,228.4,66.55,6.04,582.59,11,22
133,264.87,true,81.69,1883,117.09,player-03715,MC,05,11,258.87,78.62,6.2,640.84,9,18
179,234.71,true,82.66,2369,117,player-03716,DEL,05,15,279.53,86.75,5.38,631.24,10,21
270,199.57,true,77.09,3273,118.59,player-03717,DEF,05,33,296.64,81.28,5.43,614.8,11,19
674,203.88,true,74.2,7412,117.56,player-03718,MC,05,71,222.32,67.78,4.88,543.76,10,19
446,195.45,true,80.13,5036,118.74,player-03719,DEL,05,46,271.87,77.37,5.09,586.06,11,18
262,229.61,true,78.02,3224,118.07,player-03720,DEF,05,31,267.96,74.1,5.15,615.64,11,18
1572,184.04,true,70.56,7374,121.06,player-03721,POR,29,308,239.56,69.33,3.14,544.66,21,30
1857,179.49,true,52.32,8953,123.28,player-03722,DEF,29,353,179.46,52.77,2.14,482.23,20,25
1528,184.71,true,68.38,7096,121.78,player-03723,DEF,29,302,243.72,73.17,3.69,550.21,20,31
1324,172.56,true,66.53,6048,122.06,player-03724,MC,29,281,274.43,75.5,3.89,569.05,20,32
1697,191.6,true,66.82,7993,123.17,player-03725,MC,29,328,213.28,63.54,4.29,528.06,20,31
1534,170.06,true,67.81,7114,121.92,player-03726,DEL,29,303,257.92,75.35,4.43,549.9,19,30
1867,185.9,true,56.77,9043,121.6,player-03727,DEF,29,356,167.14,51.88,4.23,474.65,19,29
1672,188.04,true,63.39,7902,121.56,player-03728,MC,29,324,220.94,62.13,3.29,530.54,19,25
1752,195.88,true,55.65,8301,122.27,player-03729,DEL,29,336,200.58,61.31,2.94,518.73,18,25
1616,181.01,true,69.56,7641,121.12,player-03730,DEF,29,316,236.14,63.91,3.35,538.27,19,28
890,226.97,true,62.97,8279,119.04,player-03731,POR,17,171,173.73,52.01,3.89,519.73,20,32
854,238.93,true,61.35,7967,118.56,player-03732,DEF,17,154,171.23,49.57,4.97,528.72,15,29
865,234.26,true,54.33,8054,120.82,player-03733,DEF,17,161,171.15,50.11,4.01,526.23,19,31
725,240.3,true,63.96,6572,119.44,player-03734,MC,17,127,199.59,58.49,4.2,559.33,19,32
330,219.84,true,69.88,3149,119.44,player-03735,MC,17,65,277.56,79.11,4.38,616.84,19,33
611,221.63,true,70.43,5550,117.54,player-03736,DEL,17,112,238.66,69.62,4.01,577.82,19,31
845,217.16,true,60.83,7875,118.16,player-03737,DEF,17,151,196.2,54.86,3.69,531.52,20,31
868,214.85,true,63.62,8091,117.26,player-03738,MC,17,164,193.28,56.64,3.35,525.38,19,28
848,228.16,true,51.06,7901,119.07,player-03739,DEL,17,152,183.33,51.54,3.35,530.56,19,28
516,233.97,true,71.35,4785,116.32,player-03740,DEF,17,97,239.85,70.91,3.34,590.13,17,25
706,170.01,true,78.77,6461,120.47,player-03741,POR,43,184,270.91,79.14,4.43,561.38,16,28
591,210.95,true,71.93,5372,121.49,player-03742,DEF,43,145,248.01,72.31,4.95,580.46,14,27
371,199.03,true,75.58,3541,120.74,player-03743,DEF,43,84,290.56,90.9,4.78,610.32,15,28
,220.6,false,66.94,,124.06,player-03744,MC,43,,156.82,50.45,3.6,501.49,17,26
767,192.13,true,71.8,7070,120.73,player-03745,MC,43,202,237.76,66.83,4.66,550.63,17,31
828,181.81,true,63.39,7695,121.74,player-03746,DEL,43,219,233.18,68.19,4.78,536.73,15,28
843,187.03,true,67.68,7827,118.44,player-03747,DEF,43,224,227.69,68.29,4.76,533.15,14,26
369,185.88,true,80.12,3512,120.75,player-03748,MC,43,83,304.36,91.28,4.37,610.99,15,26
825,214.91,true,61.81,7655,120.69,player-03749,DEL,43,218,202.29,62.58,4.54,537.89,14,25
938,191.75,true,61.12,8833,120.68,player-03750,DEF,43,250,179.2,51.45,4.78,491.63,15,28
349,248.29,true,69.06,4403,117.21,player-03751,POR,36,65,230.46,65.67,3.34,595.96,17,25
120,236.57,true,77.3,1490,113.35,player-03752,DEF,36,17,298.61,88.02,4.31,648.53,14,24
411,223.83,true,61.19,5251,116.42,player-03753,DEF,36,88,242.19,68.6,4.14,582.44,15,25
313,215.74,true,72.43,3858,117.02,player-03754,MC,36,54,272.49,76.16,3.84,605.25,17,27
457,223.93,true,78.81,5938,116.34,player-03755,MC,36,103,230.8,72.83,3.47,571.07,16,24
462,229.17,true,69.69,5997,117.05,player-03756,DEL,36,105,223.71,65.4,3.84,569.93,17,27
,226.07,false,62.89,,117.72,player-03757,DEF,36,,156.33,50.67,3.59,500.12,19,29
360,245.11,true,67.37,4592,116.73,player-03758,MC,36,69,231.27,62.97,3.06,593.11,17,24
89,279.12,true,86.27,1080,116.59,player-03759,DEL,36,14,263.5,80.53,3.34,659.22,17,25
567,215.41,true,63.13,7461,116.64,player-03760,DEF,36,147,210.7,61.88,3.71,542.75,18,28
27,259.82,true,76.19,2298,114.3,player-03761,POR,07,27,258.26,81.12,5.79,632.39,10,23
161,210.32,true,49.71,9088,115.72,player-03762,DEF,07,161,142.47,41.88,4.9,468.51,11,21
126,193.24,true,73.33,7472,109.35,player-03763,DEF,07,126,239.87,71.94,5.4,542.46,9,19
108,266.04,true,55.84,6595,110.59,player-03764,MC,07,108,182.37,53.56,5.85,559.01,9,21
70,230.52,true,59.13,4808,114.77,player-03765,MC,07,70,244.52,76.11,4.64,589.81,11,20
128,244.65,true,55.52,7570,115.67,player-03766,DEL,07,128,180.05,53.25,5.34,540.37,12,25
75,236.03,true,61.86,5084,117.65,player-03767,DEF,07,75,231.54,64.84,3.82,585.22,12,19
93,228.39,true,65.01,5835,113.81,player-03768,MC,07,93,230.8,67.47,5.79,573,10,23
59,253.56,true,60.78,4279,113.13,player-03769,DEL,07,59,231.35,63.39,5.38,598.04,10,21
121,237.34,true,55.2,7187,112.3,player-03770,DEF,07,121,198.81,56.44,5.38,548.44,10,21
43,201.56,true,80.64,4804,110.81,player-03771,POR,33,43,277.47,86.29,5.34,589.85,12,25
31,176.78,true,92.63,3737,113.58,player-03772,DEF,33,31,316.8,94.79,4.58,607.16,15,27
107,184.65,true,68.07,8784,110.91,player-03773,DEF,33,107,199.5,63.87,4.23,495.06,13,22
117,181.16,true,75.77,9120,112.51,player-03774,MC,33,117,168.04,54.39,4.14,461.71,15,25
41,195.63,true,87.46,4641,110.26,player-03775,MC,33,41,286.54,83.26,5.34,592.44,12,25
16,200.03,true,87.3,2201,114.2,player-03776,DEL,33,16,320.07,90.2,4.72,634.29,13,24
64,181.28,true,84.16,6438,112.93,player-03777,DEF,33,64,267.61,79.8,4.78,561.82,15,28
91,152.49,true,78.67,7990,109.82,player-03778,MC,33,91,265.79,78.78,4.43,528.11,12,21
49,199.29,true,77.2,5284,108.55,player-03779,DEL,33,49,273.91,75.22,3.95,581.75,13,21
75,159.85,true,85.15,7222,113.03,player-03780,DEF,33,75,274.94,80.71,4.58,547.82,15,27
1096,173.07,true,83.29,4921,114.63,player-03781,POR,41,215,300.2,85.12,5.88,587.9,18,31
1687,178.11,true,79.66,7954,115.99,player-03782,DEF,41,338,235.02,71.2,5.16,529.12,21,33
1069,171.69,true,86.06,4753,115.15,player-03783,DEF,41,210,303.77,84.48,5.48,590.61,22,37
1888,171.94,true,74.55,9181,114.99,player-03784,MC,41,379,162.31,51.57,5.33,449.24,21,34
1497,165.12,true,75.33,6895,117.53,player-03785,MC,41,304,270.72,77.22,5.16,553.37,21,33
1367,189.53,true,79.72,6254,114.72,player-03786,DEL,41,265,261.16,79.67,4.95,565.41,20,30
,185.21,false,79.57,,115.55,player-03787,DEF,41,,229.65,74.57,5.13,530.41,19,29
890,199.03,true,86.86,3728,112.49,player-03788,MC,41,177,295.7,86.11,4.88,607.22,18,29
1663,225.21,true,63.75,7836,117.62,player-03789,DEL,41,334,189.92,55.21,3.89,532.75,18,25
1212,167.72,true,85.41,5447,114.21,player-03790,DEF,41,238,297.43,92.14,5.28,579.37,17,29
1420,211.64,true,79.99,6539,113.47,player-03791,POR,04,75,234.8,74.97,7.18,559.9,17,33
1029,203.07,true,94.93,4532,118.76,player-03792,DEF,04,58,272.38,83.74,6.23,594.21,17,31
977,224.32,true,79.49,4236,115.48,player-03793,DEF,04,51,259.03,73.87,6.57,598.84,18,35
307,219.7,true,91.38,1045,119.16,player-03794,MC,04,13,321.3,90.99,7.05,660.16,15,28
330,229.5,true,98,1128,116.52,player-03795,MC,04,15,311.7,97.57,7.47,657.71,14,33
567,223.68,true,91.01,2153,114.25,player-03796,DEL,04,27,297.51,89.68,6.88,635.43,18,33
1400,232.84,true,74.91,6451,116.89,player-03797,DEF,04,74,211.91,68.17,5.56,561.64,18,35
1395,194.72,true,82.79,6429,120.39,player-03798,MC,04,73,246.78,77.18,4.78,561.9,15,28
592,211.71,true,87.13,2248,113.28,player-03799,DEL,04,28,308.48,90.84,7.26,633.47,18,36
628,249.14,true,84.21,2417,116.36,player-03800,DEF,04,31,264.96,83.73,6.38,630.46,16,30
1417,201.26,true,64.54,6510,122.57,player-03801,POR,11,290,236.64,67.97,3.89,560.47,20,32
1346,217.65,true,64.24,6147,124.66,player-03802,DEF,11,275,224.96,69.36,3.96,567.28,21,34
1836,215.55,true,42.54,8778,126.14,player-03803,DEF,11,368,153.67,43.21,3.37,495.36,21,31
1521,220.64,true,59.67,7041,122.92,player-03804,MC,11,309,207.61,56.6,3.96,551.17,21,34
1713,219.92,true,58.3,8066,117.14,player-03805,MC,11,344,188.96,54.26,3.59,526.01,19,29
1813,199.17,true,48.21,8655,122.3,player-03806,DEL,11,363,181.35,48.91,3.96,502.82,21,34
1878,210.81,true,49.83,9115,123.25,player-03807,DEF,11,380,129,38.07,3.57,463.06,23,35
1468,224.66,true,60.89,6769,122.36,player-03808,MC,11,298,208.89,58.97,4.26,555.92,20,34
1462,212.96,true,57.84,6742,124.58,player-03809,DEL,11,297,218.8,59.01,2.55,556.33,22,29
1531,214.76,true,56.35,7110,124.93,player-03810,DEF,11,311,210.27,56.71,3.26,549.96,22,32
57,232.91,true,85.03,648,121.53,player-03811,POR,03,21,319.08,89.33,2.41,673.52,17,22
772,237.8,true,69.92,7612,119.4,player-03812,DEF,03,307,182.03,55.4,2.64,539.23,18,24
47,223.97,true,85.71,525,121.55,player-03813,DEF,03,15,333.3,97.62,2.75,678.81,17,23
551,234,true,71.21,5543,122.17,player-03814,MC,03,225,221.82,66.32,1.81,577.99,15,18
380,216.85,true,74.47,3855,119.04,player-03815,MC,03,151,269.4,76.63,3.47,605.28,16,24
602,239.84,true,55.2,6006,121.29,player-03816,DEL,03,243,208.68,56.53,2.14,569.81,16,20
33,235.08,true,89.66,383,120.1,player-03817,DEF,03,11,329.9,97,3.01,685.08,14,19
561,240.19,true,59.91,5609,119.68,player-03818,MC,03,229,216.9,59.4,2.87,576.77,16,22
,235.1,false,70.95,,114.23,player-03819,DEL,03,,248.51,71.32,3.08,597.84,12,17
326,246.81,true,67.89,3342,119.03,player-03820,DEF,03,131,247.82,70.28,2.25,613.66,15,19
552,207.27,true,82.36,2112,125.78,player-03821,POR,41,105,303.29,84.23,2.64,636.33,21,28
1654,195.86,true,68.01,7802,126.19,player-03822,DEF,41,331,211.88,64.03,2.94,533.94,18,25
587,199.04,true,82.06,2227,126.65,player-03823,DEF,41,111,308.14,86.83,3.47,633.83,20,30
1464,193.97,true,58.61,6747,125,player-03824,MC,41,290,237.32,68.99,3.47,556.28,20,30
1103,195.24,true,77.37,4941,124.87,player-03825,MC,41,217,267.43,79.9,3.69,587.54,20,31
1280,191.67,true,66.36,5806,126.99,player-03826,DEL,41,253,254.8,68.72,2.73,573.46,20,27
678,186.69,true,84.59,2629,126.91,player-03827,DEF,41,126,312.64,90.83,3.14,626.24,21,30
1025,213.68,true,68.03,4510,126.63,player-03828,MC,41,203,254.09,76.22,3.22,594.4,18,26
950,229.39,true,76.82,4089,126.56,player-03829,DEL,41,188,245.28,70.56,2.45,601.23,20,26
1018,217.73,true,68.61,4471,126.85,player-03830,DEF,41,200,250.38,77.35,2.36,594.97,21,27
415,255.59,true,54.91,6339,119.05,player-03831,POR,01,77,189.16,54.71,4.14,563.8,18,30
181,263.78,true,72.64,3203,119.63,player-03832,DEF,01,29,232.57,66.46,4.38,615.99,19,33
408,260.02,true,63.6,6273,118.9,player-03833,DEF,01,74,186.15,55.27,4.51,565.07,18,32
494,276.97,true,49.68,7470,122.72,player-03834,MC,01,96,142.8,45.08,3.47,542.49,20,30
227,263.03,true,63.95,3828,117.19,player-03835,MC,01,40,225.5,68.66,4.51,605.71,18,32
57,275.12,true,65.44,1181,119.22,player-03836,DEL,01,7,262.09,82.51,4.51,656.43,18,32
179,271.33,true,65.31,3161,119.91,player-03837,DEF,01,28,225.47,62.53,4.33,616.71,18,31
290,234.99,true,59.93,4778,121.96,player-03838,MC,01,55,233.31,65.72,3.89,590.27,15,24
471,217.58,true,66.58,7184,122.98,player-03839,DEL,01,92,207.96,65.59,2.94,548.51,18,25
477,241.24,true,58.07,7289,120.04,player-03840,DEF,01,94,185.2,52.79,4.47,546.48,17,30
1606,219.47,true,56.26,7595,115.24,player-03841,POR,18,116,204.93,59.45,3.74,539.65,16,25
1258,266.06,true,58.92,5683,113.47,player-03842,DEF,18,95,196.06,58.85,4.47,575.58,17,30
1518,246.37,true,66.14,7030,115.28,player-03843,DEF,18,114,189.69,57.06,3.93,551.35,18,29
499,244.77,true,73.69,1911,113.84,player-03844,MC,18,37,281.75,84.69,4.21,640.36,16,27
1028,271.9,true,68.23,4524,116.19,player-03845,MC,18,75,206.13,60.18,3.71,594.23,18,28
1006,251.9,true,74.94,4396,115.28,player-03846,DEL,18,71,228.89,68.3,3.6,596.07,17,26
471,252.17,true,64.43,1778,116.1,player-03847,DEF,18,33,274.54,81.94,3.34,642.81,17,25
758,240.09,true,67.54,3050,115.01,player-03848,MC,18,54,263.34,80.6,4.62,618.44,16,29
1169,213.95,true,66.48,5246,114,player-03849,DEL,18,90,254.54,75.62,4.05,582.49,14,23
1051,246.37,true,71.06,4658,115.66,player-03850,DEF,18,78,230.05,66.78,4.43,592.08,16,28
28,247.38,true,87.41,1266,119.72,player-03851,POR,30,28,287.04,80.76,3.22,654.14,18,26
39,242.79,true,81.51,1491,116.38,player-03852,DEF,30,39,289.36,78.63,4.66,648.53,17,31
11,243.65,true,96.98,427,118.66,player-03853,DEF,30,11,320.65,93.95,4.28,682.96,17,29
3,248.83,true,98,138,117.5,player-03854,MC,30,3,338.72,98.66,3.47,705.05,16,24
6,249.56,true,90.45,183,120.43,player-03855,MC,30,6,330.5,96.08,3.93,700.49,18,29
48,241.22,true,80.61,1865,120.33,player-03856,DEL,30,48,279.63,79.14,4.28,641.18,17,29
23,250.02,true,89.1,1094,118.03,player-03857,DEF,30,23,290.55,86.65,3.35,658.61,19,28
5,227.14,true,94.2,148,119.51,player-03858,MC,30,5,357.27,99,3.35,703.92,19,28
26,235.89,true,80.59,1229,121.15,player-03859,DEL,30,26,298.05,85.96,3.81,655.09,19,30
38,236.58,true,80.13,1488,119.24,player-03860,DEF,30,38,292.76,84.96,2.75,648.59,17,23
148,187.35,true,92.93,2448,125.08,player-03861,POR,45,77,317.43,90.39,3.72,629.86,18,25
74,205.17,true,95,1207,123.4,player-03862,DEF,45,44,327.05,99,3.32,655.62,19,25
43,209.28,true,96.09,728,124.67,player-03863,DEF,45,25,336.76,99,3.1,670.71,19,27
221,183.86,true,90.99,3631,123.04,player-03864,MC,45,100,301.77,85.31,4.96,608.67,15,25
89,203.1,true,90.09,1390,122.57,player-03865,MC,45,50,325.26,96.62,4.29,650.92,16,24
38,202.23,true,93.64,670,124.03,player-03866,DEL,45,23,346.56,93.81,4,672.81,16,23
286,192.97,true,79.96,4539,124.23,player-03867,DEF,45,122,276.82,87.05,3.22,594.02,18,26
86,204.54,true,84.46,1327,122.76,player-03868,MC,45,49,325.34,90.45,2.94,652.65,18,25
55,204.11,true,90.43,901,124.94,player-03869,DEL,45,33,335.71,91.61,2.64,664.76,18,24
213,207.26,true,87.11,3523,122.75,player-03870,DEF,45,99,280.76,84.86,2.94,610.77,18,25
656,180.68,true,75.05,6547,117.37,player-03871,POR,03,263,261.71,74.5,6.09,559.76,16,25
503,188.75,true,78.06,5062,121.36,player-03872,DEF,03,212,275.45,77.18,3.84,585.56,17,24
842,182.87,true,56.65,8445,120.92,player-03873,DEF,03,338,209.13,58.34,5.04,512.92,18,27
855,168.65,true,70.33,8561,120.13,player-03874,MC,03,343,219.07,63.57,5.54,507.84,18,26
422,194.55,true,74.15,4228,121.27,player-03875,MC,03,174,283.14,80.01,4.32,598.95,17,26
894,196.58,true,58.68,9010,120.95,player-03876,DEL,03,358,159.5,47.71,3.99,477.04,16,26
729,194.46,true,69.56,7221,122.56,player-03877,DEF,03,293,230.83,70.95,2.94,547.84,18,25
388,178.99,true,73.91,3944,121.42,player-03878,MC,03,155,303.49,84.39,4.56,603.9,17,27
836,161.91,true,62.34,8351,119.79,player-03879,DEL,03,334,234.86,70.16,3,516.56,15,21
751,185.82,true,62.4,7422,119.75,player-03880,DEF,03,298,237.91,64.4,3.74,543.49,16,25
135,259.37,true,61.95,5722,113.69,player-03881,POR,26,135,201.65,58.35,4.37,574.72,15,26
48,259.72,true,75.23,1715,117.88,player-03882,DEF,26,48,266.43,72.4,3.34,644.03,17,25
127,278.09,true,63.76,5202,119.48,player-03883,DEF,26,127,185.79,53.56,3.34,583.36,17,25
120,261.6,true,64.16,4824,117.02,player-03884,MC,26,120,210.97,66.24,3.34,589.58,17,25
160,266.91,true,53.59,7156,114.95,player-03885,MC,26,160,167.27,50.12,3.74,549.14,16,25
110,252,true,64.16,4293,116.5,player-03886,DEL,26,110,229.23,62.05,3.84,597.73,17,27
57,239.55,true,84.44,2130,116.1,player-03887,DEF,26,57,280.32,78.56,4.43,635.96,16,28
39,249.71,true,70.85,1528,117.8,player-03888,MC,26,39,280.27,78.87,3.32,647.79,15,22
106,285.68,true,60.83,4141,119.02,player-03889,DEL,26,106,195.68,55.27,3.14,600.38,14,20
139,240.03,true,59.3,6024,119.69,player-03890,DEF,26,139,209.8,59.26,1.72,569.52,16,19
800,270.23,true,60.38,3279,120.91,player-03891,POR,11,172,223.56,63.09,2.72,614.7,23,31
1384,250.3,true,61.28,6335,120.45,player-03892,DEF,11,283,193.15,55.89,2.14,563.9,20,25
1170,265.52,true,69.08,5247,121.99,player-03893,DEF,11,237,194.97,59.05,2.14,582.48,20,25
485,262.7,true,75.29,1842,120.24,player-03894,MC,11,102,258.56,74.9,2.21,641.5,23,29
1012,244.37,true,66.85,4426,121.56,player-03895,MC,11,207,229.61,70.24,1.39,595.55,21,24
814,252.76,true,73.27,3324,122.34,player-03896,DEL,11,176,238.88,74.82,1.93,613.98,23,28
441,257.92,true,74.61,1642,121.55,player-03897,DEF,11,92,266.06,76.8,1.81,645.54,20,24
464,290.14,true,63.48,1760,119.3,player-03898,MC,11,98,233.88,64.95,2.94,643.32,18,25
1342,225.63,true,71.51,6121,117.07,player-03899,DEL,11,273,225.08,70.43,2.04,567.77,17,21
371,273.03,true,70.4,1306,118.88,player-03900,DEF,11,77,261.32,74.26,1.88,653.23,19,23
2,234.5,true,98,136,117.3,player-03901,POR,48,2,353.56,96.38,3.93,705.36,18,29
30,221.91,true,98,753,117.15,player-03902,DEF,48,20,330.7,96.61,3.24,669.76,20,29
97,224.49,true,82.48,1804,115.53,player-03903,DEF,48,62,302.2,82.48,4.2,642.22,19,32
96,214.35,true,90.09,1761,115.75,player-03904,MC,48,61,313.16,88.23,3.84,643.25,17,27
335,204.73,true,84.21,5307,115.01,player-03905,MC,48,201,261.75,77.21,5.14,581.48,17,34
88,209.08,true,86.34,1680,116.35,player-03906,DEL,48,56,319.2,90.57,3.93,644.63,18,29
168,193.63,true,84.8,2910,114.3,player-03907,DEF,48,112,312.93,87.8,4.14,620.87,18,30
41,226.2,true,87.71,956,116.34,player-03908,MC,48,27,320.44,91.91,3.69,662.98,20,31
48,226.2,true,90.91,1018,113.08,player-03909,DEL,48,32,321.8,94.13,3.93,661.08,18,29
10,232.58,true,83.97,320,117.22,player-03910,DEF,48,6,339.37,97.94,3.24,689.17,20,29
1465,146,true,84.42,6751,119.77,player-03911,POR,14,145,290.49,84.58,4.66,556.25,23,35
1109,134.27,true,93.41,4966,119,player-03912,DEF,14,107,333.72,93.52,4.79,586.99,19,28
1205,140.12,true,88.54,5408,120.78,player-03913,DEF,14,118,319,86.35,4.68,579.9,20,33
1121,150.35,true,85.24,5016,121.07,player-03914,MC,14,108,314.83,84.91,5.56,586.25,21,37
1728,150.51,true,72.85,8157,118.22,player-03915,MC,14,176,254.56,73.12,4.79,523.28,19,28
1846,162.52,true,71.38,8890,120.37,player-03916,DEL,14,190,204.57,58.95,4.2,487.47,21,32
1156,143.49,true,94.31,5186,119.83,player-03917,DEF,14,112,320.25,93.21,4.78,583.56,19,32
811,145.24,true,98,3318,119.81,player-03918,MC,14,77,349.04,97.21,5.26,614.1,20,37
1862,141.4,true,83.78,9008,115.86,player-03919,DEL,14,192,219.93,67.86,4.4,477.19,18,28
399,177.25,true,98,1425,117.34,player-03920,DEF,14,41,355.49,99,4.98,650.08,18,31
954,212.15,true,35.04,8986,124.27,player-03921,POR,08,420,142.64,41.66,4.07,479.06,17,28
,232.62,false,51.66,,123.81,player-03922,DEF,08,,169.32,54.94,3.1,525.75,19,27
970,232.74,true,30,9207,123.2,player-03923,DEF,08,429,84.92,25,3.34,440.86,17,25
955,218.46,true,46.16,8996,125.84,player-03924,MC,08,421,133.99,40.78,2.83,478.29,19,26
855,224.33,true,62.43,7977,124.05,player-03925,MC,08,382,180.1,51.28,3.47,528.48,20,30
847,219.04,true,49.98,7899,123.35,player-03926,DEL,08,381,188.17,56,3.22,530.57,18,26
844,221.74,true,57.45,7871,125.3,player-03927,DEF,08,379,184.67,52.84,3.71,531.71,18,28
961,218.62,true,51.2,9063,122.78,player-03928,MC,08,425,130.97,39.91,4.21,472.38,16,27
940,212.75,true,55.85,8861,123.77,player-03929,DEL,08,416,153.63,45.56,2.31,490.15,18,23
885,219.07,true,64.9,8222,123.56,player-03930,DEF,08,388,178.67,53.85,3.47,521.3,16,24
488,250.09,true,59.39,4607,122.53,player-03931,POR,43,123,220.29,64.34,2.87,592.91,16,22
727,241.01,true,57.89,6578,122.14,player-03932,DEF,43,193,196.12,56.06,2.64,559.27,15,20
689,244.08,true,57.33,6289,122,player-03933,DEF,43,176,198.62,56.89,2.77,564.7,14,19
259,273.58,true,64.59,2401,121.54,player-03934,MC,43,53,235.61,69.08,3.64,630.73,13,20
655,265.86,true,55.98,5952,119.22,player-03935,MC,43,166,185.65,52.67,2.92,570.74,13,18
835,208.2,true,54.58,7783,122.13,player-03936,DEL,43,222,204.09,59.85,3,534.42,15,21
456,255.11,true,62.07,4261,121.99,player-03937,DEF,43,110,221.3,62.47,3.14,598.4,14,20
666,231.75,true,71.19,6087,121.13,player-03938,MC,43,169,215.53,65.05,3.47,568.41,12,18
815,234.72,true,58.62,7549,123.02,player-03939,DEL,43,216,183.2,55.63,2.14,540.94,16,20
769,245.15,true,54.21,7092,121.72,player-03940,DEF,43,204,183.36,54.64,2.36,550.23,14,18
512,209.84,true,69.23,5736,118.99,player-03941,POR,37,113,245.71,67.99,7.74,574.54,16,41
47,233.1,true,85.93,802,115.55,player-03942,DEF,37,19,319.4,91.78,8.14,668.06,14,40
50,228.68,true,85.97,817,117.57,player-03943,DEF,37,20,321.21,91.36,7.11,667.47,16,40
65,225.08,true,88.97,963,118.91,player-03944,MC,37,25,318.85,86.31,7.49,662.84,17,41
204,235.99,true,88.14,2671,116.77,player-03945,MC,37,59,272.69,78.96,6.64,625.45,17,37
487,217.79,true,68.44,5503,120.82,player-03946,DEL,37,111,239.99,67.84,7.18,578.59,17,37
38,248.89,true,85.66,587,119.57,player-03947,DEF,37,15,307.63,90.92,6.67,676.08,17,37
2,250.61,true,90.68,36,117.46,player-03948,MC,37,1,358.76,98.21,4.81,726.84,16,30
25,237.87,true,90.55,412,116.61,player-03949,DEL,37,10,329.2,94.65,5.29,683.67,16,33
69,250.16,true,80.32,1054,119.79,player-03950,DEF,37,27,290.04,85.71,6.98,659.99,15,35
129,225.52,true,88.4,1855,116.78,player-03951,POR,05,8,299,82.84,6.26,641.31,12,20
345,231.73,true,67.41,4024,117.21,player-03952,DEF,05,35,253.58,71.23,6.26,602.52,12,20
99,247.33,true,82.92,1504,119.24,player-03953,DEF,05,4,281.64,83,6.38,648.21,13,23
251,225.57,true,74.66,3180,113.62,player-03954,MC,05,29,277.19,80.13,6.6,616.38,11,19
492,213.18,true,76.06,5580,116.75,player-03955,MC,05,52,247.3,69.76,6.26,577.23,12,20
567,213.09,true,74.5,6262,117.16,player-03956,DEL,05,58,235.01,71.72,3.69,565.26,13,17
,205.8,false,68.97,,110.16,player-03957,DEF,05,,237.48,68.39,4.38,553.44,10,14
419,254.57,true,68.72,4773,111.92,player-03958,MC,05,44,223.84,65.38,5.27,590.33,10,16
360,227.33,true,71.09,4181,114.16,player-03959,DEL,05,37,258.25,76.91,6.9,599.74,11,21
70,257.5,true,78.28,1056,118.04,player-03960,DEF,05,2,284.32,83.41,5.83,659.87,12,16
380,259.45,true,71.63,5880,118.45,player-03961,POR,01,69,194.29,60.08,4.14,572.19,18,30
502,232.34,true,56.15,7542,118.2,player-03962,DEF,01,101,190.51,53.01,4.07,541.05,17,28
67,247.4,true,74.83,1345,117.73,player-03963,DEF,01,8,287.15,77.73,2.94,652.28,18,25
331,230.81,true,65.4,5233,116.25,player-03964,MC,01,61,235.54,63.76,3.59,582.61,19,29
438,238.3,true,64.52,6805,117.65,player-03965,MC,01,83,199.43,56.73,4.95,555.39,14,27
418,266.39,true,51.92,6351,116.95,player-03966,DEL,01,78,180.09,52.54,4.21,563.43,16,27
99,253.83,true,69.03,1814,118.35,player-03967,DEF,01,13,269.84,80.88,4.01,642.02,19,31
275,271.68,true,54.86,4587,114.13,player-03968,MC,01,52,207.36,62.87,3.99,593.16,16,26
462,232.72,true,64.83,7073,117.29,player-03969,DEL,01,90,200.6,62.82,3.74,550.61,16,25
208,250.95,true,66.93,3626,115.88,player-03970,DEF,01,36,241.91,66.82,3.34,608.75,17,25
95,234.38,true,86.86,1153,118.98,player-03971,POR,27,25,303.82,89.81,5.09,657.18,15,26
79,238.48,true,81.85,987,121.38,player-03972,DEF,27,22,302.08,83.91,3.57,661.94,17,23
31,257.04,true,81.9,329,123.62,player-03973,DEF,27,7,307.88,85.12,3.94,688.54,18,26
72,245.54,true,86.92,904,121.26,player-03974,MC,27,20,297.95,91.21,2.75,664.75,17,23
244,244.05,true,75.33,2973,122.49,player-03975,MC,27,58,253.31,72.6,3.84,619.85,17,24
90,251.17,true,81.01,1092,122.72,player-03976,DEL,27,24,284.75,79.3,3.18,658.64,16,23
222,273.16,true,81.64,2728,120.94,player-03977,DEF,27,54,230,70.13,4.32,624.11,17,26
293,251.36,true,73.76,3565,124.51,player-03978,MC,27,68,233.97,69.26,4,609.84,16,23
41,261.5,true,87.91,479,123.21,player-03979,DEL,27,12,296.19,82.05,4.44,680.9,15,23
35,252.01,true,88.26,370,120.4,player-03980,DEF,27,10,313.64,90.83,3.47,686.04,14,21
513,279.84,true,62.59,1940,120.91,player-03981,POR,04,25,239.14,65.8,3.1,639.89,19,27
546,240.17,true,74.7,2082,120.4,player-03982,DEF,04,26,276.34,85.32,3.32,636.92,15,22
291,295.22,true,73.72,989,119,player-03983,DEF,04,12,247.68,69.26,3.6,661.9,17,26
76,287.14,true,74.96,219,120.16,player-03984,MC,04,2,289.03,82.82,3.18,696.33,16,23
374,261,true,75.31,1321,121.14,player-03985,MC,04,18,270.66,77.59,3.22,652.81,18,26
601,265.53,true,61.13,2307,122.1,player-03986,DEL,04,29,244.64,70.55,2.22,632.26,19,24
400,255.13,true,78.25,1432,122.38,player-03987,DEF,04,20,272.32,81.15,2.73,649.83,20,27
99,279.92,true,75.3,273,119.96,player-03988,MC,04,5,292.43,81.57,3.1,692.31,19,27
148,286.01,true,78.7,448,122.21,player-03989,DEL,04,8,273.84,80.96,3.22,682.06,18,26
418,278.86,true,65.53,1509,122.04,player-03990,DEF,04,21,247.25,71.15,3.47,648.14,20,30
74,203.66,true,94.5,1131,110.53,player-03991,POR,49,3,343.46,96.88,6.67,657.65,12,29
343,201.34,true,84.69,4011,108.29,player-03992,DEF,49,35,293.15,85.28,7.14,602.78,11,30
342,211.86,true,87.78,3995,105.32,player-03993,DEF,49,34,285.78,85.63,6.44,602.96,10,27
309,209.17,true,92.04,3703,101.16,player-03994,MC,49,29,297.27,89.75,7.81,607.59,8,26
633,228.51,true,69.77,6962,110.34,player-03995,MC,49,61,213.46,63.45,6.42,552.31,12,27
101,210.81,true,86.87,1534,107.99,player-03996,DEL,49,6,328.92,96.23,7.38,647.71,10,29
315,217.18,true,89.41,3761,108.21,player-03997,DEF,49,30,281.37,85.91,6.67,606.76,12,29
554,209.09,true,93.47,6170,110.64,player-03998,MC,49,55,247.1,78.7,5.85,566.83,12,28
154,216.47,true,93.23,2182,107.85,player-03999,DEL,49,11,310.36,99,6.14,634.68,12,30
173,205.46,true,82.54,2303,110.37,player-04000,DEF,49,13,316.49,95.53,6.29,632.32,10,26
618,188.58,true,60.72,5695,121.66,player-04001,POR,08,279,265.04,79.88,2.62,575.28,20,24
163,254.82,true,74.23,1626,123.07,player-04002,DEF,08,82,267.99,82.51,2.52,645.88,21,25
761,202.01,true,66.92,7018,119.72,player-04003,DEF,08,347,229.85,71.38,3.87,551.57,20,23
592,216.12,true,63.8,5382,121.44,player-04004,MC,08,269,242.7,67.8,3.27,580.25,17,22
240,222.14,true,76.77,2232,121.4,player-04005,MC,08,121,290.18,79.76,2.66,633.72,19,21
498,218.2,true,76.86,4660,121.25,player-04006,DEL,08,224,252.61,73.15,2.37,592.06,23,27
663,238.82,true,65.2,6069,121.67,player-04007,DEF,08,300,208.27,60.41,2.92,568.77,20,25
454,235.32,true,77.23,4239,120.86,player-04008,MC,08,208,242.59,76.02,2.41,598.77,17,22
717,224.73,true,70.08,6517,121.21,player-04009,DEL,08,323,214.46,67.83,2.04,560.4,17,21
282,260.56,true,69.84,2645,121.3,player-04010,DEF,08,137,244.17,68.16,2.94,626.03,18,25
155,186.12,true,67.59,8793,113.1,player-04011,POR,07,155,195.43,57.87,4.71,494.66,19,35
73,164.12,true,77.49,4953,114.9,player-04012,DEF,07,73,308.15,86.86,5.29,587.18,16,33
138,153.61,true,68.61,8204,113.94,player-04013,DEF,07,138,254.2,71.51,5.29,521.74,16,33
159,181.26,true,56.03,8958,112.5,player-04014,MC,07,159,188.31,55.13,5.28,482.07,17,35
156,181.25,true,57.15,8851,115.14,player-04015,MC,07,156,194.15,53.17,4.86,490.53,19,36
141,182.66,true,55.32,8347,114.87,player-04016,DEL,07,141,219.19,65.53,5.42,516.72,17,36
103,179.6,true,70.77,6447,114.9,player-04017,DEF,07,103,267.2,77,5,561.69,18,35
143,171.15,true,73.39,8482,109.09,player-04018,MC,07,143,231.06,71.31,5.3,511.31,15,31
147,183.78,true,58.87,8584,115.02,player-04019,DEL,07,147,208.07,59.61,5.14,506.87,17,34
111,186.29,true,71.35,6647,113.61,player-04020,DEF,07,111,258.02,73.76,4.38,557.92,19,33
91,233.5,true,84.11,1502,116.08,player-04021,POR,35,74,298.68,89.19,4.31,648.27,14,24
445,217.64,true,58.17,7520,118.42,player-04022,DEF,35,332,205.37,57.27,3.74,541.43,16,25
288,227.85,true,76.14,4742,115.86,player-04023,DEF,35,211,247.01,74.98,3.89,590.72,15,24
258,208.66,true,68.09,4332,118.43,player-04024,MC,35,191,270.13,79.86,2.75,597.21,17,23
429,201.07,true,61.12,7281,117.3,player-04025,MC,35,319,228.33,64.41,3.89,546.7,15,24
449,173.74,true,71.7,7613,116.39,player-04026,DEL,35,335,249.1,73.38,3.47,539.22,14,21
343,218.9,true,64.24,5796,117.97,player-04027,DEF,35,253,236.74,65.93,3.32,573.6,15,22
516,165.55,true,60.63,8755,119.51,player-04028,MC,35,390,211.85,62.79,2.41,496.91,17,22
511,181.59,true,64.83,8674,118.26,player-04029,DEL,35,385,201.81,61.01,3.32,501.66,15,22
306,210.57,true,64.12,5164,116.5,player-04030,DEF,35,224,256.94,81.5,3,584.01,15,21
329,201.8,true,76.86,5522,121.15,player-04031,POR,35,241,255.4,73.9,3.84,578.35,17,27
195,224.46,true,79.84,3262,121.37,player-04032,DEF,35,149,269.28,79.45,3.22,615.11,18,26
148,269.59,true,69.54,2414,120.49,player-04033,DEF,35,115,240.42,69.06,3.74,630.49,16,25
352,242.32,true,79.43,5932,119.8,player-04034,MC,35,258,209,62.38,4.33,571.11,18,31
341,234.2,true,63.13,5743,119.05,player-04035,MC,35,251,221.23,60.86,4.28,574.47,17,29
285,212.59,true,71.44,4701,122.48,player-04036,DEL,35,209,256.33,74.6,3.06,591.4,17,24
292,216.26,true,75.76,4815,121.88,player-04037,DEF,35,215,251.55,72.01,3.59,589.69,19,29
294,186.9,true,90.77,4838,119.13,player-04038,MC,35,217,283.3,80.8,3.47,589.33,16,24
176,210.27,true,81.26,3003,119.08,player-04039,DEL,35,134,289.98,84.12,3.32,619.33,15,22
94,201.61,true,91.92,1524,117.89,player-04040,DEF,35,77,328.34,96.53,4.31,647.84,14,24
521,242.55,true,60.55,5817,116.6,player-04041,POR,49,50,214.15,60.16,5.62,573.29,14,31
391,235.66,true,70.56,4520,115.91,player-04042,DEF,49,38,242.74,71.72,4.37,594.32,15,26
557,269.96,true,64.56,6197,116.44,player-04043,DEF,49,56,180.07,54.14,4.97,566.48,15,29
465,255.47,true,68.06,5243,115.03,player-04044,MC,49,46,212.01,60.94,5.14,582.52,14,28
537,211.03,true,71.43,6050,119.59,player-04045,MC,49,52,238.41,73.34,4.81,569.03,16,30
542,243.2,true,71.21,6099,116.07,player-04046,DEL,49,53,208.93,60.55,5.62,568.19,14,31
506,249.87,true,62.32,5705,114.76,player-04047,DEF,49,48,210.47,60.36,4.95,575.1,14,27
294,273.04,true,56.89,3527,113.86,player-04048,MC,49,27,223.77,63.79,5.52,610.67,12,26
113,257.71,true,71.94,1686,115,player-04049,DEL,49,9,271.85,83.6,5.52,644.57,12,26
233,251.7,true,72.73,3063,115.82,player-04050,DEF,49,23,250.76,74.52,5.5,618.28,13,28
1789,240.51,true,48.71,8508,118.59,player-04051,POR,18,125,151.35,46.35,6.59,510.44,22,35
1757,251.21,true,50.68,8349,121,player-04052,DEF,18,123,144.47,46.21,4.88,516.69,24,38
1348,243.84,true,58.12,6150,120.09,player-04053,DEF,18,102,203.29,57.99,5.12,567.22,23,38
1020,246.35,true,61.07,4481,119.71,player-04054,MC,18,73,228.7,61.68,4.45,594.76,23,37
784,254.42,true,62.78,3189,120.13,player-04055,MC,18,55,241.66,70.59,5.81,616.21,23,39
1439,260.48,true,55.31,6659,119.92,player-04056,DEL,18,109,177.31,50.22,5.5,557.71,23,37
1411,248.62,true,47.57,6498,117.03,player-04057,DEF,18,108,195.09,57.01,7.28,560.74,20,36
,247.94,false,43.98,,120.64,player-04058,MC,18,,112.74,36.93,5.8,481.32,22,34
1070,247.04,true,62.98,4756,119.43,player-04059,DEL,18,79,224.12,64.67,4.87,590.59,22,34
,244.92,false,57.62,,119.82,player-04060,DEF,18,,257.67,82.55,4.38,622.41,21,33
624,257.75,true,68.79,2393,123.04,player-04061,POR,14,59,250.13,68.22,5.43,630.91,16,30
586,232.58,true,80.25,2224,122.67,player-04062,DEF,14,55,278.62,80.18,5.28,633.87,15,27
870,235.34,true,64.8,3590,123.55,player-04063,DEF,14,84,250.52,73.04,6.64,609.41,16,31
960,254.53,true,66.79,4153,124.51,player-04064,MC,14,94,221.15,67.16,5.47,600.19,17,30
980,215.37,true,71.82,4249,124.81,player-04065,MC,14,98,258.35,78.53,5.71,598.54,18,30
550,243.26,true,75.96,2104,122.28,player-04066,DEL,14,53,270.97,77.97,5.47,636.51,17,30
102,245.65,true,83.13,276,124.13,player-04067,DEF,14,17,321.92,87.14,6.15,691.7,16,28
945,210.37,true,76.17,4058,124.66,player-04068,MC,14,91,266.85,76.59,4.26,601.89,16,24
1360,220.4,true,66.17,6205,121.62,player-04069,DEL,14,133,224.29,62.53,6.14,566.31,13,21
591,235.6,true,80.04,2244,122.55,player-04070,DEF,14,57,275.37,80.97,5.54,633.51,17,27
482,215.66,true,57.81,7344,117.32,player-04071,POR,48,275,212.3,58.43,4.74,545.29,15,23
361,209.47,true,65.02,5613,117.06,player-04072,DEF,48,215,250.2,73.31,4.06,576.73,17,24
622,212.11,true,44.93,8900,118.96,player-04073,DEF,48,357,155.71,48.52,3.89,486.78,18,25
579,202.98,true,57.7,8455,119.76,player-04074,MC,48,332,189.76,59.59,3.59,512.49,20,27
564,205.61,true,55.44,8273,120.59,player-04075,MC,48,319,193.74,60.18,3.59,519.94,20,27
561,182.69,true,74.29,8243,118.84,player-04076,DEL,48,317,219.27,67.11,3.89,520.8,18,25
270,184.37,true,77.96,4486,119.73,player-04077,DEF,48,167,290.62,83.32,4,594.72,19,27
589,188.79,true,65.13,8622,119.04,player-04078,MC,48,338,196.75,61.7,3.89,504.58,18,25
264,198.16,true,72.04,4367,119.92,player-04079,DEL,48,163,278.56,77.49,4.16,596.64,18,26
578,210.6,true,59.84,8454,119.55,player-04080,DEF,48,331,182.37,57.98,3.73,512.52,19,26
306,224.02,true,55.15,7284,121.9,player-04081,POR,28,306,200.74,54.14,2.92,546.66,26,36
380,183.58,true,59.4,8612,120.38,player-04082,DEF,28,380,200.97,56.78,3.1,504.93,19,27
384,199.32,true,66.63,8646,121.41,player-04083,DEF,28,384,182.48,53.36,3,503.21,20,28
390,187.54,true,46.52,8906,122.38,player-04084,MC,28,390,176.25,54.44,3.58,486.16,21,32
200,223.4,true,66.25,4961,122.84,player-04085,MC,28,200,240.88,69.97,2.95,587.12,23,32
257,213.92,true,64.52,6202,121.56,player-04086,DEL,28,257,230.92,63.02,2.95,566.4,23,32
242,214.41,true,60.3,5729,121.16,player-04087,DEF,28,242,239.05,65.7,2.71,574.62,26,35
240,215.76,true,61.01,5714,119.8,player-04088,MC,28,240,239.26,64.54,2.47,574.82,23,30
296,228.49,true,57.57,7142,121.99,player-04089,DEL,28,296,198.97,57.65,2.36,549.45,21,27
376,218.55,true,62.13,8517,118.41,player-04090,DEF,28,376,173.16,52.09,2.9,510.12,21,29
658,187.03,true,57.99,9131,113.47,player-04091,POR,48,373,159.35,47.11,3.63,459.85,24,34
653,189.69,true,51.26,9108,113.03,player-04092,DEF,48,370,162.36,47.26,3.73,465.07,23,33
313,212.65,true,70.06,5082,115.71,player-04093,DEF,48,191,256.95,75.23,3.53,585.3,23,32
467,205.98,true,56.45,7123,119.36,player-04094,MC,48,269,224.41,62.65,2.9,549.74,21,29
671,203.04,true,49.73,9234,114.68,player-04095,MC,48,376,109.03,31.61,3.73,426.75,23,33
517,230.93,true,62.06,7782,117.23,player-04096,DEL,48,293,186.28,55.8,1.93,534.44,23,28
595,189.65,true,47.52,8669,117.84,player-04097,DEF,48,342,194.57,53.39,2.79,502.06,25,34
637,179.71,true,47.26,9011,114.67,player-04098,MC,48,363,182.63,50.88,2.14,477,20,25
618,210.78,true,67.48,8854,115.51,player-04099,DEL,48,355,164.11,51.41,2.83,490.4,19,26
349,223.75,true,63.34,5500,118.04,player-04100,DEF,48,209,236.84,67.54,2.75,578.63,17,23
211,209.19,true,72.75,3644,117.98,player-04101,POR,48,133,281.22,84.45,4.81,608.4,20,29
555,197.56,true,65.73,8202,115.02,player-04102,DEF,48,314,209.24,60.07,2.06,521.82,21,26
,216.83,false,86.24,,115.83,player-04103,DEF,48,,250.72,81.48,4.29,583.38,23,31
507,222.19,true,72.53,7597,115.99,player-04104,MC,48,287,201.37,60.84,4.67,539.55,19,27
130,225.01,true,76.15,2350,116.59,player-04105,MC,48,84,290.03,78.51,4.11,631.63,19,25
499,209.71,true,69.91,7532,114.71,player-04106,DEL,48,283,216.83,61.56,1.88,541.24,19,23
271,245.92,true,69.22,4491,117.91,player-04107,DEF,48,168,230.81,65.22,4.38,594.64,22,30
216,237.47,true,67.9,3707,115.9,player-04108,MC,48,136,254.16,72.25,1.74,607.53,21,25
239,246.35,true,67.59,3971,118.68,player-04109,DEL,48,149,238.49,66.58,3.85,603.52,22,28
166,226.16,true,64.95,2903,118.88,player-04110,DEF,48,111,275.95,79.37,4.21,620.99,21,28
1073,226.02,true,65.42,4767,125.21,player-04111,POR,11,216,239.2,71.58,5.04,590.43,22,30
952,218.8,true,69.01,4099,124.24,player-04112,DEF,11,198,257.97,71.79,3.67,601.01,22,34
1199,223.37,true,70.14,5386,126.04,player-04113,DEF,11,242,230.78,67.7,2.55,580.19,22,29
1815,190.15,true,63.19,8672,123.34,player-04114,MC,11,364,188.39,54.44,4.45,501.88,22,35
1786,208.22,true,56.61,8485,122.83,player-04115,MC,11,357,180.14,57.15,2.87,511.19,24,33
1642,205.17,true,64.08,7745,124.65,player-04116,DEL,11,324,205.56,57.09,5.24,535.39,22,34
1151,205.04,true,76.64,5168,124.83,player-04117,DEF,11,234,254.07,76.74,5.33,583.94,25,36
1664,186.01,true,66.16,7841,124.37,player-04118,MC,11,330,222.31,62.5,4.71,532.69,21,30
695,209.19,true,78.4,2726,124.02,player-04119,DEL,11,149,290.96,78.76,4.29,624.16,22,34
1758,195.5,true,60.17,8352,123.46,player-04120,DEF,11,353,197.53,57.33,4.14,516.49,21,35
228,227.39,true,80.37,2775,120.01,player-04121,POR,32,65,275.64,77.23,4.08,623.04,20,33
225,213.41,true,84.52,2740,119.22,player-04122,DEF,32,63,291.28,86,4.36,623.91,21,33
256,212.75,true,78.89,3106,121.13,player-04123,DEF,32,77,283.63,80.73,3.14,617.51,21,30
389,192.33,true,82.37,4962,121.39,player-04124,MC,32,109,273.36,80.8,4.08,587.08,20,33
254,214.55,true,82.4,3094,120.93,player-04125,MC,32,76,282.19,82.25,4.1,617.67,23,35
115,192.23,true,96.43,1428,120.58,player-04126,DEL,32,32,337.16,99,4.29,649.97,20,31
178,223.45,true,85.95,2348,120.51,player-04127,DEF,32,53,287.73,83.83,3,631.69,20,28
59,211.14,true,85.91,725,116.8,player-04128,MC,32,12,342.81,99,3.35,670.75,19,28
402,181.54,true,85.42,5119,116.35,player-04129,DEL,32,113,286.79,81.79,4.63,584.68,19,31
154,213.99,true,85.94,1921,115.04,player-04130,DEF,32,43,311.17,85.45,4.43,640.2,19,30
307,196.43,true,98,2962,115.19,player-04131,POR,08,144,308.38,88.41,4.31,619.99,14,24
150,192.73,true,91.38,1533,117.7,player-04132,DEF,08,76,337.3,94.86,3.18,647.72,16,23
338,188.22,true,92.3,3226,117.71,player-04133,DEF,08,158,309.69,87.21,3.74,615.62,16,25
96,207.99,true,98,914,116.82,player-04134,MC,08,46,339.51,94.56,3.18,664.32,16,23
130,202.16,true,88.56,1238,118.57,player-04135,MC,08,66,334.09,94.26,4.21,654.82,16,27
373,182.34,true,89.51,3552,116.17,player-04136,DEL,08,171,311.66,91.88,3.64,610.17,13,20
468,192.18,true,93.67,4353,117.17,player-04137,DEF,08,214,287.56,87.02,3.89,596.9,15,24
117,202.26,true,94.81,1118,116.03,player-04138,MC,08,56,339.75,99,3.95,658.04,13,21
64,223.45,true,98,616,118.3,player-04139,DEL,08,32,333.09,99,2.43,674.84,14,16
319,199.19,true,98,3060,114.94,player-04140,DEF,08,148,304.19,91.65,4.05,618.31,14,23
33,219.15,true,98,100,123.36,player-04141,POR,41,6,367.07,99,2.6,709.58,27,33
68,223.62,true,98,194,122.45,player-04142,DEF,41,10,352.92,99,2.28,699,22,28
793,209.24,true,88.64,3257,122.15,player-04143,DEF,41,147,283.76,81.63,2.46,615.15,22,26
660,205.38,true,98,2524,124.04,player-04144,MC,41,123,298.95,86.74,2.6,628.37,27,33
249,212.09,true,95.98,789,120.43,player-04145,MC,41,38,335.96,96.3,2.53,668.48,28,34
429,212.52,true,98,1573,123.32,player-04146,DEL,41,78,311.23,94.43,2.9,647.08,29,37
313,210.56,true,90.97,1088,122.75,player-04147,DEF,41,50,325.4,99,1.96,658.71,27,33
81,214.3,true,98,232,122.34,player-04148,MC,41,13,358.73,99,0.94,695.37,23,25
259,230.48,true,93.63,846,121.42,player-04149,DEL,41,39,314.6,98.6,2.5,666.51,25,30
285,245.01,true,98,966,123.13,player-04150,DEF,41,44,294.57,87.18,2.86,662.71,24,30
777,187.39,true,62.76,7640,120.79,player-04151,POR,03,309,230.12,62.38,3.72,538.3,16,22
697,180.24,true,69.38,6908,116.33,player-04152,DEF,03,281,256.55,73.25,3.3,553.12,13,19
521,195.73,true,70.33,5270,118.44,player-04153,DEF,03,218,267.95,73.95,3.14,582.12,14,20
888,168.53,true,64.51,8976,119.47,player-04154,MC,03,355,192.17,54.3,4.3,480.18,13,19
710,204.99,true,75.79,7086,119.37,player-04155,MC,03,285,225.94,71.65,3.14,550.3,14,20
901,187.42,true,41.64,9094,119.86,player-04156,DEL,03,361,159.51,44.79,4.18,466.79,15,22
851,181.5,true,70.68,8538,120.02,player-04157,DEF,03,342,207.47,60.95,4.09,508.99,14,20
,185.29,false,65.66,,112.88,player-04158,MC,03,,237.45,72.61,2.28,535.62,11,14
831,199.35,true,63.82,8280,120.39,player-04159,DEL,03,330,199.96,57.5,3.32,519.71,15,22
830,189.16,true,73.29,8275,119.41,player-04160,DEF,03,329,211.29,64.02,3.77,519.87,14,19
102,236.27,true,81.41,1213,124.46,player-04161,POR,32,26,294.74,83.06,4.66,655.47,20,33
514,204.45,true,66.47,6591,124.99,player-04162,DEF,32,141,229.66,72.37,4.43,559.09,20,35
273,230.5,true,70.91,3378,122.06,player-04163,DEF,32,82,260.54,73.75,4.86,613.11,19,36
419,230.93,true,60.55,5365,123.81,player-04164,MC,32,120,225.87,68.97,5.13,580.61,20,36
489,223.76,true,61.21,6292,122.59,player-04165,MC,32,136,218.29,63.35,4.07,564.64,17,28
467,222.05,true,63.92,6061,124.58,player-04166,DEL,32,131,222.24,63.27,4.76,568.87,21,39
433,235.06,true,67.46,5590,125.04,player-04167,DEF,32,123,216.96,64.72,5,577.06,23,41
621,207.29,true,55.82,8262,122,player-04168,MC,32,171,191.06,52.24,4.98,520.36,19,33
541,198.04,true,60.11,7076,126.29,player-04169,DEL,32,150,226.24,62,5.26,550.56,22,41
335,238.29,true,74.1,4310,124.71,player-04170,DEF,32,95,234.47,72.85,4.64,597.47,22,40
124,222.67,true,92.87,1305,121.64,player-04171,POR,46,53,308.93,94.29,3.69,653.24,20,31
5,239.19,true,98,92,122.71,player-04172,DEF,46,3,349.11,97.1,3.24,711.02,20,29
18,258.41,true,91.22,213,123.34,player-04173,DEF,46,11,315.06,93.91,2.83,696.82,19,26
36,228.26,true,98,409,122.65,player-04174,MC,46,22,332.78,99,2.04,683.69,17,21
19,228.04,true,98,217,123.3,player-04175,MC,46,12,345.16,94.72,3.24,696.49,20,29
91,219.98,true,98,952,122.05,player-04176,DEL,46,41,321.02,95.84,3.14,663.06,21,30
20,233.19,true,98,229,122.55,player-04177,DEF,46,13,339.88,99,3.47,695.62,20,30
14,259.67,true,92.27,175,122.57,player-04178,MC,46,8,319.21,99,3.74,701.44,16,25
28,249.87,true,98,315,123.82,player-04179,DEL,46,18,315.98,99,3.35,689.68,19,28
11,250.44,true,98,116,120.05,player-04180,DEF,46,6,337,96.72,3.89,707.49,15,24
129,190.52,true,77.19,5299,124.19,player-04181,POR,26,129,266.86,76.21,5.28,581.57,17,35
68,217.59,true,80.78,2598,124.51,player-04182,DEF,26,68,284.81,77.85,4.98,626.9,16,31
161,192.27,true,77.3,7217,123.44,player-04183,DEF,26,161,232.2,67.13,4.66,547.91,17,31
184,179.33,true,68.68,8555,123.53,player-04184,MC,26,184,205.07,59.48,5,507.93,18,35
61,226.49,true,77.66,2294,121.81,player-04185,MC,26,61,284.13,86.26,5.14,632.42,15,30
44,216.61,true,87.3,1644,123.93,player-04186,DEL,26,44,304.97,83.94,4.07,645.51,17,28
96,215.39,true,73.84,3917,121.69,player-04187,DEF,26,96,267.19,72.25,4.85,604.28,18,34
81,215.35,true,85.83,3225,122.24,player-04188,MC,26,81,278.05,76.3,5.43,615.64,16,34
121,203.39,true,73.65,4918,124.31,player-04189,DEL,26,121,260.23,75.2,4.99,587.93,17,33
105,217.64,true,80.64,4133,123.74,player-04190,DEF,26,105,259.06,74.39,5,600.44,18,35
1488,226.8,true,47.14,6854,118.05,player-04191,POR,18,113,209.48,62.18,3.99,554.33,16,26
955,230.7,true,57.69,4109,119.28,player-04192,DEF,18,69,250.86,74.03,3.34,600.85,17,25
385,234.92,true,75.83,1358,117.79,player-04193,DEF,18,30,299.33,88.06,4.37,652.04,15,26
804,222.3,true,69.72,3285,120.59,player-04194,MC,18,58,271.73,80.37,3.74,614.62,16,25
1046,233.69,true,68.31,4603,116.64,player-04195,MC,18,77,242.63,66.28,4.43,592.96,16,28
1082,236.49,true,65.85,4833,118.46,player-04196,DEL,18,82,234.45,66.2,4.47,589.4,17,30
1686,216.57,true,56.41,7950,118.94,player-04197,DEF,18,120,193.68,54.38,3.89,529.2,15,24
871,204.87,true,84.22,3591,121.86,player-04198,MC,18,62,282.68,79.63,2.64,609.41,15,20
1613,211.93,true,59.17,7634,122.33,player-04199,DEL,18,118,204.18,57.16,3.18,538.44,16,23
907,229.72,true,73.54,3860,118.57,player-04200,DEF,18,65,256.94,74.44,3.62,605.24,15,23
731,216.75,true,87.29,2918,119.73,player-04201,POR,11,159,284.25,80.63,2.64,620.73,18,24
181,239.63,true,89.83,553,121.82,player-04202,DEF,11,34,315.56,88.52,2.64,677.01,18,24
276,223.53,true,83.01,931,121.82,player-04203,DEF,11,58,318.29,88.41,2.75,663.64,17,23
1405,205.1,true,74.25,6481,121.31,player-04204,MC,11,286,234.6,70.03,2.41,561,17,22
378,225.37,true,76.05,1331,118,player-04205,MC,11,80,309.2,94.96,2.64,652.57,18,24
405,206.83,true,87.59,1450,120.28,player-04206,DEL,11,86,322.31,87.5,2.41,649.42,17,22
1089,237.8,true,82.51,4860,119.94,player-04207,DEF,11,220,231.21,72.28,2.04,588.95,17,21
1184,189.87,true,73.38,5293,119.23,player-04208,MC,11,240,272.53,78.89,1.39,581.63,14,16
1373,221.7,true,68.32,6279,117.79,player-04209,DEL,11,279,225.39,66.84,2.14,564.88,16,20
1062,200.99,true,79.7,4709,120.15,player-04210,DEF,11,214,270.09,78.06,2.25,591.23,15,19
95,276.31,true,56.69,5986,109.98,player-04211,POR,07,95,183.79,56.63,5.38,570.08,10,21
14,312.94,true,66.57,1521,109.82,player-04212,DEF,07,14,225.12,69.34,5.14,647.88,12,24
151,241.94,true,50.64,8688,109.16,player-04213,DEF,07,151,149.76,44.95,4.94,500.86,13,25
21,246.15,true,82.4,2008,107.77,player-04214,MC,07,21,284.56,85.92,5.33,638.48,13,27
30,256.96,true,72.26,2551,111.86,player-04215,MC,07,30,258.99,78.26,4.95,627.8,14,27
5,279.02,true,82.27,541,105.96,player-04216,DEL,07,5,292.66,82.4,5.91,677.64,11,26
100,259.06,true,55.62,6287,109.37,player-04217,DEF,07,100,196.33,54.43,5.85,564.76,12,28
9,266.16,true,84.89,1208,112.63,player-04218,MC,07,9,276.83,79.43,4.49,655.62,13,23
8,268.6,true,77.23,1192,112.18,player-04219,DEL,07,8,275.32,77.12,4.94,656.09,13,25
31,249.85,true,70.11,2584,110.84,player-04220,DEF,07,31,266.53,84.1,5.14,627.22,13,26
41,244.73,true,63.19,2627,117.98,player-04221,POR,10,28,263.61,75.97,4.32,626.31,17,26
134,248.06,true,62.59,6880,117.74,player-04222,DEF,10,78,188.01,57.76,5.48,553.81,14,26
119,242.15,true,62.5,6370,117.07,player-04223,DEF,10,73,203.9,58.72,4.94,563.12,13,25
29,277.07,true,71.07,1798,119.13,player-04224,MC,10,20,246.11,69.22,4.21,642.31,16,27
142,219.19,true,72.36,7119,119.22,player-04225,MC,10,83,211.43,60.51,3.95,549.85,13,21
47,251.76,true,67.85,2857,119.95,player-04226,DEL,10,34,250.2,68.1,4.23,621.91,13,22
51,251.97,true,69.96,3017,119.8,player-04227,DEF,10,36,247.26,69.08,4.21,619.02,16,27
78,231.18,true,66.06,4130,116.14,player-04228,MC,10,48,253.16,69.39,4.89,600.48,15,25
10,240.58,true,80.95,717,119.35,player-04229,DEL,10,7,311.17,90,4.37,671.1,14,21
7,245.14,true,88.94,590,118,player-04230,DEF,10,4,312.75,90.82,4.89,675.88,15,25
322,241.39,true,61.49,5383,121.22,player-04231,POR,35,238,217.64,61.77,3.14,580.25,21,30
118,255.17,true,74.59,2022,120.55,player-04232,DEF,35,95,262.53,74.11,3.69,638.26,20,31
62,253.4,true,79.28,1006,119.96,player-04233,DEF,35,49,288.08,86.15,3.35,661.44,19,28
154,250.49,true,74.59,2557,120.55,player-04234,MC,35,118,256.68,73.92,3.14,627.72,21,30
65,272.95,true,72.94,1037,120.38,player-04235,MC,35,52,267.28,72.35,4.01,660.61,19,31
180,253.64,true,64.04,3032,121.34,player-04236,DEL,35,136,243.74,75.31,3.78,618.72,21,33
109,291.06,true,73.47,1833,118.22,player-04237,DEF,35,91,232.42,68.18,4.08,641.7,20,33
48,276.5,true,85.85,811,121.39,player-04238,MC,35,38,269.8,77.95,3.1,667.69,19,27
97,255.53,true,77.65,1553,121.07,player-04239,DEL,35,80,270.86,76.92,3,647.46,20,28
177,267.26,true,63.4,3006,121.51,player-04240,DEF,35,135,230.52,62.64,3.47,619.28,18,27
280,157.94,true,84.46,4606,121.84,player-04241,POR,35,206,313.14,89.56,2.89,592.92,20,25
160,146.39,true,98,2697,119.49,player-04242,DEF,35,123,359.02,97.56,4.02,624.9,19,28
321,142.45,true,90.57,5378,117.42,player-04243,DEF,35,237,320.45,88.13,3.47,580.32,16,24
490,134.45,true,78.79,8298,118.42,player-04244,MC,35,369,265.91,78.18,4.26,518.78,16,24
357,154.63,true,85.55,6051,118.81,player-04245,MC,35,263,295.56,82.28,2.94,569.01,18,25
367,134.14,true,87.64,6169,118.54,player-04246,DEL,35,273,314.17,90.75,3.94,566.84,18,26
374,128,true,81.14,6278,121.36,player-04247,DEF,35,279,315.52,94.75,3.06,564.89,17,24
442,130.16,true,98,7462,119.14,player-04248,MC,35,329,293.44,88.69,3.84,542.74,17,24
528,134.25,true,63.66,9062,118.95,player-04249,DEL,35,398,219.28,61.8,2.64,472.48,21,28
218,143.08,true,94.52,3617,119.78,player-04250,DEF,35,168,346.04,97.98,3.8,608.91,19,27
1409,235.23,true,61.11,6496,122.75,player-04251,POR,14,138,202.77,57.46,4.31,560.75,14,24
1796,231.46,true,57.1,8542,123.05,player-04252,DEF,14,184,154.17,45.37,3.74,508.68,16,25
1564,225.81,true,58.33,7328,122.81,player-04253,DEF,14,157,197,57.63,3.74,545.62,16,25
985,227.09,true,64.11,4266,122.4,player-04254,MC,14,99,248.81,67.61,4.14,598.3,15,25
1306,228.04,true,57.39,5948,122.8,player-04255,MC,14,129,219.95,59.54,3.93,570.8,18,29
1643,226.8,true,58.85,7747,122.29,player-04256,DEL,14,170,186.28,55.67,4.14,535.36,15,25
1300,228.33,true,60.29,5911,121.17,player-04257,DEF,14,127,222.05,61.4,4.66,571.55,17,31
1814,225.06,true,53.06,8662,122.32,player-04258,MC,14,187,154.99,43.69,3.84,502.37,17,27
1680,217.59,true,52.45,7932,123.25,player-04259,DEL,14,172,188.9,56.49,3.74,529.73,16,25
1434,215.05,true,49.53,6640,123.19,player-04260,DEF,14,142,219.93,64.66,4.07,558.18,17,28
869,250.98,true,83.47,3584,121.4,player-04261,POR,29,194,237.12,73.27,1.39,609.49,14,16
756,233.6,true,72.93,3039,124.16,player-04262,DEF,29,171,260.85,76.06,3.06,618.62,17,24
438,244.54,true,85.51,1625,121.07,player-04263,DEF,29,105,280.29,83.19,2.45,645.91,14,18
403,292.56,true,61.61,1448,122.29,player-04264,MC,29,94,234.66,72.27,2.36,649.51,14,18
221,258.86,true,85.47,689,124.6,player-04265,MC,29,50,288.62,84.09,1.64,672.08,17,20
532,250.35,true,73.94,2025,123.84,player-04266,DEL,29,125,264.02,73.67,3.06,638.21,17,24
490,258.83,true,81.93,1860,123.16,player-04267,DEF,29,116,259.27,76.05,2.64,641.26,15,20
503,261.14,true,71.42,1917,124.2,player-04268,MC,29,119,254.91,70.38,1.57,640.25,18,21
287,252.84,true,80.19,978,124.45,player-04269,DEL,29,67,284.98,79.34,2.54,662.27,19,25
571,239.39,true,74.58,2164,123.31,player-04270,DEF,29,136,272.51,78.72,2.64,635.22,15,20
180,276.49,true,80.75,2379,116.34,player-04271,POR,05,16,238.26,72.65,7.62,631.09,13,27
165,286.74,true,68.34,2247,115.83,player-04272,DEF,05,14,230.93,65.05,6.16,633.5,13,28
377,247.88,true,67.85,4422,116.48,player-04273,DEF,05,40,231.28,76.5,7.96,595.64,12,27
490,289.72,true,56.09,5542,113.18,player-04274,MC,05,51,175.11,53.6,8.24,578.01,12,29
581,247.09,true,65.26,6482,116.01,player-04275,MC,05,60,197.88,61.21,9.19,560.99,13,27
7,266.04,true,79.2,132,115.28,player-04276,DEL,05,1,324.47,99,9.19,705.79,13,27
203,260.68,true,72.45,2652,116.99,player-04277,DEF,05,19,248.27,73.73,8.98,625.93,14,28
181,271.91,true,67.74,2391,113.97,player-04278,MC,05,17,245.04,73.32,6.76,630.92,10,24
245,275.6,true,68.03,3163,116.83,player-04279,DEL,05,26,224.27,66.41,7.85,616.7,12,26
104,278.79,true,79.31,1569,114.46,player-04280,DEF,05,5,254.01,80.57,9.8,647.26,11,26
436,219.3,true,72.25,6744,113.93,player-04281,POR,20,99,223.09,72.31,2.92,556.32,13,18
468,187.11,true,70.84,7132,110.53,player-04282,DEF,20,108,251.9,70.56,3.67,549.54,11,17
118,214.52,true,82.21,2152,112.93,player-04283,DEF,20,26,308.05,92.67,2.71,635.5,13,16
358,205.33,true,74.8,5595,112.56,player-04284,MC,20,81,259.13,77.07,3.82,577.02,12,19
549,188.41,true,66.17,8135,109.21,player-04285,MC,20,127,226.32,65.55,3.67,523.95,11,17
336,212.38,true,82.65,5379,111.48,player-04286,DEL,20,73,256.46,75.11,3.3,580.32,13,19
318,228.76,true,77.74,5104,111.21,player-04287,DEF,20,65,244.95,75.59,2.49,584.92,13,17
259,220.44,true,72.87,4267,108.53,player-04288,MC,20,51,269.31,80.53,4.04,598.28,11,18
323,207.57,true,77.15,5146,107.48,player-04289,DEL,20,67,269.16,81.41,4.32,584.2,10,17
341,212.78,true,71.75,5424,114.02,player-04290,DEF,20,75,252.96,72.59,3.47,579.76,14,21
33,239.96,true,88.74,1340,115.17,player-04291,POR,30,33,297.25,87.06,4.31,652.39,14,24
144,231.44,true,86.16,6360,114.84,player-04292,DEF,30,144,217.03,69.12,3.95,563.31,13,21
40,247.77,true,79.91,1503,115.17,player-04293,DEF,30,40,285.28,84.38,4.14,648.23,15,25
79,252.17,true,73.54,3936,112.85,player-04294,MC,30,79,239.01,72.54,3.89,604.04,15,24
110,245.28,true,76.07,4897,113.92,player-04295,MC,30,110,229.1,69.95,4.94,588.31,13,25
46,235.49,true,85.71,1674,113.66,player-04296,DEL,30,46,295.72,82.69,3.62,644.87,15,23
34,237.19,true,84.77,1365,113.98,player-04297,DEF,30,34,300.64,90.61,3.74,651.81,16,25
7,253.94,true,88.31,202,114.67,player-04298,MC,30,7,329.14,96.04,4.05,697.74,14,23
50,258.68,true,82.23,1949,113.11,player-04299,DEL,30,50,267.94,78.23,4.72,639.73,13,24
104,211.18,true,79.25,4686,113.35,player-04300,DEF,30,104,267.11,75.39,3.95,591.63,13,21
1617,231.23,true,57.65,7643,124.8,player-04301,POR,14,167,182.23,51.41,5.85,538.26,17,29
1554,251,true,45.19,7259,122.77,player-04302,DEF,14,155,173.32,51.16,5.01,547.09,15,24
1601,254.55,true,49.17,7568,123.98,player-04303,DEF,14,165,161.86,48.53,5.68,540.4,16,29
1296,238.73,true,50.36,5878,124.27,player-04304,MC,14,125,209.21,62.25,5.48,572.21,16,28
1792,262.88,true,30.59,8523,124.95,player-04305,MC,14,183,122.02,33.61,4.53,509.85,16,24
1403,236.4,true,54.1,6460,124,player-04306,DEL,14,137,200.99,56.22,5.04,561.39,16,26
1873,226.48,true,47.39,9081,124.25,player-04307,DEF,14,193,118.91,35.36,6.82,469.65,14,23
1506,258.72,true,53.77,6945,124.23,player-04308,MC,14,151,169.7,51.24,5.19,552.65,15,23
1812,250.52,true,40.55,8651,121.45,player-04309,DEL,14,186,131.04,40.26,5.51,503.01,14,24
1573,243.16,true,64.54,7377,125.07,player-04310,DEF,14,160,176.35,51.31,4.98,544.59,14,22
455,234.36,true,80.19,1716,120.62,player-04311,POR,29,108,289.03,81.74,2.74,644,12,16
1098,254.17,true,67.35,4927,120.25,player-04312,DEF,29,241,213.34,60.51,2.64,587.77,12,16
225,262.56,true,86.19,711,123.03,player-04313,DEF,29,52,285.64,87.09,3.13,671.23,15,18
309,270.97,true,71.22,1063,123.89,player-04314,MC,29,71,264.89,75.26,2.78,659.75,16,19
100,256.5,true,86.95,274,118.93,player-04315,MC,29,25,316.71,90.27,4.4,692.15,12,16
489,247.05,true,85.89,1857,125.93,player-04316,DEL,29,115,268.3,82.28,2.44,641.29,16,18
1366,233.52,true,71.69,6248,122.51,player-04317,DEF,29,289,209.44,63.14,2.44,565.46,15,17
96,253.35,true,92,266,121.47,player-04318,MC,29,24,317.99,96.11,4.1,692.81,13,16
57,259.62,true,97.82,163,125.17,player-04319,DEL,29,17,318.09,94.96,3.13,702.88,15,17
958,230.2,true,74.25,4132,122.92,player-04320,DEF,29,211,247.35,70.54,1.9,600.46,14,17
495,221.69,true,77.15,4645,116.98,player-04321,POR,43,124,253.74,74.45,3.82,592.41,12,19
610,191.86,true,78.86,5546,121.43,player-04322,DEF,43,152,264.59,73.49,3.47,577.88,16,24
442,202.85,true,79.92,4148,121.69,player-04323,DEF,43,107,275.71,78.01,3.62,600.26,15,23
612,166.35,true,81.56,5559,118.85,player-04324,MC,43,153,292.47,84.17,2.83,577.67,14,19
102,200.09,true,89.35,976,119.55,player-04325,MC,43,24,342.72,93.91,3.64,662.36,13,20
947,157.26,true,74.07,8931,118.22,player-04326,DEL,43,251,208.97,60.82,3.64,484.45,13,20
803,194.84,true,84.03,7433,116.75,player-04327,DEF,43,212,231.75,71.84,2.14,543.33,12,15
364,207.53,true,87.66,3471,119.1,player-04328,MC,43,81,285.08,80.5,3.64,611.72,13,20
421,203.73,true,80.76,3958,121.26,player-04329,DEL,43,102,278.69,77.55,3.47,603.68,14,21
746,159.9,true,87.94,6815,119.31,player-04330,DEF,43,198,276.03,82.54,3.33,555.25,13,19
457,205.98,true,64.43,7020,121.5,player-04331,POR,48,266,224.04,63.21,2.25,551.53,15,19
524,214.9,true,54.03,7854,121.15,player-04332,DEF,48,295,196.31,53.14,2.94,532.36,18,25
492,220.95,true,61.49,7457,121.46,player-04333,DEF,48,281,200.37,56.92,3.22,542.78,18,26
189,207.54,true,71.92,3331,123.56,player-04334,MC,48,123,282.84,80.51,2.75,613.93,17,23
470,215.7,true,60.05,7183,122.23,player-04335,MC,48,271,210.6,59.48,4.57,548.53,20,28
569,216.86,true,66.19,8314,122.06,player-04336,DEL,48,323,179.1,53.72,3.1,518.01,19,27
505,182.73,true,66.49,7563,123.57,player-04337,DEF,48,286,234.22,64.87,3.06,540.52,17,24
592,207.64,true,57.01,8647,120.97,player-04338,MC,48,340,174.59,49.8,4.63,503.2,17,24
,231.75,false,66.58,,116.59,player-04339,DEL,48,,109.72,36.99,2.14,458.05,12,15
420,192.43,true,75.37,6378,121.87,player-04340,DEF,48,247,248.7,75.18,4.44,563,16,22
664,151.3,true,55.36,9177,117.1,player-04341,POR,48,374,182.11,53.37,2.25,450.52,15,19
603,175.86,true,69.27,8721,119.13,player-04342,DEF,48,346,204.47,62.13,2.87,499.46,16,22
609,124.12,true,68.51,8777,115.93,player-04343,DEF,48,349,255.38,74.61,2.25,495.43,15,19
434,165.97,true,69.91,6718,114.61,player-04344,MC,48,254,276.09,80.96,3.62,556.67,15,23
616,155.18,true,63.01,8848,115.73,player-04345,MC,48,353,219.76,61.45,3.74,490.68,16,25
526,169.77,true,73.24,7869,116.15,player-04346,DEL,48,296,245.97,70.2,2.87,531.9,16,22
644,167.7,true,65,9041,116.31,player-04347,DEF,48,367,190.79,56.74,3,474.8,15,21
634,155.69,true,64.07,9000,115.07,player-04348,MC,48,360,207.16,61.73,2.77,477.91,14,19
667,155.34,true,53.81,9200,113.38,player-04349,DEL,48,375,174.32,50.63,4.43,443.04,12,21
605,157.98,true,57.19,8729,114.89,player-04350,DEF,48,347,226.06,68.6,3.14,498.93,14,20
453,227.15,true,72.15,1710,127.02,player-04351,POR,11,94,289.92,80.48,3.26,644.1,26,35
1575,214,true,64.98,7384,124.9,player-04352,DEF,11,317,205.53,60.71,3.38,544.43,23,34
1209,189.76,true,73.11,5423,124.94,player-04353,DEF,11,245,265.07,71.49,3.77,579.77,23,33
1097,202.94,true,73.07,4922,126.05,player-04354,MC,11,221,258.91,77.73,3.19,587.89,27,36
520,212.87,true,69.08,1983,127.55,player-04355,MC,11,113,298.53,85.68,2.14,638.95,24,30
547,224.69,true,83.36,2091,125.14,player-04356,DEL,11,120,286.95,81.61,2.56,636.79,25,33
1702,222,true,63.78,8028,123.57,player-04357,DEF,11,339,181.21,52.44,3.08,526.79,24,34
913,234.5,true,70.43,3877,126.73,player-04358,MC,11,192,243.69,69.45,3.33,604.92,21,28
411,240.61,true,80.01,1472,121.9,player-04359,DEL,11,87,286.49,85.78,2.9,649,21,29
574,226.22,true,82.19,2177,128.94,player-04360,DEF,11,127,279.69,86.67,2.7,634.85,25,31
787,176.07,true,71.41,7261,120.99,player-04361,POR,08,359,249.94,67.83,2.64,547,21,28
957,174.97,true,66.85,9019,123.12,player-04362,DEF,08,422,178.6,55.5,2.28,476.69,22,28
949,181.86,true,55.88,8934,119.86,player-04363,DEF,08,418,182.53,52.48,2.36,484.25,21,27
791,190.91,true,62.29,7293,117.92,player-04364,MC,08,361,237.57,72.8,3.47,546.41,18,27
660,178.43,true,70.15,6025,118.76,player-04365,MC,08,298,272.3,82.77,3,569.5,20,28
911,165.24,true,65.5,8453,120.48,player-04366,DEL,08,402,226.82,64.76,2.28,512.54,22,28
926,176.81,true,68.21,8751,119.62,player-04367,DEF,08,409,200.7,57.57,2.21,497.14,23,29
383,201.16,true,76.24,3636,118.99,player-04368,MC,08,176,288.47,78.34,2.45,608.62,20,26
661,173.68,true,67.42,6031,119.79,player-04369,DEL,08,299,275.97,80.74,2.14,569.44,24,30
959,186.94,true,55.48,9039,119.93,player-04370,DEF,08,424,168.12,47.28,1.88,474.99,19,23
92,216.96,true,79.88,5534,115.03,player-04371,POR,31,92,246.15,71.61,4.26,578.14,10,17
142,222.36,true,69.45,7722,112.02,player-04372,DEF,31,142,201.59,63,5.04,535.98,10,15
,210.46,false,83.95,,113.09,player-04373,DEF,31,,271.47,90.15,5.02,595.02,10,19
122,202.43,true,70.51,6883,113.09,player-04374,MC,31,122,238.22,68.31,5.83,553.75,10,17
48,215.48,true,83.17,2661,114.06,player-04375,MC,31,48,296.09,84.3,4.94,625.63,10,19
129,203.37,true,68.56,7153,109.45,player-04376,DEL,31,129,236.42,71.66,4.85,549.23,9,17
102,219.16,true,80.85,5827,114.88,player-04377,DEF,31,102,239.12,75.06,6.21,573.16,11,20
76,221.69,true,73.1,4243,110.44,player-04378,MC,31,76,266.57,73.9,6.97,598.7,9,19
105,223.1,true,82.43,5890,114.19,player-04379,DEL,31,105,234.77,69.1,6.16,572.05,10,18
72,219.99,true,74.83,4050,113.78,player-04380,DEF,31,72,268.37,78.87,6.45,602.14,10,19
337,207.35,true,75.67,3452,118.95,player-04381,POR,03,135,285.69,77.05,2.9,611.99,21,29
325,222.34,true,78.47,3339,117.55,player-04382,DEF,03,130,273.82,79.56,3.58,613.71,21,32
90,223.99,true,96.05,944,116.01,player-04383,DEF,03,35,323.31,94.86,3.26,663.31,22,32
423,231.03,true,74.33,4245,115.42,player-04384,MC,03,175,252.23,72.18,3.24,598.67,20,29
304,203.41,true,80.86,3126,119.82,player-04385,MC,03,121,294,93.45,2.83,617.23,19,26
54,229.83,true,87.87,609,117.29,player-04386,DEL,03,20,328.1,88.68,3.59,675.21,19,29
236,218.35,true,84.29,2525,120.39,player-04387,DEF,03,94,289.62,82.69,2.9,628.37,21,29
267,224.94,true,83.79,2787,116.32,player-04388,MC,03,109,281.61,81.01,2.83,622.88,19,26
341,235.54,true,73.43,3486,116.79,player-04389,DEL,03,136,259.05,71.85,2.83,611.38,19,26
247,217.17,true,80.12,2626,118.83,player-04390,DEF,03,101,290.34,89.86,3.1,626.34,19,27
,243.02,false,67.24,,115.25,player-04391,POR,09,,182.38,58.68,2.64,540.65,15,20
49,249.3,true,85.76,812,114.55,player-04392,DEF,09,3,303.83,87.37,5.16,667.68,19,29
72,239.67,true,82.94,1108,114.23,player-04393,DEF,09,5,304.43,85.53,5.17,658.33,17,26
189,227.64,true,78.84,2509,115.64,player-04394,MC,09,17,285.41,79.22,5.17,628.69,17,26
137,242.45,true,82.67,1944,114.13,player-04395,MC,09,10,283.19,80.43,3.99,639.77,16,26
346,235.23,true,72.62,4030,110.24,player-04396,DEL,09,25,257.01,69.84,3.84,602.48,17,27
364,254.14,true,70.5,4312,115.74,player-04397,DEF,09,28,227.55,65.31,4.91,597.43,17,25
295,265.74,true,73.51,3533,115.97,player-04398,MC,09,23,228.81,64.74,2.87,610.53,16,22
243,244.71,true,68.8,3136,112.36,player-04399,DEL,09,20,259.97,70.5,3.47,617.05,16,24
576,244.2,true,72.04,6383,112.58,player-04400,DEF,09,52,206.08,65,4.21,562.86,16,27
12,258.42,true,98,220,110.42,player-04401,POR,40,4,327.44,99,5.92,696.28,12,24
44,247.79,true,98,755,110.7,player-04402,DEF,40,9,311.24,95.7,4.92,669.73,12,23
31,245.65,true,98,500,105.65,player-04403,DEF,40,7,328.27,99,5.36,679.58,11,23
14,239.08,true,93.22,268,109.86,player-04404,MC,40,6,343.77,97.14,5.8,692.71,11,21
37,254.66,true,89.62,584,105.26,player-04405,MC,40,8,316.25,91.52,6.61,676.17,10,23
13,247.38,true,94.14,244,108.99,player-04406,DEL,40,5,337.81,97.47,6.24,694.18,12,26
9,267.69,true,98,151,110.89,player-04407,DEF,40,3,325.27,94.91,5.34,703.85,12,25
5,271.51,true,98,74,111.4,player-04408,MC,40,1,332.63,96.21,6.09,715.54,10,18
,275.74,false,94.31,,111.13,player-04409,DEL,40,,276.88,92.33,4.92,663.75,12,23
6,263.57,true,97.41,85,107.93,player-04410,DEF,40,2,341.77,97.56,5.92,713.27,12,24
617,181.62,true,63.99,8238,117.76,player-04411,POR,36,169,221.51,60.97,5.17,520.89,17,26
686,171.46,true,46.21,9244,116.32,player-04412,DEF,36,205,129.87,37.98,3.34,417.65,17,25
644,185.03,true,57.91,8593,118.3,player-04413,DEF,36,182,202.72,62.23,3.6,506.06,17,26
656,177.98,true,59.87,8704,116.09,player-04414,MC,36,188,206.04,60.57,3.99,500.11,16,26
537,202.84,true,67.96,7016,116.9,player-04415,MC,36,134,231.86,65.8,3.18,551.6,16,23
556,176.45,true,73.73,7316,117.71,player-04416,DEL,36,143,251.75,70.33,3.71,545.91,18,28
687,171.18,true,51.04,9251,115.87,player-04417,DEF,36,206,121.06,36.98,2.64,408.11,18,24
575,186.79,true,65.71,7605,118.29,player-04418,MC,36,150,234.26,70.62,3.34,539.34,17,25
658,164.76,true,57.9,8769,117.29,player-04419,DEL,36,190,214.09,63.45,4.91,496.14,17,25
668,175.09,true,73.4,8933,116.41,player-04420,DEF,36,194,192.79,56.9,3.47,484.29,16,24
214,213.98,true,79.49,2680,120.27,player-04421,POR,36,33,290.99,78.77,3.1,625.24,19,27
527,235.99,true,72.57,6832,118.19,player-04422,DEF,36,131,200.77,63.41,2.64,554.96,18,24
131,225.03,true,86.91,1583,120.25,player-04423,DEF,36,20,301.52,87.19,2.22,646.8,19,24
545,217.72,true,74.34,7144,119.5,player-04424,MC,36,138,212.2,66.01,2.54,549.42,19,25
302,206.06,true,78.98,3743,119.91,player-04425,MC,36,49,281.09,76.09,2.75,607.06,17,23
259,244.79,true,66.71,3131,120.75,player-04426,DEL,36,38,251.62,73.31,2.54,617.16,19,25
251,231.93,true,81.05,3034,117.9,player-04427,DEF,36,37,268.84,75.41,3.74,618.68,16,25
245,236.65,true,75.09,2978,118.49,player-04428,MC,36,36,264.66,78.9,2.49,619.8,13,17
280,233.1,true,66.46,3467,121,player-04429,DEL,36,47,257.74,76.01,2.14,611.83,16,20
194,227.47,true,74.4,2501,119.14,player-04430,DEF,36,29,282.18,76.68,3.47,628.8,14,21
152,246.44,true,49.91,6653,122.77,player-04431,POR,30,152,188.55,54.82,4.3,557.76,20,27
98,225.36,true,61.36,4445,120.63,player-04432,DEF,30,98,249.37,76.83,3,595.35,20,28
139,239.31,true,62.05,6162,123.36,player-04433,DEF,30,139,204.33,62.64,4.51,567,18,25
127,257.53,true,51.85,5777,121.63,player-04434,MC,30,127,194.68,54.25,2.14,573.84,16,20
182,252.45,true,46.92,7714,120.33,player-04435,MC,30,182,163.32,50.56,4.67,536.1,19,27
95,262.53,true,63.59,4393,122.34,player-04436,DEL,30,95,211.24,61.27,2.64,596.12,18,24
82,247.44,true,64.11,3979,123.53,player-04437,DEF,30,82,232.44,62.92,2.83,603.42,19,26
187,243.12,true,47.25,7873,121.95,player-04438,MC,30,187,166.52,46.31,1.72,531.6,16,19
158,240.56,true,61.51,6828,120.26,player-04439,DEL,30,158,194.15,58.54,5.04,554.97,16,24
59,241.6,true,72.85,2514,122.27,player-04440,DEF,30,59,264.71,74.27,3.14,628.58,14,20
386,220.41,true,44.8,6300,120.96,player-04441,POR,02,93,223.17,65.67,7.35,564.54,17,39
502,221.04,true,46.57,8069,120.14,player-04442,DEF,02,125,184.69,56.25,6.84,525.86,19,39
314,223.94,true,67.19,5078,121.34,player-04443,DEF,02,74,240.08,69.54,6.99,585.36,17,36
396,236.38,true,58.05,6435,122.2,player-04444,MC,02,95,203.27,59.76,7.01,561.85,16,34
472,212.42,true,62.85,7533,122.16,player-04445,MC,02,115,206.66,59.71,5.55,541.24,17,37
346,242.69,true,58.86,5588,121.81,player-04446,DEL,02,82,212.57,63.19,7.35,577.07,17,39
498,237.66,true,41.52,8002,123.09,player-04447,DEF,02,123,167.07,45.68,5.43,527.82,16,34
438,242.65,true,61.14,6991,122.91,player-04448,MC,02,106,186.39,53.92,6.85,551.94,17,35
262,262.74,true,60.52,4274,122.31,player-04449,DEL,02,58,213.14,60.75,6.09,598.19,15,37
361,275.81,true,50.86,5797,119.34,player-04450,DEF,02,87,178.44,52.67,5.7,573.59,16,36
95,176.29,true,87.07,4936,115.62,player-04451,POR,10,60,295.73,85.92,4.19,587.64,11,18
91,169.46,true,84.45,4780,112.54,player-04452,DEF,10,56,308.25,91.03,5.59,590.25,10,22
66,206.95,true,90.04,3430,115.15,player-04453,DEF,10,44,290.2,83.48,5.62,612.3,11,18
188,143.05,true,62.9,9137,113.94,player-04454,MC,10,100,201.14,59.41,7.06,458.13,11,24
113,173.7,true,80.69,6057,112.67,player-04455,MC,10,70,282.56,77.95,7.23,568.92,10,22
108,164.09,true,84.52,5804,111.5,player-04456,DEL,10,66,297.91,87.12,5.79,573.5,10,23
177,165.16,true,71.97,8771,109.62,player-04457,DEF,10,98,221.06,65.57,7.23,495.85,10,22
44,192.12,true,88.9,2770,115.76,player-04458,MC,10,31,315.2,91.5,4.35,623.09,11,18
163,179.05,true,69.55,8094,112.85,player-04459,DEL,10,91,233.44,66.64,4.88,525.34,10,19
107,206.55,true,72.83,5799,114.61,player-04460,DEF,10,65,252.41,69.97,6.51,573.57,10,19
63,239.74,true,91.74,172,118.87,player-04461,POR,29,20,343.22,99,3.17,701.83,23,33
563,241.33,true,77.43,2144,116.69,player-04462,DEF,29,132,277.57,78.36,3,635.6,20,28
264,250.68,true,89.21,866,116.75,player-04463,DEF,29,61,298.36,89.52,3.28,665.8,24,35
1130,232.37,true,79.02,5065,116.72,player-04464,MC,29,245,236.4,68.75,3.37,585.49,21,31
327,244.28,true,86.51,1124,117.28,player-04465,MC,29,75,296.28,84.32,3.73,657.84,25,39
145,245.91,true,85.48,438,116.47,player-04466,DEL,29,35,320.03,86.63,2.95,682.41,23,32
161,224.78,true,94.2,487,116.93,player-04467,DEF,29,36,338.78,99,3.37,680.48,21,31
286,242.67,true,84.85,969,115.38,player-04468,MC,29,66,304.64,84.76,3.28,662.69,24,35
568,235.57,true,74.32,2156,114.14,player-04469,DEL,29,134,285.64,86.99,3.57,635.35,23,35
219,244.52,true,89.98,685,114.01,player-04470,DEF,29,49,313.77,89.67,3.57,672.3,23,35
131,193.45,true,85.9,2203,123.04,player-04471,POR,45,68,317.78,90.18,4.42,634.26,22,35
9,253.02,true,93.38,161,124.22,player-04472,DEF,45,7,325.77,99,4.13,703.02,23,35
388,188.37,true,73.61,6331,125.09,player-04473,DEF,45,149,250.48,75.29,4.14,563.95,18,30
110,230.86,true,98,1840,124.36,player-04474,MC,45,58,286.3,87.36,4.58,641.51,20,36
456,222.02,true,68.74,7325,123.48,player-04475,MC,45,161,200.16,59.59,4.84,545.66,21,36
4,250.97,true,94.51,56,122.14,player-04476,DEL,45,4,348.07,99,5.53,721.19,18,35
99,222.93,true,80.08,1656,124.5,player-04477,DEF,45,53,297.91,90.7,4.31,645.34,21,36
235,233.44,true,69.65,3869,121.87,player-04478,MC,45,102,249.75,70.6,5.27,605.05,19,35
145,235.64,true,78.36,2428,123.68,player-04479,DEL,45,75,270.96,76.37,3.78,630.28,21,33
33,229.18,true,87.49,563,119.75,player-04480,DEF,45,19,327.79,89.47,4.65,676.71,19,31
,263.37,false,65.64,,115.41,player-04481,POR,11,,220.71,72.18,1.05,599.49,10,11
370,240.12,true,82.06,1301,119.62,player-04482,DEF,11,76,293.61,86.49,4.16,653.35,13,18
1060,226.22,true,72.32,4703,119.78,player-04483,DEF,11,213,245.38,69.89,5.17,591.38,13,18
,261.51,false,65.78,,111.68,player-04484,MC,11,,195.68,59.67,6.24,568.87,9,12
949,237.79,true,80.4,4085,119.28,player-04485,MC,11,197,244.24,74.02,5.17,601.31,13,18
1050,234.93,true,80.53,4654,116.85,player-04486,DEL,11,211,240.39,79.07,4.09,592.17,11,15
1433,226.21,true,72.09,6638,116.27,player-04487,DEF,11,293,215.76,66.27,4.46,558.24,11,16
,209.64,false,61.77,,115.05,player-04488,MC,11,,201.99,65.33,3.95,526.68,10,13
1113,215.29,true,78.92,4980,116.12,player-04489,DEL,11,226,255.42,79.91,6.07,586.84,11,17
1659,211.26,true,64.97,7830,116.54,player-04490,DEF,11,329,205.25,61.51,5.58,533.05,11,15
,228.05,false,79.15,,113.68,player-04491,POR,18,,251.49,79.66,7.23,593.23,10,13
1164,239.57,true,71.37,5218,118.1,player-04492,DEF,18,89,225.23,72.53,6.67,582.91,12,15
391,237.13,true,79.43,1398,121.51,player-04493,DEF,18,31,292.12,81.63,5.73,650.75,15,17
142,263.37,true,90.54,429,119.25,player-04494,MC,18,13,300.2,99,4.01,682.82,14,16
1117,222.44,true,84.63,4988,118.07,player-04495,MC,18,85,246.16,71.73,6.84,586.67,13,17
315,248.53,true,83.84,1093,118.04,player-04496,DEL,18,25,292.06,88.57,6.91,658.63,13,16
257,256.17,true,81.63,842,119.65,player-04497,DEF,18,22,290.75,82.14,2.91,666.58,13,15
630,247.45,true,76.02,2423,117.48,player-04498,MC,18,44,265.45,80.79,3.77,630.38,12,15
717,222.08,true,86.99,2850,120.56,player-04499,DEL,18,51,279.38,81.55,6.31,622.02,14,17
796,226.03,true,74.6,3267,118.5,player-04500,DEF,18,57,270.51,85.55,2.51,615.04,14,18
268,230.17,true,70.76,4442,117.66,player-04501,POR,20,53,247.57,71.92,2.92,595.39,13,18
425,223.62,true,53.83,6427,117.5,player-04502,DEF,20,97,220.82,61.23,4.89,561.93,15,21
200,200.35,true,80.89,3435,118.25,player-04503,DEF,20,40,293.63,82.25,4.99,612.24,13,17
401,239.96,true,58.21,6167,116.37,player-04504,MC,20,92,210.53,62.03,1.9,566.86,14,17
398,211.46,true,72,6128,119.65,player-04505,MC,20,90,236.49,67.48,4.89,567.6,15,21
539,229.99,true,51.63,8031,118.23,player-04506,DEL,20,125,178.46,49.42,2.44,526.69,15,17
460,206.21,true,61.3,7062,117.13,player-04507,DEF,20,105,227.39,69.56,4.61,550.73,14,18
531,204.39,true,61.14,7905,115.77,player-04508,MC,20,124,210.35,60.65,4.21,530.51,12,17
,217.34,false,58.27,,118.54,player-04509,DEL,20,,173.55,52.77,2.95,509.43,12,14
367,211.2,true,66.6,5696,116.84,player-04510,DEF,20,83,247.2,68.87,3.98,575.24,13,18
877,186.68,true,58.9,8169,117.47,player-04511,POR,17,166,218.79,62.29,3.06,522.93,17,24
772,222.52,true,68.7,7124,117.16,player-04512,DEF,17,133,210.06,64.41,3.89,549.74,15,24
637,215.49,true,75.46,5860,120.02,player-04513,DEF,17,115,237.1,68.71,2.31,572.61,18,23
509,225.98,true,79.04,4732,119.02,player-04514,MC,17,95,245.89,75.46,3.22,590.89,18,26
291,197.29,true,87.83,2792,116.26,player-04515,MC,17,57,309.27,89.34,2.87,622.81,16,22
412,222.81,true,87,3895,118.13,player-04516,DEL,17,80,263.71,78.83,2.75,604.66,17,23
743,203.99,true,65.82,6787,115.01,player-04517,DEF,17,130,236.65,64.81,2.87,555.65,16,22
170,220.54,true,83.07,1689,114.15,player-04518,MC,17,27,309.84,85.43,3.32,644.53,15,22
89,226.64,true,89.53,847,114.15,player-04519,DEL,17,17,325.71,90.75,3.21,666.51,13,18
,208.09,false,87.79,,113.96,player-04520,DEF,17,,248.81,81.5,3.32,570.86,13,19
263,258.96,true,66.73,4361,114.92,player-04521,POR,20,52,222.83,67.9,4.89,596.7,15,25
357,257.58,true,63.14,5575,115.77,player-04522,DEF,20,80,204.01,59.44,3.47,577.36,16,24
3,287.58,true,82.84,178,113.38,player-04523,DEF,20,1,300.08,89.69,4.31,701.04,14,24
9,269.55,true,86.76,314,116.09,player-04524,MC,20,3,304.06,91.87,3.99,689.69,16,26
79,285.52,true,80.67,1500,116.72,player-04525,MC,20,20,246.08,75.07,3.6,648.32,17,26
21,268.74,true,77.42,530,115.05,player-04526,DEL,20,6,294.37,83.98,4.63,678.17,14,22
177,262.41,true,76.92,3129,113.34,player-04527,DEF,20,33,241.41,69.2,4.89,617.17,15,25
74,266.11,true,75.08,1415,116.72,player-04528,MC,20,18,267.47,73.13,4.32,650.29,17,26
473,247.4,true,53.3,7214,111.47,player-04529,DEL,20,110,189.09,54.54,4.79,547.96,11,17
29,266.63,true,79.5,741,113.83,player-04530,DEF,20,9,289.71,84.33,4.63,670.17,14,22
594,193.14,true,77.42,6610,116.36,player-04531,POR,09,53,249.27,72.56,3.64,558.77,13,20
816,196.57,true,62.4,8943,112.3,player-04532,DEF,09,89,174.52,50.27,4.64,483.39,11,20
775,191.2,true,61.53,8546,116.43,player-04533,DEF,09,77,200.79,57.19,3,508.41,15,21
482,234.19,true,63.82,5451,115.89,player-04534,MC,09,42,229.22,62.96,3.47,579.3,14,21
770,196.97,true,64.05,8503,115.2,player-04535,MC,09,76,198.42,58.17,2.64,510.59,15,20
437,201.71,true,82.95,4912,112.67,player-04536,DEL,09,35,273.73,85.78,3.89,588.11,15,24
627,166.29,true,70.51,6932,111.77,player-04537,DEF,09,55,274.79,87.67,3.68,552.85,12,18
637,225.81,true,72.94,7025,115.83,player-04538,MC,09,56,209.81,60.98,3.95,551.44,13,21
259,212.48,true,73.99,3220,114.58,player-04539,DEL,09,22,288.63,78.13,3.14,615.69,14,20
702,184.67,true,83.77,7717,114.33,player-04540,DEF,09,65,237.05,75.14,4.14,536.04,12,20
822,173.11,true,84.43,3359,123.44,player-04541,POR,29,186,316.85,86.1,3.47,613.41,14,21
352,189.63,true,98,1222,122.17,player-04542,DEF,29,84,343.46,99,4.64,655.26,13,20
1192,203.5,true,65.95,5337,123.08,player-04543,DEF,29,259,254.43,74.78,4.42,581.01,14,21
506,181.17,true,86.86,1924,123.32,player-04544,MC,29,121,335.66,91.13,4.22,640.14,15,22
1195,184.4,true,85.16,5349,122.21,player-04545,MC,29,260,274.2,83.41,2.05,580.8,14,17
971,184.75,true,90.59,4205,123.12,player-04546,DEL,29,214,291.43,85.09,3.77,599.29,16,22
1678,147.91,true,71.91,7930,122.15,player-04547,DEF,29,326,259.7,77.28,2.77,529.76,14,19
635,181.52,true,90.85,2434,120.51,player-04548,MC,29,152,328.1,90.73,4.14,630.13,13,17
1064,181.41,true,89.18,4728,120.5,player-04549,DEL,29,235,289.04,87.42,2.65,590.95,12,15
1132,167.16,true,98,5067,118.63,player-04550,DEF,29,246,299.7,93.61,4.77,585.48,12,17
115,247.49,true,56.65,6858,110.97,player-04551,POR,07,115,195.76,58.85,5.56,554.22,11,24
52,216.78,true,83.18,4000,113.1,player-04552,DEF,07,52,273.01,80.79,5.96,602.9,12,24
43,244.26,true,73.01,3664,113.22,player-04553,DEF,07,43,250.69,69.76,4.64,608.17,11,20
157,201.15,true,53.07,8863,114.31,player-04554,MC,07,157,174.35,52.1,5.54,489.81,12,22
134,235.09,true,58.56,7903,114.49,player-04555,MC,07,134,180.95,52.24,4.94,530.53,13,25
69,223.99,true,80.08,4795,116.12,player-04556,DEL,07,69,249.92,72.63,5.74,590.02,12,23
91,207.65,true,68.91,5723,112.82,player-04557,DEF,07,91,254.24,79.71,6.24,574.7,12,26
85,207.09,true,79.25,5540,110.39,player-04558,MC,07,85,260.59,79.99,6.28,578.08,10,21
80,221.5,true,69.95,5321,114.84,player-04559,DEL,07,80,244.83,67.81,4.43,581.17,12,21
88,229.22,true,67.9,5585,112.09,player-04560,DEF,07,88,235.85,68.36,5.64,577.17,10,18
199,278.97,true,80.04,617,122.92,player-04561,POR,14,27,272.95,81.95,4.49,674.84,19,29
270,269.21,true,79.83,892,119.31,player-04562,DEF,14,36,276.49,77.5,4.88,665.01,18,29
116,280.02,true,80.47,341,117.97,player-04563,DEF,14,18,289.77,81.59,5.28,687.76,18,31
65,268.59,true,82.1,176,122.19,player-04564,MC,14,9,310.59,91.58,5.28,701.37,17,29
711,270.19,true,80.58,2828,121.76,player-04565,MC,14,67,230.4,72.73,4.78,622.36,21,34
1072,248.3,true,71.24,4765,120.63,player-04566,DEL,14,104,221.54,66.93,5.66,590.46,17,31
188,265.31,true,83.11,583,119.68,player-04567,DEF,14,25,291.22,87.86,4.33,676.22,18,31
720,219.35,true,69.19,2880,121.63,player-04568,MC,14,69,280.57,82.54,4.25,621.55,19,28
91,262.34,true,78.73,252,118.85,player-04569,DEL,14,14,312.54,86.69,5.46,693.74,18,32
210,265.78,true,82.06,662,119.39,player-04570,DEF,14,30,287.85,85.8,4.71,673.03,19,30
188,174.2,true,74.69,5617,114.42,player-04571,POR,44,47,288.03,85.07,5.9,576.65,15,31
190,152.43,true,88.24,5650,117.21,player-04572,DEF,44,49,306.48,93.68,5.14,576.12,16,32
323,154.49,true,68.5,9016,114.5,player-04573,DEF,44,97,207.82,61.36,6.27,476.8,15,34
276,172.57,true,78.98,7838,113.08,player-04574,MC,44,82,247.09,73.42,6.86,532.74,13,34
226,176.11,true,75.83,6590,116.7,player-04575,MC,44,63,266.3,76.52,6.76,559.11,13,33
88,201.76,true,86.73,2648,115.23,player-04576,DEL,44,21,309.03,92.05,5.59,626.01,15,33
277,158.73,true,76.13,7847,115.62,player-04577,DEF,44,83,258.19,74.23,6.76,532.54,13,33
270,159.42,true,77.72,7632,118.4,player-04578,MC,44,79,260.64,75.93,4.98,538.45,16,31
102,190.52,true,88.16,2830,116.28,player-04579,DEL,44,25,315.48,92.39,5.3,622.27,15,31
,176.11,false,68.99,,116.83,player-04580,DEF,44,,123.58,40.26,5.14,416.52,14,28
305,255.19,true,74.76,1041,121.78,player-04581,POR,11,66,283.35,85.41,1.88,660.32,19,23
252,232.41,true,89.19,816,121.88,player-04582,DEF,11,49,313.2,90.91,2.7,667.49,25,31
848,219.66,true,78.01,3502,120.59,player-04583,DEF,11,181,270.89,76.31,3.06,611.13,17,24
836,213.03,true,83.34,3436,122.54,player-04584,MC,11,179,276.67,80.1,2.73,612.24,20,27
684,235.9,true,71.76,2670,122.47,player-04585,MC,11,147,267.12,76.78,2.76,625.48,24,30
887,242.26,true,73.53,3721,121.3,player-04586,DEL,11,189,243.74,70.71,2.72,607.3,23,31
149,243.36,true,94.98,449,122.14,player-04587,DEF,11,23,316.54,89.79,2.88,682.04,23,29
1133,235.92,true,66.65,5073,120.43,player-04588,MC,11,229,229.04,65.31,2.89,585.4,20,25
180,256.07,true,80.83,547,121.83,player-04589,DEL,11,33,299.37,89.54,2.36,677.28,19,22
301,261.7,true,72.9,1026,122.7,player-04590,DEF,11,64,276.48,74.84,2.59,660.87,17,20
432,201.98,true,68.54,7307,117.13,player-04591,POR,38,111,227.04,65.6,4.49,546.14,13,23
141,205.53,true,86,2289,120.09,player-04592,DEF,38,30,306.96,88.33,5.18,632.59,16,28
448,194.62,true,63.83,7608,116.33,player-04593,DEF,38,114,228.34,67.06,6.27,539.28,12,26
228,221.64,true,82.25,3768,118.39,player-04594,MC,38,55,266.64,84.98,5.34,606.67,13,23
270,203.73,true,81.08,4480,119.74,player-04595,MC,38,72,271.3,82.11,5.47,594.77,16,30
85,207.14,true,89.76,1437,119.69,player-04596,DEL,38,16,322.88,99,5.21,649.72,14,24
299,194.11,true,74.66,4948,118.83,player-04597,DEF,38,80,274.34,73.99,5.15,587.29,15,26
,227.83,false,68.83,,120.16,player-04598,MC,38,,226.34,65.4,5.89,574.33,14,28
400,203.35,true,64.12,6714,120.21,player-04599,DEL,38,101,233.14,63.7,5.48,556.7,15,28
,208.44,false,83.79,,120.14,player-04600,DEF,38,,304.13,99,5.33,632.72,15,27
338,256.95,true,71.52,1147,121.13,player-04601,POR,41,57,279.24,76.43,3.55,657.32,19,26
962,263.64,true,71.29,4166,121.74,player-04602,DEF,41,190,214.62,64.19,3.64,600,22,31
466,261.02,true,70.44,1766,122.25,player-04603,DEF,41,85,259.87,81.76,4.05,643.14,19,28
521,239.69,true,71.83,1984,120.96,player-04604,MC,41,97,278.3,78.21,2.9,638.95,21,29
823,254.95,true,67.02,3363,122.07,player-04605,MC,41,156,236.32,65.76,2.72,613.34,23,31
294,255.34,true,81.33,1000,122.86,player-04606,DEL,41,46,283.32,81.71,3.45,661.52,22,30
1561,255.71,true,58.6,7323,123.69,player-04607,DEF,41,318,166.32,48.82,3.69,545.71,20,28
234,253.67,true,78.99,732,122.62,player-04608,MC,41,33,294.36,79.68,3.69,670.64,20,28
866,239.69,true,70.05,3579,121.5,player-04609,DEL,41,172,248.37,72.34,3.84,609.56,17,24
138,248.18,true,86.68,418,121.87,player-04610,DEF,41,22,313.11,86.32,3.08,683.16,21,27
283,222.22,true,75.69,3497,120.3,player-04611,POR,15,88,268.71,73.92,3.18,611.23,16,23
511,203.07,true,70.61,6579,118.4,player-04612,DEF,15,142,237.76,67.13,3.62,559.24,15,23
351,207.84,true,73.21,4411,119.08,player-04613,DEF,15,104,268.91,79.34,3.78,595.83,14,22
290,225,true,75.31,3543,121.76,player-04614,MC,15,90,263.54,71.68,2.64,610.31,15,20
264,228.45,true,72.21,3229,118.13,player-04615,MC,15,83,269.01,75.83,3.3,615.58,13,19
586,221.61,true,67.06,7744,120.23,player-04616,DEL,15,155,193.56,56.49,3.14,535.4,14,20
277,246.91,true,71.35,3422,113.52,player-04617,DEF,15,86,251.94,71.61,2.81,612.38,11,15
382,237.97,true,66.29,4882,120.79,player-04618,MC,15,110,229.85,70.78,2.77,588.6,14,19
124,268.63,true,78.59,1525,118.47,player-04619,DEL,15,43,260.73,74.81,3.08,647.84,12,17
319,237.77,true,60.74,3947,120.23,player-04620,DEF,15,99,245.82,72.52,3.64,603.83,13,20
,269.08,false,79.06,,127.37,player-04621,POR,29,,202.66,65.41,3.28,599.11,24,35
333,243.39,true,76.43,1139,128.02,player-04622,DEF,29,78,286.04,77.57,4.49,657.45,26,36
428,259.62,true,79.38,1566,124.46,player-04623,DEF,29,101,263.23,77.27,2.87,647.31,24,33
431,264.3,true,73.54,1581,125.22,player-04624,MC,29,102,257.33,72.52,2.92,646.85,26,36
951,248.94,true,65.8,4093,127.12,player-04625,MC,29,210,225.09,65.69,2.33,601.15,25,32
1016,246.04,true,58.78,4458,125.91,player-04626,DEL,29,225,223.18,61.01,4.14,595.13,25,33
1222,249.92,true,63.22,5486,126.78,player-04627,DEF,29,266,202.16,58.69,4.49,578.86,26,36
603,251.02,true,75.78,2312,127.18,player-04628,MC,29,143,254.04,74.91,2.64,632.24,21,28
1216,225.62,true,68.99,5468,125.43,player-04629,DEL,29,265,228.04,65.62,2.55,579.09,22,29
528,241.17,true,77.14,2014,127.92,player-04630,DEF,29,123,269.3,75,1.52,638.38,25,29
858,217.11,true,43.23,8610,117.47,player-04631,POR,12,182,170.4,46.89,4.14,504.99,18,30
892,214.45,true,44.53,9001,119.51,player-04632,DEF,12,192,143.78,44.82,3.34,477.74,17,25
910,225.41,true,30,9167,115.01,player-04633,DEF,12,195,112.22,36.03,4.78,452.63,15,28
906,235.13,true,33.5,9135,117.45,player-04634,MC,12,194,105.94,29.72,4.21,458.52,16,27
903,226.35,true,45.14,9114,115.16,player-04635,MC,12,193,121.88,36.78,4.47,463.39,17,30
862,226.25,true,42.88,8660,113.93,player-04636,DEL,12,184,162.25,47.46,4.47,502.42,17,30
709,213.88,true,60.84,7079,118.09,player-04637,DEF,12,148,218.56,67.32,4.14,550.53,15,25
782,228.84,true,51.15,7692,116.05,player-04638,MC,12,165,191.96,53.68,3.89,536.84,15,24
880,202.44,true,41.49,8850,117.68,player-04639,DEL,12,191,170.42,48.55,3,490.54,15,21
861,239.13,true,40.83,8656,116.41,player-04640,DEF,12,183,147.28,41.53,4.05,502.81,14,23
1138,208.53,true,65.03,5105,120.11,player-04641,POR,41,227,256.28,70.07,3.78,584.92,14,22
1275,211.08,true,67.38,5787,120.2,player-04642,DEF,41,252,242.45,66.15,2.77,573.73,14,19
1597,198.57,true,66.63,7526,121.74,player-04643,DEF,41,321,221.01,66.43,3,541.32,15,21
1824,189.45,true,62.27,8717,120.25,player-04644,MC,41,367,189.79,53.38,3.89,499.5,15,24
1530,206.91,true,53.34,7105,122.19,player-04645,MC,41,309,220.95,63.17,2.87,550.04,16,22
1764,182.19,true,60.28,8389,123.66,player-04646,DEL,41,357,209.48,59.51,2.14,515.33,16,20
1508,185.34,true,67.71,6948,121.41,player-04647,DEF,41,306,245.81,72.56,3.32,552.56,15,22
1308,209.31,true,63.03,5957,116.57,player-04648,MC,41,257,244.7,70.09,3.47,570.59,12,18
1640,193.92,true,67.63,7735,120.33,player-04649,DEL,41,329,221.31,61.02,3.47,535.57,16,24
1730,201.68,true,56.74,8172,120.67,player-04650,DEF,41,347,200.51,56.02,2.77,522.86,14,19
,176.17,false,94.85,,110.36,player-04651,POR,39,,345.02,99,4.11,631.56,11,15
,161.96,false,85.57,,112.41,player-04652,DEF,39,,301.17,89.86,3.48,575.54,11,15
,148.29,false,92.75,,111.3,player-04653,DEF,39,,293.47,91.88,4.16,553.06,11,17
,162.46,false,75.89,,111.46,player-04654,MC,39,,244.4,76.26,2.28,518.32,11,14
,149.71,false,98,,110.61,player-04655,MC,39,,333.59,98.92,4.93,593.91,10,16
,173.72,false,98,,113.82,player-04656,DEL,39,,309.38,94.86,3.46,596.92,12,16
,169.14,false,97.27,,108.52,player-04657,DEF,39,,299.2,96.32,4.34,576.85,10,14
,163.94,false,98,,113.29,player-04658,MC,39,,341.79,99,3.86,619.02,12,17
,144.33,false,76.69,,107.73,player-04659,DEL,39,,211.97,65.27,3.71,464.03,9,14
,157.2,false,81.43,,109.87,player-04660,DEF,39,,281.71,82.75,3,548.79,11,15
808,214.71,true,55.68,8041,124.16,player-04661,POR,03,320,187.66,52.66,3.3,526.53,13,19
726,211.19,true,61.43,7207,123.94,player-04662,DEF,03,291,213.07,62.67,3.47,548.2,14,21
791,212.56,true,52.29,7835,125.76,player-04663,DEF,03,316,194.46,57.48,3.32,532.78,15,22
588,217.38,true,61.23,5891,126.16,player-04664,MC,03,239,228.5,62.5,2.14,572.04,16,20
612,227.17,true,62.04,6139,125.03,player-04665,MC,03,247,215.17,62,3.62,567.37,15,23
566,240.21,true,65.69,5672,126.32,player-04666,DEL,03,232,209.26,62.7,3.18,575.78,16,23
857,209.31,true,51.84,8594,124.22,player-04667,DEF,03,344,172.46,49.55,4.14,505.99,15,25
666,256.57,true,65.35,6639,123.09,player-04668,MC,03,267,178.54,55.14,2.49,558.21,13,17
471,231.53,true,64.8,4712,122.66,player-04669,DEL,03,200,236.96,72.25,4.43,591.16,12,21
450,233.32,true,65.79,4509,120.17,player-04670,DEF,03,190,240.92,66.78,4.03,594.42,11,18
265,226.15,true,63.65,4294,122.69,player-04671,POR,45,115,248.87,76.58,3.89,597.71,15,24
249,223.27,true,69.93,4048,124.4,player-04672,DEF,45,108,254.5,69.97,3.22,602.17,18,26
304,254.78,true,68.53,4789,124.54,player-04673,DEF,45,127,210.76,65.38,4.21,590.08,16,27
307,254.4,true,77.33,4850,122.99,player-04674,MC,45,129,211.68,62.12,3.74,589.06,16,25
147,260.58,true,65.27,2437,124.66,player-04675,MC,45,76,244.85,68.5,3.6,630.09,17,26
458,236.59,true,65.48,7353,123.12,player-04676,DEL,45,163,185.37,56.27,4.14,545.08,18,30
511,185.76,true,59.94,8315,124.57,player-04677,DEF,45,174,207.67,58.17,3.32,518.01,15,22
81,226.72,true,83.32,1295,120.6,player-04678,MC,45,47,306.14,82.87,3,653.46,15,21
383,212.38,true,68.27,6252,120.56,player-04679,DEL,45,147,232.48,68.84,4.69,565.42,12,22
195,209.49,true,73.17,3248,119.04,player-04680,DEF,45,94,286.75,84.01,4.05,615.28,14,23
227,129.11,true,87.27,6623,114.84,player-04681,POR,50,119,314.54,89.85,5.85,558.49,16,33
184,163.51,true,98,5480,113.43,player-04682,DEF,50,101,301.99,92.91,5.8,578.93,18,37
133,149.22,true,90.54,3766,115.91,player-04683,DEF,50,72,341.55,98.8,5.54,606.69,18,35
265,191.43,true,76.3,7544,117.19,player-04684,MC,50,137,232.36,69.44,5.14,540.99,18,36
145,163.96,true,91.59,4034,118.24,player-04685,MC,50,80,320.25,89.86,5.95,602.45,17,36
211,152.47,true,78.87,6199,117.73,player-04686,DEL,50,111,296.24,90.31,5.67,566.44,18,36
250,158.83,true,82.9,7134,116.33,player-04687,DEF,50,126,274.33,76.07,5.14,549.49,17,34
136,169.9,true,90.16,3827,118.19,player-04688,MC,50,75,317.63,90.4,4.99,605.73,17,33
267,157.31,true,77.33,7550,116.05,player-04689,DEL,50,138,267.53,78.3,5.4,540.89,18,38
147,145.33,true,92.15,4115,112.95,player-04690,DEF,50,82,342.48,93.64,6.01,600.76,16,34
272,228.99,true,57.22,7684,116.8,player-04691,POR,44,81,191.22,54.34,8.37,537.02,12,32
209,201.55,true,73.92,6116,113.19,player-04692,DEF,44,57,253.16,77.7,8.16,567.9,13,34
316,209.74,true,64.61,8876,112.76,player-04693,DEF,44,95,166.22,53.43,8.05,488.72,13,33
247,208.51,true,58.5,7066,115.44,player-04694,MC,44,73,226.7,68.49,7.09,550.65,13,30
299,203.73,true,59.29,8444,114.14,player-04695,MC,44,91,195.1,56.07,8.45,512.97,12,33
194,242.87,true,71.38,5778,115.81,player-04696,DEL,44,51,215.17,65.24,7.23,573.84,13,31
178,215.57,true,74.01,5178,115.71,player-04697,DEF,44,44,252.49,76.46,8.58,583.77,14,37
236,222.51,true,64,6793,118.41,player-04698,MC,44,67,214.65,64.76,7.01,555.57,13,25
248,188.33,true,74.58,7077,114.99,player-04699,DEL,44,74,247.25,69.9,8.05,550.56,13,33
242,200.86,true,56.43,6917,116.1,player-04700,DEF,44,71,236.05,67.91,7.96,553.02,13,32
176,227.27,true,43.91,9127,111.34,player-04701,POR,31,176,121.97,36.54,6.29,460.58,10,26
30,252.58,true,73.42,1754,111.18,player-04702,DEF,31,30,279.66,79.07,6.44,643.43,10,27
81,266.01,true,57.07,4763,111.77,player-04703,DEF,31,81,212.7,62.03,6.35,590.48,11,29
54,236.38,true,65.47,2979,108.66,player-04704,MC,31,54,274.76,88.76,6.29,619.8,10,26
171,209.39,true,57.45,8873,108.23,player-04705,MC,31,171,171.15,52.45,6.05,488.78,9,22
121,238.23,true,58.58,6871,113.14,player-04706,DEL,31,121,202.52,57.53,6.35,553.88,11,29
,248.02,false,54.35,,111.24,player-04707,DEF,31,,187.43,61.12,6.29,546.69,10,26
108,239.95,true,59.7,6064,107.89,player-04708,MC,31,108,220.97,61.7,6.05,568.82,9,22
37,271.64,true,63.74,2080,111.77,player-04709,DEL,31,37,253.6,79.8,6.23,637.01,9,23
36,242.39,true,70.49,2019,114.55,player-04710,DEF,31,36,281.37,81.56,5.97,638.32,10,24
186,253.2,true,71.42,2388,121.16,player-04711,POR,36,25,256.61,70.96,1.32,630.96,15,17
189,272.8,true,65.5,2435,120.57,player-04712,DEF,36,27,236.74,69.44,2.78,630.11,16,19
331,268.29,true,58.57,4218,120.44,player-04713,DEF,36,59,210.33,63.33,3.47,599.07,16,21
363,252.46,true,58.8,4636,119.9,player-04714,MC,36,71,220.18,65.77,3.42,592.54,14,18
376,261.69,true,60.75,4825,120.76,player-04715,MC,36,77,207.12,62.25,2.41,589.57,17,22
162,263.54,true,66.68,2063,120.3,player-04716,DEL,36,23,253.46,75.44,2.99,637.3,17,21
615,256.52,true,54.49,8211,118.35,player-04717,DEF,36,168,146.58,44.55,3.62,521.44,13,17
507,260.85,true,57.81,6542,119.6,player-04718,MC,36,122,179.4,57.23,4.18,559.85,15,22
187,264.33,true,67.13,2397,119.64,player-04719,DEL,36,26,246.83,73.74,3.03,630.8,14,17
391,235.26,true,66.21,4970,117.67,player-04720,DEF,36,82,234.01,66.83,3.84,586.94,12,16
,158.36,false,82.48,,116.2,player-04721,POR,28,,248.95,74.21,1.57,523.51,12,14
,162.73,false,78.47,,116.82,player-04722,DEF,28,,292.17,85.97,1.35,571.72,13,14
363,145.63,true,87.07,8257,117.29,player-04723,DEF,28,363,257.54,81.14,1.55,520.46,13,15
329,159.49,true,88.01,7649,116.48,player-04724,MC,28,329,262,82.85,2.8,537.97,12,16
126,154.34,true,91.36,3143,120.29,player-04725,MC,28,126,342.3,94.48,2.44,616.93,15,19
308,139.91,true,76.8,7313,119.66,player-04726,DEL,28,308,286.48,80.53,0.79,546.05,15,16
379,147.31,true,77.65,8608,119.88,player-04727,DEF,28,379,237.98,73.19,1.72,505.17,16,19
214,187.57,true,80.56,5172,120.27,player-04728,MC,28,214,276.06,83.95,1.08,583.89,14,15
,174.18,false,79.18,,113.89,player-04729,DEL,28,,271.81,85.4,2.97,559.88,10,13
375,159.46,true,69.35,8497,120.65,player-04730,DEF,28,375,230.79,68.51,1.39,510.9,14,16
407,226.44,true,75.61,6806,119.91,player-04731,POR,35,305,209.03,63.01,3.57,555.38,23,35
354,228.45,true,59.62,5965,120.64,player-04732,DEF,35,260,221.37,65.73,4.19,570.47,22,37
519,208.7,true,57.88,8796,120.49,player-04733,DEF,35,392,165.2,46.31,5.43,494.39,22,35
276,260.01,true,58.4,4529,121.46,player-04734,MC,35,203,212.74,60.99,2.9,594.22,21,29
297,203.4,true,72.51,4901,122.26,player-04735,MC,35,218,262.62,71.09,3.65,588.28,24,37
504,209.73,true,51.26,8515,122.57,player-04736,DEL,35,378,177.84,50.83,5.77,510.14,22,37
493,242.4,true,63.46,8333,118.81,player-04737,DEF,35,371,156.04,46.92,5.6,517.25,22,36
419,217.32,true,64.86,7017,122.91,player-04738,MC,35,313,211.37,60.65,5.58,551.6,19,31
199,234.8,true,63.64,3312,120.28,player-04739,DEL,35,152,259.08,79.57,3.59,614.15,19,29
235,251.27,true,68.83,3957,121.07,player-04740,DEF,35,177,231.37,65.56,3.71,603.71,18,28
1762,187.86,true,54.19,8378,123.2,player-04741,POR,04,102,204.54,57.99,5.83,515.6,14,28
1890,172.26,true,65.92,9193,122.26,player-04742,DEF,04,113,152.03,47.62,4.76,446.55,14,26
1882,178.27,true,46.23,9138,124.44,player-04743,DEF,04,111,155.19,44.57,5.12,457.9,15,26
1869,175.88,true,66.71,9055,123.37,player-04744,MC,04,110,174.03,54.9,4.74,473.29,16,26
1529,180.15,true,67.79,7099,121.79,player-04745,MC,04,83,248.22,70.08,6.31,550.16,12,26
1810,174.66,true,58.89,8633,118.42,player-04746,DEL,04,105,210.87,58.44,6.21,503.96,11,28
1885,171.47,true,58.79,9147,121.82,player-04747,DEF,04,112,163.93,51.33,5.14,457.22,14,28
1856,180.91,true,50.63,8939,122.18,player-04748,MC,04,109,180.64,52.44,5.92,483.73,12,24
1722,167.47,true,64.63,8117,122.36,player-04749,DEL,04,99,234.91,71.84,4.71,524.74,15,24
1821,159.12,true,65.64,8709,121.37,player-04750,DEF,04,107,219.41,66.47,5.67,499.9,14,27
,232.2,false,79.82,,110.39,player-04751,POR,13,,229.73,77.45,5.56,572.31,11,24
133,217.51,true,78.71,2264,112.97,player-04752,DEF,13,20,302.58,91.19,4.43,633.06,12,21
216,209.86,true,82.93,3536,113.17,player-04753,DEF,13,40,287.39,78.53,5.52,610.42,12,26
122,243.64,true,79.91,2106,107.5,player-04754,MC,13,17,285.28,78.89,4.88,636.42,10,19
85,229.88,true,92.86,1322,111.8,player-04755,MC,13,9,311.09,85.58,4.69,652.77,12,22
323,227.73,true,82.14,5198,109.87,player-04756,DEL,13,66,245.81,73.49,5.14,583.41,11,22
433,229.5,true,73.49,6950,115.02,player-04757,DEF,13,101,208,64.18,4.72,552.52,13,24
138,228.95,true,80.71,2315,112.78,player-04758,MC,13,21,290.49,86.4,4.69,632.21,12,22
167,215.97,true,90.92,2811,109.22,player-04759,DEL,13,29,297.36,86.98,4.55,622.55,10,17
318,229.06,true,66.69,5163,110.4,player-04760,DEF,13,64,244.56,70.83,5.36,584.02,11,23
48,195.23,true,76.15,2927,119.63,player-04761,POR,10,35,305.56,87.17,5.66,620.42,13,29
94,211.57,true,73.55,4827,120.33,player-04762,DEF,10,59,257.66,74.21,5.81,589.56,13,30
81,219.16,true,83.65,4199,120.32,player-04763,DEF,10,50,259.9,80.47,6.2,599.38,13,33
75,193.56,true,77.39,4087,120.71,player-04764,MC,10,46,287,77.99,5.95,601.27,13,31
77,214.24,true,77,4121,120.3,player-04765,MC,10,47,266.13,75.76,6.2,600.67,13,33
139,196.87,true,66.96,7051,121.17,player-04766,DEL,10,80,232.82,65.33,5.47,550.86,14,30
8,201.25,true,98,635,119.85,player-04767,DEF,10,5,352.84,99,5.66,673.93,13,29
174,204.85,true,59.86,8590,120.96,player-04768,MC,10,96,180.52,54.25,5.76,506.33,14,32
52,205.44,true,81.84,3018,118.41,player-04769,DEL,10,37,295.17,79.9,5.7,619.02,12,27
150,213.88,true,69.48,7578,119.39,player-04770,DEF,10,87,206.94,59.66,6.27,540.22,12,31
,212.15,false,55.48,,109.32,player-04771,POR,01,,198.22,58.38,3.47,519.7,8,12
,198.15,false,70.75,,116.88,player-04772,DEF,01,,215.16,68.81,1.68,530.19,11,13
,192.93,false,69.87,,104.31,player-04773,DEF,01,,230.35,72.78,3.14,527.59,7,10
,242.38,false,64.88,,114.21,player-04774,MC,48,,211.09,68.55,4.08,567.68,10,13
,225.33,false,53.01,,113.7,player-04775,MC,01,,159.48,51.26,3.61,498.52,10,12
,238.25,false,74.18,,116.55,player-04776,DEL,48,,259.77,82.73,3.74,614.56,10,12
,189.24,false,66.98,,110.98,player-04777,DEF,01,,220.93,66.19,2.87,521.16,8,11
,220.73,false,47.58,,108.49,player-04778,MC,48,,138.72,47.2,3.76,467.94,9,11
,210.61,false,62.49,,110.26,player-04779,DEL,01,,226.96,66.05,4.08,547.83,10,13
,246.23,false,52.92,,105.78,player-04780,DEF,48,,161.33,52.49,4.39,513.34,8,10
231,221.79,true,79.17,2801,121.24,player-04781,POR,32,66,279.67,82.18,4.23,622.7,19,29
652,205.48,true,50.2,8670,124.06,player-04782,DEF,32,178,172.47,50.85,2.54,502.01,19,25
673,198.85,true,50.37,9046,125.81,player-04783,DEF,32,181,149.71,42.93,4.18,474.37,15,22
573,197.54,true,66.02,7591,122.85,player-04784,MC,32,161,219.43,64.66,4.49,539.82,16,25
530,210.74,true,65.09,6925,121.78,player-04785,MC,32,147,220.4,68.62,3.22,552.92,18,26
414,227.01,true,65.69,5288,123.57,player-04786,DEL,32,118,231.13,67.14,3.29,581.71,19,25
555,194.52,true,65.36,7288,123.68,player-04787,DEF,32,155,228.28,66.16,4.09,546.49,17,25
544,211.04,true,65.13,7138,125.63,player-04788,MC,32,152,212.79,60.57,2.31,549.47,16,18
,232.52,false,61.04,,123.57,player-04789,DEL,32,,198.03,65.56,3.94,554.12,18,26
572,217.89,true,53.15,7572,123.66,player-04790,DEF,32,160,198.8,55.7,2.54,540.35,19,25
368,250.18,true,67.32,6184,123.93,player-04791,POR,35,274,192.57,58.68,4.13,566.67,22,29
204,241.82,true,69.96,3360,123.51,player-04792,DEF,35,156,248.05,68.59,5.14,613.37,23,35
37,240.46,true,84.99,675,122.93,player-04793,DEF,35,30,309.28,90.33,5.14,672.66,23,35
200,240.08,true,71.24,3330,123.64,player-04794,MC,35,153,250.22,74.44,4.36,613.94,25,34
423,231.13,true,67.26,7120,124.15,player-04795,MC,35,314,194.53,56.64,5.04,549.82,24,36
334,218.64,true,63.84,5623,124.18,player-04796,DEL,35,244,233.65,65.16,2.95,576.47,23,32
272,255.02,true,77.36,4492,123.24,player-04797,DEF,35,200,216.38,66.05,2.33,594.64,25,32
114,239.08,true,72.48,1969,125.45,player-04798,MC,35,94,274.75,74.1,3.44,639.29,24,29
169,220.55,true,78.01,2891,125.49,player-04799,DEL,35,130,275.29,77.73,1.86,621.33,24,29
127,219.43,true,81.14,2095,124.23,player-04800,DEF,35,101,292.99,82.91,3.59,636.66,26,32
59,243.12,true,86.56,576,120.85,player-04801,POR,25,3,312.35,86.62,3.78,676.32,14,22
143,213.36,true,98,1473,121.05,player-04802,DEF,25,17,314.59,96.69,5.58,649,19,33
134,227.7,true,80.88,1283,117.04,player-04803,DEF,25,15,308.93,90.97,4.93,653.67,16,27
254,227.5,true,84.68,2349,121.72,player-04804,MC,25,31,282.43,79.87,5.6,631.65,16,31
218,210.64,true,94.58,2006,122.06,player-04805,MC,25,22,305.81,85.89,4.4,638.51,18,28
203,249.62,true,80.32,1909,120.36,player-04806,DEL,25,21,270.41,76.82,4.46,640.39,17,23
67,221.89,true,93.56,629,119.99,player-04807,DEF,25,5,332.48,90,4.63,674.36,19,31
75,249.25,true,89.1,707,120.25,player-04808,MC,25,7,301.92,88.5,5.1,671.42,18,28
339,203.91,true,95.67,3235,121,player-04809,DEL,25,42,290.57,82.75,5.44,615.47,19,32
315,230.68,true,98,3035,115.82,player-04810,DEF,25,41,272.17,83.06,3.97,618.67,18,26
226,163.6,true,39.73,9228,114.75,player-04811,POR,30,226,151.43,42.34,4.23,429.79,13,22
175,185.54,true,53.33,7478,118.24,player-04812,DEF,30,175,238.59,73.3,3.99,542.38,16,26
224,172.25,true,47.11,9145,116.12,player-04813,DEF,30,224,169.1,46.1,4.05,457.47,14,23
209,203.28,true,42.42,8554,116.38,player-04814,MC,30,209,188.32,54.27,3.74,507.98,16,25
205,201.01,true,52.4,8431,115.93,player-04815,MC,30,205,196.53,57.14,4.72,513.48,13,24
222,187.33,true,40.46,9034,118.41,player-04816,DEL,30,222,169.48,51.05,3.47,475.21,14,21
140,208.01,true,66.49,6214,118.43,player-04817,DEF,30,140,239.69,69.85,2.31,566.13,18,23
171,198.25,true,66.32,7349,117.94,player-04818,MC,30,171,229,67.8,3.89,545.18,15,24
195,215.55,true,52.31,8119,115.87,player-04819,DEL,30,195,193.23,54.69,3.99,524.65,16,26
180,216.49,true,55.09,7609,119.62,player-04820,DEF,30,180,203.17,64.07,3.99,539.28,16,26
81,260.27,true,81.11,1019,120.83,player-04821,POR,32,20,279.97,85.51,3.78,661.07,21,33
221,272.32,true,60.44,2718,121.26,player-04822,DEF,32,62,230.71,65.47,4.58,624.29,15,27
460,239.42,true,72.58,5992,120.16,player-04823,DEF,32,130,210.44,62.69,3.93,570.02,18,29
67,255.14,true,79.32,839,123.21,player-04824,MC,32,15,288.41,80.07,3.74,666.76,16,25
253,230.51,true,70.66,3075,120.19,player-04825,MC,32,75,267.33,81.39,3.81,618.04,19,30
260,258.38,true,75.97,3205,117.88,player-04826,DEL,32,79,239.7,72.67,4.14,615.96,18,30
410,252.13,true,64.48,5205,120.57,player-04827,DEF,32,115,210.57,60.37,4.33,583.27,18,31
150,260.48,true,72.63,1859,121.85,player-04828,MC,32,41,258.93,74.62,3.24,641.27,20,29
281,233.6,true,63.59,3472,119.44,player-04829,DEL,32,85,258.66,82.44,4.33,611.71,18,31
333,238.95,true,78.7,4285,122.1,player-04830,DEF,32,94,236.92,71.35,3.35,597.97,19,28
3,242.78,true,87.55,250,112.86,player-04831,POR,06,2,338.27,91.92,6.81,693.91,11,33
99,237.98,true,85.3,5096,112.47,player-04832,DEF,06,38,234.57,73.06,6.5,585.02,12,33
21,249.39,true,80.64,1258,114,player-04833,DEF,06,7,290.96,85.17,6.5,654.35,12,33
2,232.63,true,94.43,216,113.01,player-04834,MC,06,1,350.89,97.95,6.39,696.53,12,32
87,226.5,true,80.46,4533,110.96,player-04835,MC,06,34,256.74,79.71,7,594.2,11,35
13,232.87,true,91.52,877,110.12,player-04836,DEL,06,4,322.47,95.85,6.39,665.46,12,32
143,216.92,true,82.87,7192,109.96,player-04837,DEF,06,60,221.47,66.28,6.5,548.34,12,33
102,240.18,true,84.64,5331,115.8,player-04838,MC,06,41,225.07,66.41,5.14,581.05,12,24
25,241.35,true,85.67,1538,112.92,player-04839,DEL,06,8,293.38,85.82,6.39,647.66,12,32
5,251.06,true,96.45,482,110.42,player-04840,DEF,06,3,319.29,96.02,5.34,680.77,12,25
472,236.94,true,59.84,7941,121.09,player-04841,POR,35,353,171.41,50.2,3,529.45,15,21
461,211.68,true,60.88,7768,119.42,player-04842,DEF,35,343,203.75,57.07,3.71,534.85,18,28
427,187.76,true,66.62,7233,121.56,player-04843,DEF,35,317,238.2,67.33,1.96,547.52,18,22
530,228.99,true,49.29,9103,117.95,player-04844,MC,35,399,118.64,35.76,3.14,465.58,14,20
377,217.91,true,61.27,6318,120.4,player-04845,MC,35,282,225.96,67.66,3.47,564.27,16,24
314,206.08,true,63.84,5275,121.73,player-04846,DEL,35,231,254.12,78,2.94,581.94,18,25
435,213.66,true,63.29,7341,119.78,player-04847,DEF,35,324,211.88,65.3,3.34,545.33,17,25
336,193.87,true,68.81,5666,119.33,player-04848,MC,35,246,262.65,72.6,3.18,575.86,16,23
479,221.19,true,52.68,8087,119.48,player-04849,DEL,35,360,184.87,52.31,3.34,525.53,17,25
459,248.45,true,55.16,7754,120.58,player-04850,DEF,35,341,166.09,49.03,3,535.12,15,21
116,234.31,true,65.49,6936,118.47,player-04851,POR,07,116,200.04,63.61,5.31,552.82,14,29
19,251.13,true,68.08,1958,119.51,player-04852,DEF,07,19,268.85,75.11,4.58,639.49,15,27
152,220.6,true,54.86,8695,118.7,player-04853,DEF,07,152,161.28,50.98,5.31,500.58,14,29
45,265.6,true,64.77,3684,117.74,player-04854,MC,07,45,224.52,65.26,5.14,607.86,14,28
39,270.64,true,70.26,3468,118.49,player-04855,MC,07,39,222.69,66.05,4.54,611.82,14,25
23,260.91,true,68.96,2086,117.04,player-04856,DEL,07,23,258.91,73.37,5.5,636.86,13,28
41,245.32,true,68.31,3605,115.66,player-04857,DEF,07,41,248.18,75.57,4.76,609.16,14,26
48,256.74,true,62.27,3776,114.73,player-04858,MC,07,48,235.1,65.72,5.14,606.57,12,24
10,267.51,true,69.09,1235,117.81,player-04859,DEL,07,10,269.57,86.82,4.64,654.89,11,20
50,261.97,true,63.46,3838,117.06,player-04860,DEF,07,50,226.59,62.92,5.5,605.62,13,28
84,271.08,true,98,236,115.97,player-04861,POR,04,3,308.19,90.15,4.49,695.24,11,19
1152,213.65,true,75.92,5171,112.72,player-04862,DEF,04,60,257.54,78.61,5.14,583.91,10,20
187,240.77,true,86.09,575,116.38,player-04863,DEF,04,9,319.27,99,5.74,676.42,11,25
55,247.92,true,90.97,154,113.98,player-04864,MC,04,1,341.86,93.88,5.38,703.76,10,21
238,254.11,true,82.7,743,117.58,player-04865,MC,04,11,298.45,90.05,4.49,670.14,11,19
799,250.81,true,89.62,3278,116.91,player-04866,DEL,04,40,246.99,73.82,4.72,614.71,13,24
788,228.55,true,72.93,3221,117.01,player-04867,DEF,04,39,270.12,81.2,4.92,615.68,12,23
1423,225.63,true,68.24,6550,115.34,player-04868,MC,04,76,218.77,65.52,4.64,559.74,11,20
948,240.29,true,79.97,4076,112.62,player-04869,DEL,04,47,248.5,78.15,5.14,601.4,11,22
1017,230.33,true,73.03,4461,116.48,player-04870,DEF,04,56,248.3,71.75,4.69,595.1,12,22
1891,247.15,true,36.76,9198,117.12,player-04871,POR,11,382,80.29,25,2.64,444.56,18,24
1557,271,true,38.62,7299,116.04,player-04872,DEF,11,314,159.2,43.85,3.64,546.23,15,20
1358,257.47,true,58.86,6190,120.13,player-04873,DEF,11,276,189,55.08,3.72,566.6,18,25
1848,264.37,true,33.02,8913,120.31,player-04874,MC,11,373,100.87,29.84,3.31,485.55,17,22
1837,246.69,true,45.22,8790,117.44,player-04875,MC,11,369,130.66,39.72,4.29,494.8,16,24
1863,242.87,true,40.99,9015,121.31,player-04876,DEL,11,375,112.63,32.61,1.81,476.81,20,24
,238.53,false,53.23,,118.87,player-04877,DEF,11,,185.95,61.54,3.61,543.34,17,23
1705,269.21,true,35.76,8037,117.42,player-04878,MC,11,340,139.93,39.93,3.61,526.56,17,23
1829,254.25,true,35.56,8746,118.85,player-04879,DEL,11,366,124.7,35.54,3.06,497.79,17,24
1868,245.64,true,30,9050,115.14,player-04880,DEF,11,377,113.4,31.48,2.36,474.17,14,18
640,227.73,true,64.44,8551,116.03,player-04881,POR,36,180,164.46,48.61,6,508.22,14,29
370,199.25,true,79.77,4713,116.71,player-04882,DEF,36,75,275.18,81.86,4.21,591.14,16,27
366,208.28,true,67.32,4673,116.54,player-04883,DEF,36,72,266.98,72.44,4.97,591.81,15,29
557,222.87,true,70.33,7332,116.6,player-04884,MC,36,144,206.02,57.04,4.91,545.49,16,27
452,216.01,true,68.13,5867,117.76,player-04885,MC,36,99,238.65,67.93,5,572.42,16,27
550,233.98,true,60.43,7212,118.35,player-04886,DEL,36,139,195.72,56.69,4.93,548.05,16,27
242,221.09,true,71.52,2952,116.89,player-04887,DEF,36,35,282.09,81.3,5.32,620.07,16,29
628,213.18,true,64.15,8430,117.2,player-04888,MC,36,173,183.13,54.66,3.99,513.51,16,26
443,241.02,true,64.59,5735,115.6,player-04889,DEL,36,95,217.93,60.01,5.32,574.55,16,29
469,247.76,true,61.74,6076,115.98,player-04890,DEF,36,108,204.83,62.02,4.14,568.58,15,25
639,169.87,true,60.14,8545,119.03,player-04891,POR,36,179,219.57,60.52,3.81,508.46,19,30
599,200.56,true,59.67,8039,115.63,player-04892,DEF,36,159,210.36,65.36,4.81,526.55,16,30
533,222.34,true,71.94,6971,118.65,player-04893,DEF,36,133,211.17,63.62,3.93,552.16,18,29
381,181.72,true,78.34,4877,116.04,player-04894,MC,36,79,290.91,81.4,3.6,588.67,17,26
476,191.65,true,71.15,6198,118.96,player-04895,MC,36,112,255.85,70.23,3.6,566.46,17,26
593,190.69,true,60.86,7908,118.24,player-04896,DEL,36,156,221.51,64,3.35,530.44,19,28
513,202.84,true,73,6587,115.41,player-04897,DEF,36,125,240.9,68.44,3.93,559.15,18,29
678,187.9,true,68.66,9095,117.61,player-04898,MC,36,200,161.2,50.46,3.84,466.71,17,27
610,199.75,true,72.96,8137,116.68,player-04899,DEL,36,165,207.5,63.13,3.74,523.92,16,25
502,154.86,true,74.42,6514,117.65,player-04900,DEF,36,120,287.91,78.72,3.47,560.42,16,24
275,197.95,true,88.4,3394,113.43,player-04901,POR,36,45,301.41,90.16,4.49,612.79,13,23
305,219.28,true,80.6,3801,111.64,player-04902,DEF,36,50,275.24,78.79,4.72,606.15,13,24
574,180.05,true,71.95,7600,113.52,player-04903,DEF,36,149,245.94,74.75,4.72,539.52,13,24
509,212.52,true,65.96,6553,114.27,player-04904,MC,36,124,232.83,64.64,3.47,559.61,14,21
499,179.5,true,70.07,6471,111.21,player-04905,MC,36,118,270.48,73.86,4.92,561.19,12,23
539,199.01,true,68.02,7067,111.43,player-04906,DEL,36,136,240.21,69.76,4.49,550.65,13,23
356,197.11,true,79.07,4517,111.87,player-04907,DEF,36,68,285.35,85.26,5.14,594.33,12,24
675,193.24,true,64.25,9048,110.25,player-04908,MC,36,198,170.87,51.71,3.67,474.36,11,17
405,185.53,true,81.74,5137,113.55,player-04909,DEL,36,85,285.27,85.89,3.64,584.35,13,20
350,191.75,true,80.28,4406,114.01,player-04910,DEF,36,66,290.11,78.53,3.78,595.87,14,22
,248.41,false,88.5,,111.48,player-04911,POR,46,,301.44,95.65,2.29,661.33,10,10
,241.93,false,86.63,,115.1,player-04912,DEF,46,,289,87.72,1.65,646.03,12,13
,268.17,false,74.49,,109.66,player-04913,DEF,46,,253.19,89.92,1.64,631.03,9,9
,236.19,false,83.25,,113.56,player-04914,MC,46,,229.92,80.68,1.05,579.67,11,12
,241.86,false,88.15,,114.9,player-04915,MC,46,,278.69,86.57,1.7,635.45,11,12
,221.39,false,86.12,,111.52,player-04916,DEL,46,,243.6,80.57,0.22,576.51,10,10
,206.69,false,93.77,,103.22,player-04917,DEF,46,,279,93.45,2.54,588.91,7,7
,261.76,false,70.27,,111.27,player-04918,MC,46,,224.76,74.21,1.05,597.79,10,11
,260.52,false,75.26,,113.87,player-04919,DEL,46,,239.15,74.7,0.14,613.53,10,10
,259.85,false,82.96,,114.22,player-04920,DEF,46,,271.2,83.49,1.36,645.27,11,12
557,238.3,true,62.87,5600,116.53,player-04921,POR,03,227,222.13,62.3,2.88,576.95,23,29
658,256.38,true,55.14,6573,117.38,player-04922,DEF,03,265,185.57,54.71,3.47,559.32,24,36
206,252.34,true,67.98,2120,115.17,player-04923,DEF,03,84,268.67,77.33,2.4,636.18,24,31
411,263.5,true,65.04,4146,115.46,player-04924,MC,03,168,221.34,65.43,4.63,600.29,19,31
512,242.25,true,64.9,5143,117.15,player-04925,MC,03,216,224.88,65.42,4.11,584.29,23,35
437,252.21,true,60.97,4329,117.37,player-04926,DEL,03,181,227.64,61.62,3,597.23,25,35
757,248.23,true,60.74,7502,117.3,player-04927,DEF,03,300,176.3,50.41,4.23,541.84,22,34
257,248.43,true,70.16,2715,118.13,player-04928,MC,03,105,257.82,77.89,4.11,624.38,23,35
481,208.13,true,83.04,4835,116.14,player-04929,DEL,03,203,265.11,77.88,4.4,589.38,22,35
541,242.85,true,63.8,5430,119.9,player-04930,DEF,03,224,216.85,65.57,3.26,579.6,22,32
,220.2,false,56.31,,123.45,player-04931,POR,45,,225.82,69.32,2.36,569.47,14,18
555,212.72,true,42.86,8882,123.3,player-04932,DEF,45,181,152.32,42.85,2.25,488.34,15,19
538,227.46,true,45.33,8731,125.65,player-04933,DEF,45,178,145.68,45.7,2.52,498.79,16,21
151,222.97,true,71.79,2515,123.79,player-04934,MC,45,79,281.82,81.23,3.32,628.57,15,22
568,199.39,true,41.6,9155,121.37,player-04935,MC,45,184,134.18,39.85,2.92,454.94,13,18
549,198.13,true,46.75,8811,124.31,player-04936,DEL,45,180,170.97,46.46,2.64,493.41,15,20
358,213.93,true,69.48,5728,124.36,player-04937,DEF,45,139,236.35,66.19,3,574.64,15,21
563,219.33,true,39.45,9012,121.12,player-04938,MC,45,183,136.52,39.13,2.64,476.97,12,16
256,221.1,true,65.53,4160,124.56,player-04939,DEL,45,110,254.42,68.87,2.52,600.08,16,21
522,215.53,true,51.13,8461,122.9,player-04940,DEF,45,176,173.86,49.97,3.14,512.29,14,20
397,218.71,true,79.22,4548,116.34,player-04941,POR,47,50,258.83,79.28,4.03,593.88,11,18
,214.11,false,60.75,,108.21,player-04942,DEF,47,,234.43,74.58,3.99,556.75,8,13
545,217.81,true,76.25,6120,116.37,player-04943,DEF,47,70,233.62,69.09,3.26,567.8,11,16
617,234.62,true,57.14,6844,113.44,player-04944,MC,47,81,206.56,64.03,4.14,554.62,9,15
749,200.25,true,64.07,8251,112.92,player-04945,MC,47,100,207.44,65.07,4.14,520.62,9,15
750,207.48,true,67.08,8292,114.95,player-04946,DEL,47,101,196.49,60.54,4.26,518.92,10,17
523,220.73,true,69.34,5826,116.35,player-04947,DEF,47,65,236.12,73.27,3.67,573.2,11,17
,254.23,false,68.78,,110.63,player-04948,MC,47,,214.97,68.03,2.87,579.82,8,11
,231.17,false,54.53,,112.45,player-04949,DEL,47,,126.24,43.02,1.96,469.86,9,11
,210.75,false,67.82,,114.42,player-04950,DEF,47,,202.48,60.84,3,527.65,10,14
41,243.32,true,80.07,1670,112.86,player-04951,POR,39,41,288.75,88.31,4.26,644.92,11,18
137,271.46,true,60.48,5662,113.67,player-04952,DEF,39,137,190.77,54.55,4.14,575.89,12,20
9,290.7,true,70.95,654,114.12,player-04953,DEF,39,9,268.49,76.33,3.82,673.3,12,19
40,242.88,true,80.25,1650,115.13,player-04954,MC,39,40,287.44,83.78,3.64,645.45,13,20
7,253.4,true,86.61,565,113.91,player-04955,MC,39,7,309.35,86.55,3.65,676.67,12,18
26,271.75,true,79.79,1055,114.98,player-04956,DEL,39,26,273.2,79.76,2.92,659.93,13,18
122,267.81,true,62.92,5060,114.2,player-04957,DEF,39,122,203.58,58.34,4.64,585.59,11,20
55,259.18,true,80.32,2331,113.11,player-04958,MC,39,55,259.67,75.08,4.92,631.95,12,23
94,243.42,true,72.04,3778,114.02,player-04959,DEL,39,94,249.09,71.67,4.03,606.53,11,18
45,248.91,true,77.71,1852,113.58,player-04960,DEF,39,45,278.85,82.71,4.39,641.35,11,19
383,230.22,true,70.73,4453,110.39,player-04961,POR,09,31,254.56,77.55,4.43,595.17,12,21
79,233.59,true,82.66,1220,115.59,player-04962,DEF,09,6,306.18,91.74,4.14,655.35,15,25
228,280.54,true,68.58,2999,116.73,player-04963,DEF,09,19,222.13,65.92,3.47,619.4,16,24
351,238.44,true,67.52,4110,115.04,player-04964,MC,09,26,247.34,74.84,3,600.82,15,21
28,222.32,true,92.77,452,115.1,player-04965,MC,09,1,344.5,93.89,3.47,681.91,16,24
220,214.56,true,78.73,2874,116.09,player-04966,DEL,09,18,291.04,82.13,3.32,621.69,15,22
106,259.83,true,75.25,1582,115.55,player-04967,DEF,09,8,271.47,80.69,3.62,646.85,15,23
150,225.25,true,85.29,2151,114.87,player-04968,MC,09,13,295.39,83.03,3.89,635.51,15,24
142,214.98,true,85.76,1992,113.4,player-04969,DEL,09,12,310.43,84.03,4.31,638.81,14,24
726,200.53,true,67.1,8042,111.01,player-04970,DEF,09,69,214.97,60.89,4.69,526.51,12,22
176,243.82,true,64.16,3127,116.27,player-04971,POR,20,32,257.12,74.51,3.47,617.2,18,27
,259.59,false,59.97,,114.06,player-04972,DEF,20,,162.92,53.65,3.93,536.57,18,29
170,243.41,true,76.16,2948,117.47,player-04973,DEF,20,31,259.26,76.61,3.34,620.14,17,25
249,277.94,true,55.93,4067,113.88,player-04974,MC,20,48,209.85,62.42,3.93,601.67,18,29
333,255.13,true,54.98,5291,114.53,player-04975,MC,20,71,212.01,62.34,3.93,581.67,18,29
194,272.94,true,68.5,3405,115.16,player-04976,DEL,20,37,224.53,65.69,3.84,612.64,17,27
423,253.89,true,66.56,6417,115.77,player-04977,DEF,20,96,192.51,55.15,2.83,562.17,19,26
193,268.05,true,68.89,3387,113.93,player-04978,MC,20,36,230.91,66.88,3.22,612.89,18,26
70,277.35,true,75.16,1383,116.07,player-04979,DEL,20,16,257.96,78.15,3.84,651.39,17,27
64,273.94,true,76.61,1284,113.35,player-04980,DEF,20,14,266.38,73.75,4.28,653.67,17,29
660,211.16,true,45.63,8816,119.03,player-04981,POR,27,124,162.95,47.63,3.67,493.14,11,17
,210.57,false,63.25,,114.92,player-04982,DEF,27,,224.73,69.03,3.71,550.22,9,14
655,233.51,true,55.1,8697,114.66,player-04983,DEF,27,123,152.36,46.04,4.85,500.53,9,17
,225.06,false,63.32,,115.75,player-04984,MC,27,,182.39,60.52,2.45,523.2,10,13
604,221.02,true,56.54,8083,118.21,player-04985,MC,27,119,186.42,55.59,4.03,525.65,11,18
616,233.95,true,48.51,8234,115.84,player-04986,DEL,27,120,171.18,49.13,3.47,520.98,10,15
672,222.56,true,59.35,9042,116.07,player-04987,DEF,27,126,136.1,44.81,3.47,474.72,10,15
529,224.84,true,61.08,6914,118.38,player-04988,MC,27,107,209.82,58.52,4.03,553.05,11,18
,220.38,false,65.54,,110.27,player-04989,DEL,27,,182.78,55.92,4.43,513.44,8,14
546,218.65,true,67.33,7174,110.09,player-04990,DEF,27,110,219.97,69.55,4.81,548.71,8,15
123,247.35,true,77,1163,118.53,player-04991,POR,43,29,291.06,79.25,4.88,656.94,20,38
285,278.17,true,64.88,2662,120.3,player-04992,DEF,43,56,227.16,62.74,5.39,625.63,19,36
336,261.83,true,66.31,3191,119.51,player-04993,DEF,43,72,234.85,66.29,4.73,616.19,20,37
551,265.4,true,70.45,5015,118.41,player-04994,MC,43,135,202.49,61.66,5.28,586.29,17,35
198,258.25,true,76.6,1890,118.73,player-04995,MC,43,43,263.66,72.74,4.86,640.64,19,36
574,233.9,true,71.71,5212,115.05,player-04996,DEL,43,139,234.05,69.75,4.63,582.99,18,29
440,244.09,true,68.46,4134,120.19,player-04997,DEF,43,106,236.16,67.2,4.56,600.44,22,36
643,266.93,true,53.09,5898,119.15,player-04998,MC,43,163,185.84,50.12,4.2,571.92,19,32
325,305.76,true,54.53,3103,116.23,player-04999,DEL,43,69,195.55,56.36,5.72,617.54,17,34
480,265.5,true,61.42,4497,119.04,player-05000,DEF,43,119,210.05,57.35,5.74,594.59,20,41
253,266.47,true,62.41,3188,114.17,player-05001,POR,24,15,235.59,67.35,6.58,616.23,12,22
577,242.11,true,65.18,6395,108.72,player-05002,DEF,24,60,211.81,62.81,7.03,562.63,11,22
290,225.06,true,69.58,3487,113.98,player-05003,DEF,24,21,272.28,80.37,6.58,611.33,12,22
636,215.92,true,65.56,7006,114.34,player-05004,MC,24,74,221.45,65.97,7.42,551.72,13,24
717,243.69,true,59.19,7880,112.22,player-05005,MC,24,84,175.5,51.77,7.16,531.41,11,23
610,257.29,true,61.16,6749,114.16,player-05006,DEL,24,67,184.81,53.06,6.58,556.26,12,22
597,247.09,true,58.94,6641,114.64,player-05007,DEF,24,64,196.44,56.8,4.88,558.17,12,19
366,247.91,true,72.19,4333,111.61,player-05008,MC,24,31,237.68,70.42,6.07,597.2,11,17
767,239.88,true,47.52,8473,114.73,player-05009,DEL,24,87,157.14,45.53,7.07,511.75,13,22
444,284.35,true,62.6,5029,114.39,player-05010,DEF,24,43,187.38,56.32,5.8,586.12,11,21
170,249.46,true,62.6,4947,117.57,player-05011,POR,50,93,220.29,67.6,4.43,587.32,20,35
196,267.72,true,68.97,5824,118.15,player-05012,DEF,50,106,187.35,60.13,4.35,573.21,22,38
224,207.24,true,72.08,6559,119.6,player-05013,DEF,50,118,232.71,69.8,4.33,559.55,18,31
20,275.52,true,76.69,826,119.1,player-05014,MC,50,15,272.56,75.32,4.31,667.19,21,36
10,242.71,true,75.04,362,116.51,player-05015,MC,50,8,327.36,99,5.28,686.58,18,37
112,278.64,true,64.7,3119,117.68,player-05016,DEL,50,61,221.01,63.58,4.61,617.33,21,38
160,263.12,true,60.09,4490,117.16,player-05017,DEF,50,90,214.37,62.41,4.2,594.65,19,32
185,252.13,true,72.27,5519,117.74,player-05018,MC,50,102,208.53,62.23,3.14,578.39,21,30
46,253.63,true,81.93,1404,120.08,player-05019,DEL,50,31,276.89,80.27,3.93,650.6,18,29
126,242.6,true,72.51,3572,121.18,player-05020,DEF,50,68,245.86,69.96,4.55,609.64,19,34
704,262.18,true,76.64,2764,121.03,player-05021,POR,11,151,240.01,70.34,1.39,623.23,14,16
110,291.93,true,80.56,318,120.06,player-05022,DEF,11,16,277.3,81.73,2.26,689.29,12,15
,243.86,false,75.19,,117.76,player-05023,DEF,11,,228.53,69.5,1.68,590.15,11,13
,281.19,false,85.96,,118.73,player-05024,MC,11,,286.8,83.99,1.9,686.72,12,14
191,263.94,true,74.82,591,119.46,player-05025,MC,11,36,292.46,90.9,3.24,675.86,12,16
89,240.54,true,97.64,249,121.49,player-05026,DEL,11,12,331.89,97.04,2.61,693.92,14,17
421,237.3,true,98,1513,121.33,player-05027,DEF,11,90,289.44,88.91,2.09,648.07,13,15
,245.01,false,84.54,,117.57,player-05028,MC,11,,236.39,74.94,1.05,598.98,10,11
701,256.16,true,76.06,2753,121.19,player-05029,DEL,11,150,246.16,73.84,2.01,623.5,13,16
324,257.82,true,84.8,1114,122.97,player-05030,DEF,11,69,277.4,79.68,1.81,658.19,15,18
507,169.6,true,79.38,8569,121.16,player-05031,POR,35,381,216.81,67.39,2.14,507.56,20,25
248,210.75,true,69.87,4149,119.85,player-05032,DEF,35,185,269.63,78.68,2.14,600.23,16,20
128,194.02,true,83.83,2097,122.04,player-05033,DEF,35,102,320.57,89.7,1.64,636.63,17,20
143,188.16,true,92.46,2308,120.45,player-05034,MC,35,112,323.65,91.11,2.94,632.26,18,25
333,174.24,true,78.28,5597,119.89,player-05035,MC,35,243,282.88,78.27,2.64,577.01,18,24
307,176.59,true,69.29,5217,119.43,player-05036,DEL,35,225,286.92,82.67,3.06,582.95,17,24
78,195.87,true,96.9,1343,120.94,player-05037,DEF,35,64,335.49,99,1.96,652.31,18,22
360,167.26,true,78.77,6094,121.74,player-05038,MC,35,266,279.25,82.22,2.14,568.24,20,25
337,168.14,true,73.31,5668,122.11,player-05039,DEL,35,247,285.61,79.82,1.57,575.85,18,21
363,201.5,true,77.07,6110,120.98,player-05040,DEF,35,269,245.55,73.97,2.45,568.03,20,26
210,177.44,true,88.82,2637,119.28,player-05041,POR,27,51,329.41,90.55,4.23,626.13,13,22
647,167.76,true,71.19,8617,117.76,player-05042,DEF,27,122,219.21,68.43,4.69,504.73,12,22
328,162.28,true,83.91,4173,120.1,player-05043,DEF,27,77,317.5,88.3,4.43,599.89,12,21
570,168.7,true,70.53,7499,118.24,player-05044,MC,27,113,254.96,79.34,4.14,541.9,12,20
188,172.24,true,96.84,2410,117.9,player-05045,MC,27,46,340.39,98.21,4.92,630.53,12,23
371,170.8,true,82.88,4720,117.4,player-05046,DEL,27,82,302.83,83.17,4.23,591.03,13,22
480,159.72,true,81.4,6225,117.67,player-05047,DEF,27,101,288.5,79.05,2.92,565.88,13,18
667,144.8,true,85.17,8887,112.56,player-05048,MC,27,125,230.76,74.45,4.85,488.12,9,17
491,147.03,true,90.74,6337,113.83,player-05049,DEL,27,103,303.03,94.14,5.64,563.89,9,20
638,149.44,true,77.91,8540,116.72,player-05050,DEF,27,121,242.65,73.05,4.03,508.81,11,18
380,247.59,true,67.46,4857,116.39,player-05051,POR,36,78,225,64.58,1.81,588.98,15,18
45,250.81,true,90.08,561,116.04,player-05052,DEF,36,8,309.96,92.22,2.7,676.81,14,18
,243.93,false,67.04,,112.55,player-05053,DEF,36,,209.84,62.99,3,566.33,10,14
344,233.01,true,71.74,4366,114.93,player-05054,MC,36,63,248.72,68.78,2.49,596.66,13,17
206,229.8,true,81.41,2579,114.36,player-05055,MC,36,31,283.17,80.38,2.51,627.33,13,17
506,243.96,true,68.16,6540,116.33,player-05056,DEL,36,121,199.59,62.11,1.39,559.88,14,16
149,260.99,true,75.08,1851,115.53,player-05057,DEF,36,22,264.86,77.04,2.64,641.38,12,16
321,283.66,true,69.3,3980,112.11,player-05058,MC,36,57,207.65,65.95,2.64,603.42,12,16
263,264.45,true,64.29,3228,111.12,player-05059,DEL,36,39,240.02,73.78,2.81,615.59,11,15
307,236.24,true,78.54,3822,116.2,player-05060,DEF,36,51,253.41,75.87,2.77,605.84,14,19
,248.54,false,68.46,,111.61,player-05061,POR,26,,223.35,69.2,3.71,583.5,9,14
49,269.75,true,76.73,1782,117.78,player-05062,DEF,26,49,255.23,79.87,2.81,642.76,11,15
23,267.52,true,77.51,982,116.2,player-05063,DEF,26,23,278.47,77.77,3.67,662.19,11,17
85,261.98,true,86.01,3507,114.7,player-05064,MC,26,85,234.37,73.2,3.47,611.04,10,15
,249.2,false,85.39,,113.67,player-05065,MC,26,,242.15,77.13,3,605.02,10,14
,281.69,false,68.3,,115.3,player-05066,DEL,26,,241.03,76.67,3,638.02,10,14
108,261.78,true,74.72,4256,117.35,player-05067,DEF,26,108,219.33,69.73,3.47,598.45,12,18
,256.89,false,77,,116.24,player-05068,MC,26,,255.56,79.67,1.57,628.69,12,14
,252.28,false,65.82,,115.69,player-05069,DEL,26,,213.24,62.99,2.28,581.2,11,14
,279.89,false,87.6,,111.29,player-05070,DEF,26,,263.24,93.67,4.98,654.42,8,12
1187,253.66,true,64.09,5313,122.9,player-05071,POR,41,235,204.79,64.21,2.75,581.36,17,23
816,246.73,true,69.75,3336,122.05,player-05072,DEF,41,154,245.08,66.34,4.28,613.86,18,24
420,247.02,true,66.32,1512,123.79,player-05073,DEF,41,76,277.29,82.08,3.69,648.09,18,25
1746,255.82,true,37.88,8277,122.95,player-05074,MC,41,354,141.01,38.94,4.89,519.78,15,21
847,240.85,true,65.1,3484,123.79,player-05075,MC,41,166,246.76,68.25,3.69,611.4,18,25
1512,275.47,true,46.5,6997,124.5,player-05076,DEL,41,308,151.91,46.05,3.9,551.88,15,21
1472,244.65,true,47.12,6785,121.67,player-05077,DEF,41,293,189.34,55.73,3.42,555.66,16,21
897,236.79,true,70.05,3790,119.53,player-05078,MC,41,179,250.04,68.82,4.53,606.36,12,18
1679,236.21,true,55.87,7931,123.48,player-05079,DEL,41,336,170.07,51.4,4.26,529.76,16,24
892,266.94,true,59.24,3755,119.11,player-05080,DEF,41,178,220.82,65.6,3.64,606.87,13,20
118,210.25,true,65.06,6757,116.55,player-05081,POR,31,118,229.35,63.06,3.95,556.15,13,21
127,222.67,true,61.78,7084,115.97,player-05082,DEF,31,127,211.73,61.28,3.08,550.37,12,17
170,202.04,true,57.33,8859,116.69,player-05083,DEF,31,170,171.47,50.85,3.82,490.19,12,19
86,234.65,true,65.98,5259,117.52,player-05084,MC,31,86,230.13,65.94,3.64,582.29,13,20
155,218.18,true,58.56,8393,116.2,player-05085,MC,31,155,180.76,52.96,2.77,515.14,14,19
128,211.44,true,63.91,7122,117.64,player-05086,DEL,31,128,220.67,65.66,3.3,549.75,13,19
107,195.15,true,75.74,6015,118.12,player-05087,DEF,31,107,256.35,73.05,3.14,569.63,14,20
139,218.04,true,52.05,7645,115.16,player-05088,MC,31,139,204.88,55.9,4.23,538.08,13,22
147,225.65,true,57.16,8073,116.69,player-05089,DEL,31,147,183.48,54.9,3.64,525.82,13,20
151,205.09,true,56.79,8274,119.65,player-05090,DEF,31,151,195.16,61.92,3,519.9,15,21
197,251.48,true,67.79,2003,119.31,player-05091,POR,03,79,267.75,78.46,2.25,638.54,15,19
657,254.43,true,49.61,6568,116.94,player-05092,DEF,03,264,188.05,53.79,1.81,559.42,15,18
678,264.47,true,51.32,6786,119.69,player-05093,DEF,03,272,171.51,49.79,1.72,555.66,16,19
739,244.74,true,54.3,7296,117.5,player-05094,MC,03,295,184.07,51.42,2.01,546.31,13,16
742,236.02,true,58.64,7321,114.83,player-05095,MC,03,296,194.94,57.16,2.14,545.79,12,15
718,256.07,true,49.15,7152,117.07,player-05096,DEL,03,290,176.13,49.12,2.77,549.27,14,19
629,234.9,true,51.98,6290,118.3,player-05097,DEF,03,252,211.46,62.29,2.92,564.66,13,18
,288.98,false,58.66,,111.48,player-05098,MC,03,,212.67,63.14,1.68,613.13,11,13
194,269.17,true,65.11,1959,117.21,player-05099,DEL,03,77,253.1,73.39,2.36,639.49,14,18
159,293.76,true,61.29,1666,115.47,player-05100,DEF,03,64,235.87,68.24,2.14,645.11,12,15
417,211.99,true,91.67,5316,118.1,player-05101,POR,15,118,251.2,77.76,7.83,581.28,14,26
91,190.63,true,98,1098,115.99,player-05102,DEF,15,31,351.9,97.55,6.53,658.52,14,27
159,210.91,true,98,2011,117.77,player-05103,DEF,15,56,309.74,99,7.59,638.42,13,27
172,197.32,true,88.23,2236,116.41,player-05104,MC,15,58,319.94,95.09,8.91,633.66,14,23
82,232.89,true,78.77,1022,116.87,player-05105,MC,15,28,311.26,92.3,7.26,661.02,13,25
146,213.64,true,92.04,1793,117.03,player-05106,DEL,15,50,311.75,89.76,9.31,642.43,15,28
20,246.59,true,98,215,116.97,player-05107,DEF,15,6,333.17,99,8.21,696.73,13,26
140,217.5,true,88.34,1706,119.36,player-05108,MC,15,48,307.29,88.23,6.11,644.14,14,25
26,232.16,true,98,286,118.72,player-05109,DEL,15,9,340.37,99,4.31,691.26,14,24
37,216.23,true,95.47,386,116.64,player-05110,DEF,15,14,352.07,99,9.4,684.95,14,26
151,237.84,true,85.37,456,122.1,player-05111,POR,41,23,321.75,88.83,2.06,681.69,21,26
,268.07,false,77.01,,121.69,player-05112,DEF,41,,233.81,74.74,1.62,623.57,23,27
1011,226.39,true,82.8,4424,125.31,player-05113,DEF,41,199,243.88,69.64,1.01,595.58,21,23
1041,236.57,true,56.65,4588,122.89,player-05114,MC,41,206,233.7,67.24,1.81,593.16,25,30
766,240.06,true,74.77,3076,122.15,player-05115,MC,41,143,255.83,73.61,1.68,618.04,22,26
1336,219.44,true,64.95,6095,123.5,player-05116,DEL,41,260,225.3,62.44,1.96,568.24,27,33
807,238.36,true,83.55,3306,125.9,player-05117,DEF,41,152,250.06,73.24,1.96,614.32,18,22
539,231.46,true,79.91,2058,123.5,player-05118,MC,41,102,282.48,80.25,1.93,637.45,23,28
710,252.08,true,74.99,2820,123.42,player-05119,DEL,41,131,246.93,73.14,1.93,622.43,23,28
392,237.64,true,85.02,1401,123.18,player-05120,DEF,41,70,289.82,84.2,1.25,650.63,24,27
130,236.18,true,77.03,2196,121.73,player-05121,POR,02,28,276.52,82.32,2.14,634.43,16,20
37,233.42,true,83.45,650,122.3,player-05122,DEF,02,9,317.64,93.6,2.04,673.36,17,21
69,211.15,true,91.75,1120,118.94,player-05123,DEF,02,17,327.81,94.98,3,657.9,15,21
39,221.65,true,89.96,681,118.5,player-05124,MC,02,10,332.34,95.09,3.33,672.48,13,18
28,250.53,true,84.58,461,121.24,player-05125,MC,02,8,309.66,83.92,2.64,681.44,15,20
315,242.79,true,69.59,5120,120.55,player-05126,DEL,02,75,221.33,66.37,3,584.66,15,21
279,245.2,true,74.44,4468,118.46,player-05127,DEF,02,61,231.33,66.42,2.92,595,13,18
176,240.07,true,84.01,2900,120,player-05128,MC,02,36,261.01,81.27,2.64,621.08,15,20
290,223.15,true,84.9,4555,116.75,player-05129,DEL,02,65,253.81,78.61,3.08,593.71,12,17
14,229.73,true,98,269,122.11,player-05130,DEF,02,3,340.82,97.02,2.04,692.67,17,21
91,269.66,true,81.43,3723,119.97,player-05131,POR,26,91,217.65,65.88,3.47,607.28,16,24
14,248.83,true,85.07,571,115.93,player-05132,DEF,26,14,311.76,85.24,5.14,676.52,11,22
52,295.47,true,68.75,1904,122.09,player-05133,DEF,26,52,222.9,63.85,3.78,640.45,14,22
97,269.31,true,71,3987,121.54,player-05134,MC,26,97,212.43,62.06,3,603.29,15,21
21,302.74,true,68,861,123.39,player-05135,MC,26,21,239.79,66.61,2.41,665.92,17,22
33,268.72,true,80.46,1307,122.63,player-05136,DEL,26,33,261.88,80.14,3.18,653.23,16,23
82,272.08,true,64.52,3356,120.64,player-05137,DEF,26,82,220.73,62.01,3.78,613.44,14,22
84,257.06,true,66.76,3380,119.84,player-05138,MC,26,84,236.16,68.25,3.84,613.06,17,27
1,254.13,true,81.87,129,121.25,player-05139,DEL,26,1,330.64,98.26,3,706.03,15,21
113,258.31,true,65.8,4392,120.3,player-05140,DEF,26,113,217.55,65.08,3.47,596.15,14,21
185,200.5,true,78.87,1757,119.54,player-05141,POR,43,42,323.37,95.71,3.23,643.4,20,26
899,173.05,true,67.6,8358,120.15,player-05142,DEF,43,239,222.89,68.36,3.04,516.09,19,24
397,220.88,true,80.06,3730,118.23,player-05143,DEF,43,93,268.09,74.42,4.6,607.21,19,27
626,223.43,true,59.81,5756,116.66,player-05144,MC,43,157,234.18,70.85,3.74,574.28,16,25
914,184.98,true,53.97,8509,120.91,player-05145,MC,43,242,204.55,56.18,2.64,510.43,18,24
312,232.91,true,67.23,3015,120.27,player-05146,DEL,43,66,265.88,75.29,2.54,619.07,19,25
705,183.37,true,70.04,6459,119.18,player-05147,DEF,43,183,258.86,72.85,4.6,561.41,19,27
782,235.68,true,56.57,7229,120.43,player-05148,MC,43,207,191.48,57.44,3.42,547.59,16,21
662,194.08,true,68.25,6037,120.53,player-05149,DEL,43,168,254.64,73.37,3.05,569.25,21,27
786,167.21,true,79.24,7256,120.41,player-05150,DEF,43,209,259.52,73.59,3.72,547.14,20,28
264,211.72,true,77.08,3236,117.71,player-05151,POR,49,26,286.04,79.29,4.72,615.47,13,24
237,200.47,true,74.32,3107,119.99,player-05152,DEF,49,24,297.03,87.6,5.14,617.49,14,28
126,229.28,true,83.24,1843,114.9,player-05153,DEF,49,10,297.3,82.5,4.9,641.48,11,21
552,212.7,true,67.15,6154,119.18,player-05154,MC,49,54,235.27,65.05,5.5,567.15,13,28
459,209.81,true,71.15,5199,118.87,player-05155,MC,49,45,254.72,72.36,4.31,583.4,14,24
586,219.01,true,66.69,6523,117.91,player-05156,DEL,49,58,223.39,69.21,4.49,560.31,13,23
621,199.46,true,71.17,6875,118.55,player-05157,DEF,49,60,235.84,67.31,4.54,553.85,14,25
718,180.32,true,78.69,7887,117.67,player-05158,MC,49,68,233.14,68.26,4.49,531.13,13,23
422,231.77,true,68.47,4805,115.8,player-05159,DEL,49,41,242.28,67.28,5.14,589.85,12,24
642,201.84,true,66.6,7075,116.73,player-05160,DEF,49,63,232.01,64.81,4.9,550.59,11,21
22,259.86,true,73.35,2024,113.5,player-05161,POR,07,22,264.87,79.88,4.09,638.23,11,15
46,239.52,true,70.23,3690,115.77,player-05162,DEF,07,46,252.47,71.46,3.62,607.76,13,17
,239.8,false,60.5,,112,player-05163,DEF,07,,201.74,60.44,3,553.54,10,14
146,190.77,true,65.87,8512,110.05,player-05164,MC,07,146,209.42,61.55,5.38,510.24,10,17
86,210.57,true,77.53,5572,116.4,player-05165,MC,07,86,250.45,73.44,4.63,577.42,14,22
120,197.35,true,76.33,7143,112.43,player-05166,DEL,07,120,239.65,72.79,3.89,549.43,10,16
,233.37,false,87.11,,112.84,player-05167,DEF,07,,283.01,86.11,2.79,629.22,11,14
99,217.93,true,71.85,6265,114.94,player-05168,MC,07,99,232.35,68.99,4.82,565.23,12,19
,191.97,false,73.52,,108.78,player-05169,DEL,07,,254.61,83.77,2.42,555.36,9,11
77,257.05,true,68.73,5108,116.2,player-05170,DEF,07,77,211.57,63.68,3.62,584.82,13,17
55,208.68,true,95.85,683,116.68,player-05171,POR,27,16,347.01,97.75,3.14,672.37,14,20
429,222.58,true,72.81,5495,115.83,player-05172,DEF,27,96,240.27,67.79,3.74,578.69,16,25
161,194.51,true,92.58,2036,118.01,player-05173,DEF,27,37,325.43,91.45,3,637.95,15,21
588,196.81,true,70.17,7784,117.67,player-05174,MC,27,115,219.92,62.28,2.87,534.4,16,22
85,216.7,true,84.35,1049,119.27,player-05175,MC,27,23,324.1,95.27,2.41,660.07,17,22
425,185.48,true,76.48,5438,115.85,player-05176,DEL,27,93,278.17,75.74,3.99,579.5,16,26
415,205.28,true,78.57,5296,117.17,player-05177,DEF,27,92,259.13,74.67,3.47,581.58,16,24
338,196.56,true,89.6,4324,116.36,player-05178,MC,27,79,284.36,84.72,3.32,597.28,15,22
559,168.62,true,72.32,7350,114.98,player-05179,DEL,27,112,261.55,73.73,3.47,545.15,14,21
332,205.36,true,84.57,4282,116.21,player-05180,DEF,27,78,276.45,79.79,3.47,598.03,14,21
98,252.34,true,60.54,5681,111.27,player-05181,POR,31,98,211.99,59.22,4.26,575.6,10,17
165,221.53,true,52.24,8699,113.56,player-05182,DEF,31,165,165.39,47.34,4.03,500.48,11,18
91,239.86,true,65.77,5496,110.73,player-05183,DEF,31,91,228.09,74.21,5.14,578.69,9,18
163,251.04,true,46.6,8676,113.64,player-05184,MC,31,163,136.84,40.09,3.67,501.52,11,17
,228.51,false,63.52,,116.54,player-05185,MC,31,,115.53,39.06,4.26,460.57,10,17
172,225.17,true,48.87,8945,109.97,player-05186,DEL,31,172,148.05,48.12,4.85,483.19,9,17
158,222.09,true,51.09,8550,114.63,player-05187,DEF,31,158,171.51,49.64,4.03,508.23,11,18
173,225.28,true,42.99,9075,106.16,player-05188,MC,31,173,138.93,46.77,4.81,470.37,8,15
120,241.16,true,50.93,6810,113.47,player-05189,DEL,31,120,200.68,58.8,4.58,555.31,10,18
145,235.51,true,60.92,7858,117.22,player-05190,DEF,31,145,179.52,52.72,4.69,532.25,12,22
207,244.88,true,84.64,655,117.56,player-05191,POR,14,29,310.83,92.43,4.78,673.26,21,34
637,268.95,true,76.4,2446,118.91,player-05192,DEF,14,60,242.02,69.72,5.71,629.88,18,30
36,267.53,true,91.2,109,119.57,player-05193,DEF,14,3,321.15,89.24,4.55,708.26,20,31
1353,218.83,true,64.87,6166,114.32,player-05194,MC,14,132,233.73,71.09,6.12,566.88,17,30
239,285.26,true,85.09,744,120.41,player-05195,MC,14,32,264.43,79.4,5.33,670.1,19,30
64,239.34,true,95.7,174,118.6,player-05196,DEL,14,8,343.62,99,5.35,701.57,20,32
475,275.7,true,74.88,1797,118.87,player-05197,DEF,14,47,247.76,68.02,3.55,642.34,19,26
914,235.12,true,69.34,3884,116.81,player-05198,MC,14,88,252.88,72.41,5.9,604.82,18,31
339,248.92,true,81.83,1152,116.79,player-05199,DEL,14,38,291.48,79.85,4.77,657.19,20,29
482,261.53,true,69.83,1832,116.4,player-05200,DEF,14,49,263.78,73.21,5.33,641.71,20,32
654,265.24,true,50.1,5946,122.19,player-05201,POR,43,165,183.41,53.23,5.32,570.85,23,36
679,254.44,true,54.01,6181,123.51,player-05202,DEF,43,174,188.74,52.77,2.72,566.69,23,31
293,221.61,true,69.24,2827,121.99,player-05203,DEF,43,59,278.77,78.18,5.15,622.37,21,32
763,248.07,true,55.26,7044,123.04,player-05204,MC,43,201,180.03,52.88,4.44,551.14,24,33
487,248.31,true,53.74,4600,124.31,player-05205,MC,43,122,220.37,60.38,4.65,592.99,24,34
546,270.53,true,63.61,4975,122.95,player-05206,DEL,43,132,193.41,54.67,5.22,586.89,24,37
617,255.84,true,51.85,5691,124.51,player-05207,DEF,43,155,195.04,58.93,4.52,575.38,23,32
721,234.1,true,53.39,6557,122.44,player-05208,MC,43,191,203.02,56.31,3.5,559.57,23,28
313,260.08,true,59.47,3019,122.66,player-05209,DEL,43,67,236.26,66.19,4.65,619.01,24,34
621,251.86,true,68.5,5716,124.28,player-05210,DEF,43,156,198.66,58.64,4.74,574.8,23,33
,196.16,false,48.34,,120.47,player-05211,POR,08,,148.84,44.72,2.45,465.47,10,13
902,196.99,true,64.68,8384,120.61,player-05212,DEF,08,397,197.88,60.28,3.89,515.48,10,16
,203.07,false,58.83,,119.89,player-05213,DEF,08,,166.93,50.27,3.71,489.89,9,14
,202.85,false,75.22,,119.81,player-05214,MC,08,,261.09,79.89,3.71,583.76,9,14
918,191.98,true,63.3,8581,119.25,player-05215,MC,08,405,195.95,56.71,4.51,507.17,9,16
601,186.8,true,75.91,5448,121.35,player-05216,DEL,08,273,271.22,77.09,2.81,579.37,11,15
,181.5,false,68.94,,114.91,player-05217,DEF,08,,181.24,58.03,3.71,477.65,9,14
,163.24,false,55.81,,118.21,player-05218,MC,08,,183.45,58.11,3.22,464.9,9,13
,174.67,false,59.87,,120.89,player-05219,DEL,08,,212.49,61.23,3,508.05,10,14
,180.92,false,61.28,,118.87,player-05220,DEF,08,,202.01,63.39,2.64,501.79,9,12
19,255.56,true,88.78,55,121.82,player-05221,POR,41,3,343.95,99,2.87,721.33,16,22
517,225.77,true,87.43,1960,121.63,player-05222,DEF,41,96,292.08,80.83,2.87,639.49,16,22
26,252.74,true,91.27,78,120.28,player-05223,DEF,41,4,342.01,97.96,3.02,715.03,14,19
12,252.77,true,98,39,121.67,player-05224,MC,41,2,352,99,3.14,726.44,14,20
109,237.01,true,89.44,312,121.93,player-05225,MC,41,18,330.84,93.98,3.18,689.78,16,23
79,241.14,true,98,226,122.01,player-05226,DEL,41,12,332.59,96.56,3,695.75,15,21
551,239.91,true,96.83,2105,122.47,player-05227,DEF,41,104,274.1,81.42,2.87,636.48,16,22
44,257.92,true,90.03,127,121.9,player-05228,MC,41,7,326.55,93.13,2.95,706.38,14,19
245,274.46,true,84.35,769,118.14,player-05229,DEL,41,36,276.46,81.01,3.31,669.06,13,19
172,253.38,true,91.94,523,119.42,player-05230,DEF,41,25,306.15,89.8,2.63,678.94,14,18
582,210.22,true,56.2,8486,123.04,player-05231,POR,48,334,177.93,51.06,4.77,511.19,22,29
547,182.84,true,60.61,8113,122.32,player-05232,DEF,48,310,219.62,60.18,3.28,524.79,24,35
643,188.56,true,41.25,9035,123.87,player-05233,DEF,48,366,162.72,44.95,4.38,475.15,24,30
479,204.85,true,68.41,7322,122.57,player-05234,MC,48,273,218.34,67.34,2.95,545.75,23,32
617,199.2,true,48.28,8849,122.92,player-05235,MC,48,354,168.54,48.27,4.41,490.66,26,33
572,202.39,true,47.79,8320,124.61,player-05236,DEL,48,326,190.74,52.4,3.12,517.74,23,30
455,199.17,true,63.73,6996,122.73,player-05237,DEF,48,264,230,62.03,4.04,551.9,25,30
474,200.87,true,67.34,7258,122.2,player-05238,MC,48,272,224.03,64.35,4.43,547.1,26,33
404,235.54,true,54.99,6216,123.4,player-05239,DEL,48,238,207.16,58.26,2.64,566.09,21,28
630,187.16,true,58.13,8968,122.13,player-05240,DEF,48,358,171.77,49.58,4.91,481.06,23,31
95,202.18,true,89.46,2732,116.11,player-05241,POR,50,55,305.8,88.95,6.45,624.09,20,34
127,165.86,true,98,3594,117.39,player-05242,DEF,50,69,326.11,99,5.16,609.36,21,34
154,204.24,true,76.22,4291,118.01,player-05243,DEF,50,85,275.52,82.26,3.71,597.78,18,28
29,192.19,true,98,1089,118.85,player-05244,MC,50,20,347.65,99,6.87,658.7,21,34
30,204.19,true,97.24,1123,113.6,player-05245,MC,50,21,340.08,93.57,5,657.87,17,29
21,203.6,true,94.91,865,118.66,player-05246,DEL,50,16,343.55,99,3.58,665.81,21,32
113,204.3,true,98,3142,120.17,player-05247,DEF,50,62,292.46,87.93,4.86,616.94,20,30
9,207.72,true,98,337,114.53,player-05248,MC,50,7,365.73,99,4.7,687.98,19,31
60,206.48,true,87.99,1908,117.94,player-05249,DEL,50,38,316,89.45,7.12,640.42,21,36
48,214.01,true,98,1429,116.78,player-05250,DEF,50,32,319.18,99,4.07,649.97,17,28
1595,159.09,true,93.64,7501,121.52,player-05251,POR,21,161,261.26,79.46,5.09,541.88,17,30
1147,159.94,true,88.76,5150,119.66,player-05252,DEF,21,117,304.56,84.11,4.78,584.17,19,32
1426,153.3,true,86.37,6589,122.86,player-05253,DEF,21,145,282.97,82.38,4.28,559.12,17,29
987,147.14,true,96.27,4280,121.84,player-05254,MC,21,96,329.05,94.47,4.61,598.04,19,31
463,160.45,true,98,1752,122.75,player-05255,MC,21,47,360.26,97.52,4.69,643.46,18,33
1647,158.01,true,90.49,7777,122.66,player-05256,DEL,21,167,254,80.59,4.96,534.68,20,35
698,191.1,true,98,2742,119.74,player-05257,DEF,21,73,312.97,97.15,5.09,623.81,17,30
1092,161.75,true,81.96,4881,123.32,player-05258,MC,21,111,303.56,81.87,3.71,588.63,18,28
515,169.59,true,98,1945,121.6,player-05259,DEL,21,49,348.58,99,3.84,639.77,17,27
621,175.96,true,94.39,2367,120.8,player-05260,DEF,21,60,334.54,98.66,4.07,631.3,17,28
1,242.99,true,98,552,105.87,player-05261,POR,33,1,328.25,98.61,4.75,677.11,10,15
10,207.54,true,98,1748,104.04,player-05262,DEF,33,10,331.91,99,6.11,643.49,8,15
28,221.27,true,92.04,3518,102.88,player-05263,DEF,33,28,286.74,90.98,5.44,610.88,9,18
36,196.68,true,98,4123,98.63,player-05264,MC,33,36,305.23,95.65,6.08,600.54,8,17
29,208.44,true,98,3571,99.85,player-05265,MC,33,29,301.38,99,6.22,609.67,8,17
60,203.9,true,82.31,5973,98.56,player-05266,DEL,33,60,267.92,78.98,5.14,570.37,8,16
34,220.24,true,87.45,4002,104.9,player-05267,DEF,33,34,277.75,80.68,4.89,602.89,10,19
,226.37,false,98,,99.04,player-05268,MC,33,,309.09,99,6.11,634.5,8,15
,208.56,false,98,,99.28,player-05269,DEL,33,,326.09,99,6.18,633.93,8,16
30,218.34,true,89.97,3639,103.34,player-05270,DEF,33,30,286.86,85.5,4.82,608.54,9,16
2,280.07,true,93.28,6,126.05,player-05271,POR,29,1,342.34,92.67,2.22,748.47,19,24
1124,230.98,true,77.39,5024,125.12,player-05272,DEF,29,244,230.07,68.07,4.91,586.17,17,25
394,219.51,true,79.94,1409,125.53,player-05273,DEF,29,92,305.46,88.25,4.61,650.49,21,31
18,237.89,true,98,54,125.89,player-05274,MC,29,4,357.88,98.82,3.24,721.67,20,29
457,230.6,true,85.45,1725,125.3,player-05275,MC,29,109,287.94,84.84,4.23,643.84,20,27
164,226.9,true,86.95,503,123.41,player-05276,DEL,29,38,329.26,90.09,4.23,679.56,20,27
288,247.92,true,89.36,983,125.62,player-05277,DEF,29,68,288.55,85.99,4.01,662.08,20,26
559,218.83,true,87.5,2139,125.33,player-05278,MC,29,130,291.51,83.35,4.19,635.66,18,27
128,210.67,true,92.97,387,125.15,player-05279,DEL,29,33,349.13,95.78,4.19,684.95,18,27
240,215.3,true,98,747,125.34,player-05280,DEF,29,58,329.28,96.96,3.52,669.92,20,24
235,239.86,true,57.74,5577,118.71,player-05281,POR,28,235,218.77,60.43,2.87,577.34,16,22
182,251.33,true,71.04,4605,117.99,player-05282,DEF,28,182,223.63,68.53,2.52,592.95,16,21
270,275.38,true,56.1,6457,117.79,player-05283,DEF,28,270,168.28,49.44,3.14,561.45,14,20
176,223.43,true,67.38,4404,116.16,player-05284,MC,28,176,256.3,75.71,3.64,595.89,13,20
170,243.32,true,66.28,4232,118.9,player-05285,MC,28,170,236.65,65.8,2.25,598.87,15,19
169,268.15,true,60.3,4207,118.22,player-05286,DEL,28,169,212.88,62.21,2.52,599.25,16,21
148,250.75,true,67.23,3725,117.8,player-05287,DEF,28,148,238.71,67.28,3.47,607.27,14,21
133,258.78,true,67.22,3415,117.06,player-05288,MC,28,133,236.67,67.88,3.14,612.51,14,20
20,254.07,true,83.03,400,118.87,player-05289,DEL,28,20,311.35,84.28,2.87,684.29,16,22
140,254.22,true,57.91,3575,118.6,player-05290,DEF,28,140,236.79,66.31,3,609.62,15,21
758,254.57,true,51.39,6968,121.73,player-05291,POR,08,344,175.91,52.26,3.14,552.21,16,20
889,261.87,true,48.34,8267,122.44,player-05292,DEF,08,391,135.92,39,1.19,520.22,17,19
857,244.1,true,51.92,7988,121.69,player-05293,DEF,08,383,162.39,45.88,2.4,528.18,19,22
449,258.32,true,72.22,4212,116.8,player-05294,MC,08,204,224.03,68.15,4.09,599.15,11,15
687,252.15,true,50.94,6283,120.97,player-05295,MC,08,313,191.67,56.92,0.76,564.79,15,16
430,269.88,true,56.36,4059,121.68,player-05296,DEL,08,193,210.33,60.43,2.68,601.89,14,16
445,253.23,true,58.21,4184,122.53,player-05297,DEF,08,202,223.89,63.88,2.78,599.65,16,19
649,271.33,true,51.79,5927,123.39,player-05298,MC,08,294,176.58,53.92,0.14,571.3,17,17
571,248,true,63.92,5179,119.61,player-05299,DEL,08,260,216.06,60.07,2.87,583.66,15,18
444,256.5,true,52.76,4183,120.55,player-05300,DEF,08,201,222.62,63.99,1.81,599.67,15,18
394,184.72,true,71.16,4992,116.01,player-05301,POR,32,110,285.81,88.48,5.64,586.54,11,20
485,193.48,true,66.92,6255,118.11,player-05302,DEF,32,134,253.77,70.01,4.14,565.37,12,20
523,190.33,true,84.89,6733,117.37,player-05303,DEF,32,144,248.76,80.92,4.36,556.46,11,19
666,178.04,true,65.29,8860,114.05,player-05304,MC,32,180,198.11,61.51,5.71,490.19,10,18
479,191.54,true,83.43,6217,114.97,player-05305,MC,32,133,259.57,78.51,5.38,566.08,10,17
643,211.88,true,62.78,8579,116.5,player-05306,DEL,32,177,178.81,52.95,5.15,507.18,11,18
,194.45,false,59.07,,111.68,player-05307,DEF,32,,172.53,52.28,4.72,478.66,9,13
549,167.73,true,81.12,7199,114.38,player-05308,MC,32,154,266.15,81.8,4.33,548.26,10,17
561,190.46,true,68.32,7365,114.89,player-05309,DEL,32,157,239.5,72.3,5.64,544.85,10,18
664,185.22,true,60.96,8853,110.94,player-05310,DEF,32,179,194.26,59.64,5.71,490.43,9,16
135,171.12,true,71.46,6889,121.16,player-05311,POR,10,79,261.32,74.82,5.52,553.6,12,26
167,225.86,true,46.28,8247,122.29,player-05312,DEF,10,92,172.56,46.71,5.14,520.71,14,28
114,221.43,true,67.3,6107,118.57,player-05313,DEF,10,71,228.07,65.35,5.31,568.06,14,29
170,203.41,true,67.25,8377,117.42,player-05314,MC,10,94,194.82,58.33,5.56,515.66,11,24
86,192.96,true,80.2,4485,122.18,player-05315,MC,10,53,279.58,80.76,4.31,594.73,14,24
132,215.77,true,71.13,6822,118.87,player-05316,DEL,10,77,220.45,64.49,5.14,555.08,13,26
146,193.02,true,68.56,7483,121.23,player-05317,DEF,10,85,227.89,70.54,4.49,542.14,13,23
169,207.35,true,53.71,8322,120.39,player-05318,MC,10,93,189.94,52.88,4.76,517.67,14,26
149,202.82,true,73.57,7512,120.88,player-05319,DEL,10,86,217.89,63.37,5.5,541.59,13,28
82,218.12,true,69.76,4308,119.39,player-05320,DEF,10,51,260.01,73.49,5.14,597.52,12,24
479,242.46,true,61.12,4479,122,player-05321,POR,25,54,230.33,62.57,4.03,594.79,22,36
686,243.39,true,57.3,6281,122.19,player-05322,DEF,25,79,199.28,55.07,4.19,564.85,22,37
249,249.62,true,70.07,2324,121.44,player-05323,DEF,25,30,260.95,77.05,4.31,632.02,21,36
278,246.27,true,68.6,2572,120.57,player-05324,MC,25,36,260.57,75.54,4.81,627.41,16,30
530,257.22,true,55.77,4885,122.89,player-05325,MC,25,62,208.43,57.85,4.71,588.54,19,35
837,257.03,true,45.2,7808,122.23,player-05326,DEL,25,91,154.6,44.29,3.58,533.86,21,32
417,239.71,true,63.49,3940,123.12,player-05327,DEF,25,49,241.14,70.22,3.57,603.97,23,35
757,253.06,true,49.8,6964,119.72,player-05328,MC,25,83,179.52,50.58,3.89,552.3,20,32
824,222.94,true,64.28,7647,120.26,player-05329,DEL,25,87,194.86,56.54,3.78,538.06,21,33
699,243.82,true,57.6,6412,118.6,player-05330,DEF,25,80,199.87,56.47,4.01,562.28,19,31
253,225.91,true,82.67,2342,120.55,player-05331,POR,43,51,285.33,78.68,3.59,631.79,15,20
582,234.6,true,70.46,5264,117.83,player-05332,DEF,43,143,229.76,70.44,3.64,582.18,13,20
636,203.31,true,68.02,5849,117.21,player-05333,DEF,43,159,252.27,71.03,4.87,572.79,14,23
181,217.04,true,83.53,1740,119.78,player-05334,MC,43,41,306.84,83.38,3.62,643.66,15,23
728,216.04,true,65.32,6584,117.92,player-05335,MC,43,194,225.23,62.13,4.32,559.2,17,26
541,201.58,true,80.65,4944,117.01,player-05336,DEL,43,131,268.82,78.5,4.49,587.41,16,25
78,279.16,true,66.29,721,119.99,player-05337,DEF,43,17,271.8,79.68,2.31,670.95,18,23
238,217.29,true,76.8,2204,118.14,player-05338,MC,43,49,298.81,91.16,3.69,634.24,18,25
360,222.21,true,71.57,3442,118.33,player-05339,DEL,43,79,271.65,78.24,4.44,612.18,15,23
569,232.51,true,71.47,5166,118.99,player-05340,DEF,43,138,232.49,65.57,2.64,583.99,15,20
,235.62,false,67.09,,113.34,player-05341,POR,35,,224.48,75.15,0.97,573.44,11,12
,203.49,false,96.42,,116.14,player-05342,DEF,35,,273.88,87.02,1.58,593.5,12,13
,192.04,false,80.03,,114.35,player-05343,DEF,35,,261.05,78.21,1.05,567.44,10,11
,181.18,false,85.83,,110.93,player-05344,MC,35,,248.31,77.78,0.14,540.41,9,9
,236.22,false,97.49,,108.65,player-05345,MC,35,,312.5,99,3.75,657.38,9,10
,183.51,false,84.75,,114.95,player-05346,DEL,35,,226.51,73.75,0.14,524.96,11,11
,209.86,false,88.9,,115.07,player-05347,DEF,35,,300.66,89.91,2.06,625.6,11,12
,196.31,false,88.84,,111.64,player-05348,MC,35,,290.45,99,2.49,598.41,11,11
,205.6,false,82.83,,114.09,player-05349,DEL,35,,219.4,70.95,0.97,539.09,11,12
,233.62,false,85.22,,112.24,player-05350,DEF,35,,281.4,84.01,1.41,627.26,11,12
2,262.9,true,94.12,22,122.45,player-05351,POR,17,2,347.44,95.62,4.91,732.79,18,27
10,272.33,true,98,62,123.32,player-05352,DEF,17,5,322.98,93.56,5.27,718.62,18,29
4,258.7,true,89.87,24,121.17,player-05353,DEF,17,4,351.47,98.5,3.1,731.34,19,27
1,301.85,true,89.56,3,123.49,player-05354,MC,17,1,324.97,91.66,3.29,750.3,19,25
159,256.78,true,85.45,1606,122.07,player-05355,MC,17,26,267.45,77.04,3.35,646.3,19,28
17,264.67,true,98,155,121.53,player-05356,DEL,17,7,317.15,89.49,5.49,703.36,16,26
3,259.67,true,98,23,121.59,player-05357,DEF,17,3,351.31,99,4.78,732.57,18,30
190,254.13,true,97.96,1800,121.42,player-05358,MC,17,30,266.71,78.15,4.81,642.26,20,30
23,240.13,true,98,221,121.02,player-05359,DEL,17,8,335.04,94.3,3.78,696.19,21,30
13,267.62,true,96.56,86,122.16,player-05360,DEF,17,6,323.32,96.1,4.74,713.1,19,28
517,233.61,true,59.47,5781,119.9,player-05361,POR,09,46,220.32,59.42,3.14,573.82,14,20
777,242.05,true,56.76,8568,109.34,player-05362,DEF,09,78,156.19,47.57,3.67,507.58,11,17
370,243.5,true,72.97,4380,118.78,player-05363,DEF,09,29,234.03,69.39,2.36,596.31,14,18
534,228.9,true,73.6,5988,119.64,player-05364,MC,09,49,221.52,65.47,3,570.06,15,21
518,221,true,67.26,5783,114.08,player-05365,MC,09,47,238.71,65.7,3.47,573.79,12,18
647,245.44,true,52.41,7129,118,player-05366,DEL,09,58,186.13,52.39,3.89,549.57,15,24
623,256.73,true,49.1,6896,115.91,player-05367,DEF,09,54,180.73,51.08,3.47,553.36,14,21
488,235.59,true,67.08,5533,113.51,player-05368,MC,09,43,229.08,70.26,4.43,578.19,12,21
497,251.27,true,58.82,5620,116.05,player-05369,DEL,09,44,209.19,63.14,3.95,576.52,13,21
558,245.13,true,60.19,6208,112.43,player-05370,DEF,09,51,208.73,63.4,2.64,566.28,12,16
,223.69,true,54.3,7523,124.64,player-05371,POR,51,76,193.06,55.55,2.87,541.39,16,22
,238.51,true,64.08,4594,123.1,player-05372,DEF,51,48,231.47,64.37,4.37,593.08,15,26
,222.23,true,44.4,7708,123.81,player-05373,DEF,51,82,190.21,56.07,3.62,536.25,15,23
,233.92,true,68.44,2949,123.82,player-05374,MC,51,36,262.4,72.24,3.89,620.14,15,24
,215.1,true,51.33,8966,123.92,player-05375,MC,51,94,142.14,41.14,4.31,481.16,14,24
,203.84,true,62.08,8233,119.23,player-05376,DEL,51,89,198.01,57.28,3.08,521.07,12,17
,215.97,true,53.19,7749,122.06,player-05377,DEF,51,84,197.28,55.4,4.54,535.3,14,25
,212.16,true,78,3598,120.92,player-05378,MC,51,42,276.2,75.68,2.92,609.27,13,18
,263.46,true,60.26,5037,118.18,player-05379,DEL,51,52,204.4,60.56,3.26,586.05,11,16
,220.98,true,54.4,7906,123.4,player-05380,DEF,51,86,186.12,53.93,3.78,530.5,14,22
1196,219.46,true,69.03,5355,120.91,player-05381,POR,29,261,240.38,72,3.17,580.75,27,36
232,242.68,true,85.49,729,121.63,player-05382,DEF,29,56,306.4,86.41,3.24,670.71,24,32
223,232.44,true,89.96,703,120.96,player-05383,DEF,29,51,318.13,85.99,2.87,671.54,24,33
873,197.47,true,74.63,3599,123.26,player-05384,MC,29,195,288.55,79.2,2.49,609.27,26,34
581,220.29,true,80.05,2207,121.2,player-05385,MC,29,139,292.7,78.94,3.34,634.19,23,31
884,232.63,true,72.48,3713,120.45,player-05386,DEL,29,198,254.4,72.97,2.43,607.49,27,35
446,221.31,true,85.32,1667,121.25,player-05387,DEF,29,106,302.5,87.32,2.76,645.06,27,34
828,207.8,true,90.41,3406,119.12,player-05388,MC,29,187,285.72,88.93,3.43,612.64,24,33
697,231.62,true,78.99,2736,123.21,player-05389,DEL,29,161,269.13,77.14,1.99,623.96,22,27
344,198.47,true,89.07,1175,122.77,player-05390,DEF,29,80,335.41,90.46,2.56,656.65,25,33
498,213.62,true,71.64,5644,117.11,player-05391,POR,24,47,245.53,70.03,4.51,576.26,18,32
449,211.25,true,67.09,5057,116.26,player-05392,DEF,24,44,258.12,69.87,3.71,585.63,18,28
823,213.21,true,40.47,9002,115.39,player-05393,DEF,24,95,148.76,41.87,4.66,477.36,17,31
799,199.32,true,55.01,8787,117.5,player-05394,MC,24,92,178.16,52.61,4.21,494.98,16,27
764,202.64,true,62.83,8457,116.81,player-05395,MC,24,86,193,56.19,4.66,512.44,17,31
583,233.36,true,58.79,6487,116.76,player-05396,DEL,24,61,210.8,59.76,4.2,560.91,19,32
802,229.97,true,57.22,8817,117.67,player-05397,DEF,24,93,145.49,44.19,3.84,493.13,17,27
588,221.67,true,59.59,6554,117.92,player-05398,MC,24,62,220.02,62.77,4.14,559.61,15,25
,229.36,false,68.73,,117.87,player-05399,DEL,24,,201.51,65.98,3.99,548.74,16,26
573,231.8,true,62.09,6333,116.25,player-05400,DEF,24,58,215.86,61.11,5.14,563.91,15,30
518,244.69,true,57.2,5249,126.06,player-05401,POR,46,197,211.71,58.65,2.75,582.46,17,23
177,269.48,true,72.15,1794,123.49,player-05402,DEF,46,71,249.43,70.37,0.14,642.4,16,16
,222.52,false,76.87,,125.2,player-05403,DEF,46,,237.61,76.64,2.94,585.32,17,21
152,259.41,true,69.81,1561,123.85,player-05404,MC,46,61,264.12,71.84,3,647.38,15,21
671,258.21,true,55.15,6705,124.12,player-05405,MC,46,260,174.6,53.68,2.04,556.93,17,21
451,269.72,true,51.9,4523,123.34,player-05406,DEL,46,171,201.2,54.72,3.72,594.26,18,25
270,257.8,true,70.62,2807,123.24,player-05407,DEF,46,108,241.57,72.74,2.52,622.61,16,21
58,278.94,true,72.06,649,125.34,player-05408,MC,46,32,269.19,72.71,3.42,673.47,16,21
,258.25,false,61,,122.97,player-05409,DEL,46,,151.97,49.26,0.85,533.2,13,14
466,289.17,true,59.8,4666,123.7,player-05410,DEF,46,177,179.06,52.96,3.77,591.93,14,19
108,216.22,true,86.6,2987,111.83,player-05411,POR,44,29,291.61,82.55,8.33,619.65,10,23
106,210.67,true,96.82,2866,112.19,player-05412,DEF,44,28,298.92,87.84,9.41,621.77,10,24
215,198.3,true,72.08,6320,115.04,player-05413,DEF,44,60,250.9,69.63,9.07,564.24,11,27
153,217.27,true,74.18,4262,113.95,player-05414,MC,44,40,267.16,74.44,6.72,598.39,12,25
239,208.11,true,70.95,6842,115.3,player-05415,MC,44,69,231.31,68.2,8.77,554.72,12,29
300,183.52,true,68.74,8465,115.87,player-05416,DEL,44,92,212.75,62.18,7.86,512.13,13,25
125,241.42,true,72.39,3538,117.25,player-05417,DEF,44,35,251.74,69.13,8.47,610.41,12,26
51,216.3,true,82.32,1567,112.36,player-05418,MC,44,11,318.63,89.28,7.87,647.3,11,24
214,207.78,true,73.39,6291,111.42,player-05419,DEL,44,59,245.46,77.05,7.44,564.65,9,20
280,185.47,true,71.25,7974,114.36,player-05420,DEF,44,85,228.68,68.54,6.22,528.51,10,18
615,198.21,true,65.84,6816,113.6,player-05421,POR,24,68,243.44,73.51,3.62,555.25,15,23
162,195.81,true,96.47,2216,111.8,player-05422,DEF,24,10,326.43,94.95,5.14,634.04,13,26
550,192.66,true,69.97,6148,115,player-05423,DEF,24,54,259.59,74.33,4.23,567.25,13,22
499,197.97,true,73.97,5661,111.42,player-05424,MC,24,48,266.55,73.35,4.72,575.93,13,24
690,197.86,true,65.36,7589,113.56,player-05425,MC,24,79,228.44,69.87,4.49,539.87,13,23
341,192.42,true,77.83,3992,111.02,player-05426,DEL,24,27,299.54,86.63,5.14,602.98,13,26
538,204.51,true,86.01,6066,112.74,player-05427,DEF,24,53,251.54,74.57,4.76,568.79,14,26
525,225.57,true,69.48,5842,112.09,player-05428,MC,24,51,235.22,66.65,4.92,572.88,12,23
,175.27,false,74.13,,110.83,player-05429,DEL,24,,192.46,63.75,5.36,478.56,11,23
,197.01,false,75.11,,114.63,player-05430,DEF,24,,248.22,80.41,4.94,559.86,13,25
417,221.52,true,61.27,7014,119.04,player-05431,POR,35,311,211.07,66.62,1.39,551.63,14,16
166,249.58,true,65.22,2815,120.73,player-05432,DEF,35,128,252.2,74.33,1.32,622.5,15,17
446,234.3,true,51.31,7565,119,player-05433,DEF,35,333,187.16,59.62,2.52,540.47,16,21
170,262.04,true,59.66,2930,121.49,player-05434,MC,35,131,236.86,67.36,2.19,620.38,17,19
84,239.94,true,79.86,1436,121.46,player-05435,MC,35,69,288.34,78.05,2.47,649.73,18,21
312,232.16,true,72.08,5254,120.98,player-05436,DEL,35,229,229.2,68.01,3.09,582.33,16,20
515,263.39,true,49.97,8738,120.97,player-05437,DEF,35,389,113.98,33.59,3.25,498.34,15,19
277,239.52,true,72.83,4550,119.31,player-05438,MC,35,204,235,69.2,2.7,593.82,19,23
342,256.27,true,55.53,5772,116.82,player-05439,DEL,35,252,200.8,56.28,1.81,573.9,15,18
227,265.05,true,61.85,3767,117.51,player-05440,DEF,35,173,224.12,65.43,1.81,606.69,15,18
912,267.56,true,60.17,3874,114.37,player-05441,POR,18,66,223.03,70.25,2.64,604.97,12,16
1299,252.61,true,62.87,5908,115.37,player-05442,DEF,18,97,203.66,59.32,2.64,571.64,12,16
1390,237.6,true,65.01,6388,117.8,player-05443,DEF,18,105,207.43,63.1,2.25,562.83,15,19
1371,225.36,true,67.6,6272,113.61,player-05444,MC,18,103,226.13,71.23,2.49,565.09,13,17
1387,245.14,true,61.75,6355,120.7,player-05445,MC,18,104,197.54,56.08,2.25,563.38,15,19
1397,234.33,true,58.72,6439,119.17,player-05446,DEL,18,106,208.31,58.97,1.81,561.82,15,18
1334,247.74,true,63.22,6085,119.51,player-05447,DEF,18,100,201.19,57.1,2.52,568.43,16,21
1330,225.04,true,71.14,6071,118.93,player-05448,MC,18,98,224.72,68.56,2.14,568.69,16,20
852,260.4,true,64.89,3514,114.68,player-05449,DEL,18,61,235.85,72.37,2.64,610.93,12,16
1295,235.56,true,68.84,5876,120.53,player-05450,DEF,18,96,216.22,65.58,1.25,572.31,16,18
567,219.26,true,60.64,8303,115.42,player-05451,POR,48,322,183.76,54.42,1.81,518.43,15,18
388,210.31,true,66.41,5984,117.94,player-05452,DEF,48,230,241.85,73.87,0.76,570.1,15,16
114,260.09,true,79,2084,118.26,player-05453,DEF,48,74,258.52,78.33,1.32,636.87,15,17
,217.67,false,76.47,,116.36,player-05454,MC,48,,242.93,76.45,1.57,576.96,12,14
283,232.83,true,58.42,4708,119.73,player-05455,MC,48,173,238.73,66.89,0.7,591.28,17,18
,261.4,false,60.46,,115.46,player-05456,DEL,48,,207.38,59.32,0.85,584.24,13,14
121,243.58,true,74.37,2243,117.54,player-05457,DEF,48,78,272.4,87.69,1.46,633.52,16,18
,211.68,false,57.97,,112.43,player-05458,MC,48,,166.83,52.08,1.57,490.94,12,14
411,231.71,true,67.95,6295,114.13,player-05459,DEL,48,242,218.76,67.39,2.01,564.6,13,16
446,254.7,true,60.27,6907,118.24,player-05460,DEF,48,262,180.2,55.72,0.81,553.14,14,15
175,213.17,true,50.88,8323,120.55,player-05461,POR,26,175,183.93,50.29,5.25,517.65,18,33
201,169.68,true,48.26,9148,116.26,player-05462,DEF,26,201,171.19,47.72,6.11,457.13,16,35
183,201.05,true,54.98,8522,113.18,player-05463,DEF,26,183,195.67,53.98,5.69,509.9,17,34
130,240.31,true,70.96,5342,120.76,player-05464,MC,26,130,219.87,66.24,5.41,580.94,17,32
144,231.41,true,63.6,6449,117.76,player-05465,MC,26,144,212.52,61.62,4.21,561.68,16,27
137,230.31,true,67.8,5866,117.97,player-05466,DEL,26,137,224.16,63.31,5.12,572.44,17,30
178,235.41,true,51.92,8399,118.65,player-05467,DEF,26,178,160.97,50.47,5.28,515.03,17,31
190,208.28,true,50.26,8804,118.65,player-05468,MC,26,190,167.05,47.77,4.66,493.99,17,31
167,204.94,true,55.57,7750,116.04,player-05469,DEL,26,167,214.25,66.04,5.14,535.24,14,28
189,189.43,true,53.32,8747,117.08,player-05470,DEF,26,189,191.18,56,4.07,497.7,17,28
820,203.38,true,64.02,8176,121.68,player-05471,POR,03,327,197.54,57.36,4.11,522.61,23,35
728,212.98,true,64.27,7218,123.97,player-05472,DEF,03,292,210.96,62.49,6.7,547.9,25,35
909,213.36,true,59.82,9161,124,player-05473,DEF,03,363,116.61,35.97,3.97,453.97,24,31
538,197.51,true,70.01,5404,121.73,player-05474,MC,03,223,260.72,74.47,5.86,579.96,23,31
714,198.55,true,60.71,7115,121.99,player-05475,MC,03,288,229.37,61.86,5.22,549.9,25,31
787,220.15,true,59.01,7786,122.73,player-05476,DEL,03,314,191.47,54.61,4.71,534.35,21,30
896,205.93,true,47.65,9023,121.57,player-05477,DEF,03,359,148.76,43.29,6.59,476.26,24,33
881,180.08,true,62.73,8879,121.89,player-05478,MC,03,352,186.65,53.12,7.11,488.62,24,31
696,195.59,true,57.74,6905,123.57,player-05479,DEL,03,280,234.01,68.31,6.29,553.17,25,33
648,212.01,true,55.36,6509,124.91,player-05480,DEF,03,259,223.58,60.3,3.66,560.5,22,25
372,250.46,true,72.47,3781,118.58,player-05481,POR,12,78,237.49,70.16,3.14,606.52,14,20
789,241.66,true,53.43,7804,110.25,player-05482,DEF,12,166,182.02,58.37,4.85,533.92,9,17
510,263.78,true,52.26,5127,116.9,player-05483,DEF,12,103,203.84,62.48,2.92,584.52,13,18
735,241.28,true,52.91,7268,117.56,player-05484,MC,12,155,188.02,52.62,2.77,546.87,14,19
432,241.67,true,61.78,4292,117.62,player-05485,MC,12,90,238.5,73.31,2.49,597.78,13,17
353,240.15,true,65.08,3642,116.21,player-05486,DEL,12,73,252.09,69.54,3.3,608.44,13,19
703,236.45,true,57.3,6992,114.01,player-05487,DEF,12,147,201.48,58.4,3.67,551.93,11,17
660,278.17,true,47.98,6580,115.68,player-05488,MC,12,140,165.39,49.55,3.67,559.24,11,17
305,278.9,true,56.36,3130,114.13,player-05489,DEL,12,60,224.15,69.04,3.67,617.17,11,17
,256.49,false,55.2,,110.64,player-05490,DEF,12,,164.04,50.97,3.22,531.18,9,13
639,200.45,true,89.81,2449,121.65,player-05491,POR,11,138,307.74,85.36,1.14,629.84,18,20
651,199.43,true,79.13,2496,120.56,player-05492,DEF,11,141,308.86,83.3,3.27,628.85,17,22
1081,159.74,true,79.7,4832,121.96,player-05493,DEF,11,218,307.71,97.57,1.88,589.41,19,23
1838,170.96,true,67.92,8805,123.59,player-05494,MC,11,370,199.34,58.47,1.09,493.88,19,21
1201,188.05,true,73.26,5393,122.31,player-05495,MC,11,244,269.75,75.11,3.13,580.1,18,23
739,194.95,true,84.39,2956,119.58,player-05496,DEL,11,161,305.49,85.96,1.97,620.03,15,18
1250,169.78,true,83.03,5655,122.82,player-05497,DEF,11,253,283.47,81.4,2.59,576.07,20,24
1787,177.18,true,75.37,8492,122.59,player-05498,MC,11,358,211.24,67.31,2.4,511.01,19,22
1441,183.65,true,77.34,6661,121.64,player-05499,DEL,11,295,252.36,74.17,2.74,557.64,19,23
1658,192.3,true,73.4,7818,120.76,player-05500,DEF,11,328,220.45,69.14,2.86,533.5,18,22
538,180.67,true,47.31,9201,117.24,player-05501,POR,35,404,144.79,40.5,1.81,442.7,20,24
364,180.67,true,74.1,6122,116.81,player-05502,DEF,35,270,270.26,83.26,2.54,567.74,19,25
319,211.6,true,71.26,5350,115.83,player-05503,DEF,35,235,253.37,73.61,3.22,580.8,18,26
438,196.96,true,64.51,7383,117.34,player-05504,MC,35,326,230.15,68.36,2.94,544.45,18,25
483,177.6,true,71.29,8170,117.3,player-05505,MC,35,364,228.03,70.04,2.64,522.92,15,20
526,198.42,true,56.91,9021,117.2,player-05506,DEL,35,396,160.75,49.46,2.22,476.37,19,24
463,193.14,true,61.94,7800,116.72,player-05507,DEF,35,344,224.09,60.66,2.64,533.95,18,24
,215.92,false,75.69,,118.08,player-05508,MC,35,,220.29,72.71,2.14,554.3,16,20
371,205.03,true,75.72,6222,117.27,player-05509,DEL,35,276,243.72,68.81,2.87,566.01,16,22
536,180.5,true,47.78,9164,117.05,player-05510,DEF,35,402,156.02,44.78,1.72,453.57,16,19
46,248.78,true,97.51,1015,107.25,player-05511,POR,20,12,305.18,90.81,3.77,661.21,12,18
356,246.6,true,78.05,5571,108.69,player-05512,DEF,20,79,222.14,67.14,3.26,577.43,11,16
6,264.92,true,89.34,272,108.41,player-05513,DEF,20,2,319.01,87.69,3.93,692.34,12,19
402,239.29,true,71.78,6196,107.06,player-05514,MC,20,93,220.18,65.49,3.47,566.53,12,18
23,259.32,true,90.53,606,106.06,player-05515,MC,20,8,309.89,88.19,4.25,675.28,11,18
11,250.73,true,88.57,330,110.4,player-05516,DEL,20,4,327.37,90.49,3.44,688.5,13,19
,278.97,false,98,,109,player-05517,DEF,20,,314.08,99,3.14,702.05,12,14
22,247.39,true,83.33,548,108.43,player-05518,MC,20,7,321.39,98.02,4.07,677.21,12,19
,228.94,false,98,,106,player-05519,DEL,20,,292.15,89.56,3.07,627.09,11,14
,231.94,false,95.24,,102.23,player-05520,DEF,20,,258.11,80.64,4.18,592.28,9,15
374,239.9,true,67.31,4407,112.06,player-05521,POR,40,34,243.92,74.51,6.37,595.87,11,24
368,252.94,true,71.69,4357,113.68,player-05522,DEF,40,33,230.19,67.58,6.28,596.81,10,21
384,249.61,true,70.47,4455,113.31,player-05523,DEF,40,35,232.22,69.01,6.61,595.15,10,23
685,212.35,true,56.3,7521,109.87,player-05524,MC,40,61,219.2,63.56,5.64,541.42,9,20
779,239.52,true,52.58,8578,107.05,player-05525,MC,40,79,160.61,48.31,6.44,507.19,10,27
772,215.12,true,60.72,8529,107.79,player-05526,DEL,40,77,186.3,54.9,7.08,509.21,9,23
745,228.67,true,52.59,8213,110.04,player-05527,DEF,40,70,182.71,52.33,6.79,521.42,10,24
651,246.76,true,63.97,7168,111.14,player-05528,MC,40,53,190.96,60.76,7.01,548.87,10,26
,225.15,false,64.05,,113.41,player-05529,DEL,40,,208.52,62.8,5.85,547.08,9,21
535,256.2,true,64.09,5989,108.53,player-05530,DEF,40,45,205.31,61.79,7.17,570.04,9,24
185,221.06,true,78.61,2385,122.83,player-05531,POR,32,55,287.09,80.17,4.14,630.99,18,30
234,239.1,true,72.31,2838,122.11,player-05532,DEF,32,68,260.97,72.71,3.89,622.19,15,24
365,232.27,true,78.04,4647,123.21,player-05533,DEF,32,105,236.92,72.18,3.47,592.4,18,27
64,219.69,true,87.18,807,122.67,player-05534,MC,32,13,325.6,89.53,3.99,667.96,16,26
157,247.7,true,81.58,2002,121.43,player-05535,MC,32,45,269.42,78.81,3.18,638.55,16,23
147,246.78,true,76.01,1822,122.02,player-05536,DEL,32,40,273.08,76.21,4.14,641.88,15,25
141,257.69,true,82.75,1708,120.32,player-05537,DEF,32,38,266.11,78.29,3.18,644.12,16,23
237,253,true,70.88,2886,120.54,player-05538,MC,32,69,247.88,72.67,3.6,621.42,17,26
252,260.47,true,77.26,3040,119.69,player-05539,DEL,32,74,238.45,69.54,4.23,618.61,13,22
56,224.88,true,97.62,694,120.09,player-05540,DEF,32,11,326.92,99,4.78,671.89,15,28
1333,177.43,true,84.21,6081,126.2,player-05541,POR,11,272,264.85,76.96,1.57,568.48,18,21
404,190.63,true,98,1449,125.56,player-05542,DEF,11,85,333.32,99,2.59,649.51,20,24
359,177.03,true,98,1261,124.52,player-05543,DEF,11,72,352.73,97.65,2.63,654.28,14,17
545,201.38,true,98,2079,128.04,player-05544,MC,11,119,307.63,91.87,2.31,637.05,18,23
727,185.6,true,84.02,2901,126.98,player-05545,MC,11,157,308.47,85.38,2.89,621.05,20,25
118,225.4,true,98,343,124.64,player-05546,DEL,11,19,337.65,99,3.57,687.69,17,23
512,200.24,true,98,1937,127.31,player-05547,DEF,11,112,312.47,93.99,1.74,640.02,21,25
667,203.14,true,98,2566,125.08,player-05548,MC,11,144,299.33,91.44,3.5,627.54,14,17
842,205.92,true,95.41,3450,125.96,player-05549,DEL,11,180,280.12,80.81,3.42,612.01,18,24
444,199.73,true,98,1655,124.79,player-05550,DEF,11,93,320.83,91.52,2.89,645.35,20,25
1,286.24,true,96.96,1,120.56,player-05551,POR,28,1,346.39,94.53,2.81,753.19,22,30
46,271.69,true,90.95,885,120.08,player-05552,DEF,28,46,273.52,80.52,3.47,665.3,20,30
2,274.06,true,90.08,17,121,player-05553,DEF,28,2,339.89,97.18,3.08,734.94,24,34
93,251.07,true,81.16,2321,119.73,player-05554,MC,28,93,261.27,79.62,2.54,632.08,19,25
4,265.9,true,92.24,30,121,player-05555,MC,28,4,341.68,92.15,3.14,728.58,21,30
37,275.36,true,82.43,718,119.95,player-05556,DEL,28,37,275.74,80.92,3.04,671.05,22,31
8,295.26,true,75.37,120,118.7,player-05557,DEF,28,8,293.09,87.36,3.81,707.05,19,30
13,294.12,true,90.84,222,119.61,player-05558,MC,28,13,282.24,81.06,3.14,695.97,21,30
3,277.65,true,98,18,121.6,player-05559,DEL,28,3,335.47,96.72,3.14,734.72,21,30
80,275.27,true,72.05,2009,121.37,player-05560,DEF,28,80,241.83,70.83,3.14,638.47,21,30
131,221.45,true,76.37,6796,117.08,player-05561,POR,10,76,216.98,66.55,3.67,555.51,11,17
109,232.5,true,69.66,5894,120.39,player-05562,DEF,10,67,219.12,69.58,3.64,572.01,13,20
16,266.86,true,80.45,1044,118.83,player-05563,DEF,10,11,274.5,82.46,3.4,660.18,11,16
19,240.26,true,93.45,1168,121.65,player-05564,MC,10,13,294.86,91.3,3.45,656.78,13,19
45,226.39,true,81,2812,118.95,player-05565,MC,10,32,277.21,77.44,3.08,622.55,12,17
103,240.59,true,56.52,5474,118.28,player-05566,DEL,10,62,220.19,67.68,4.43,579.06,12,21
85,245.8,true,68.39,4478,120.86,player-05567,DEF,10,52,228.17,64.74,3.3,594.83,13,19
4,263.41,true,75.6,473,118.25,player-05568,MC,10,2,299.38,88.54,4.47,681.04,11,19
42,233.34,true,75.66,2631,112.57,player-05569,DEL,10,29,280.27,80.12,4.52,626.19,9,16
11,254.68,true,90.93,765,116.15,player-05570,DEF,10,8,298.53,95.89,4.91,669.36,10,17
208,277.99,true,63.55,3454,119.93,player-05571,POR,35,160,214.04,60.6,4.97,611.97,15,29
50,289.38,true,70.48,868,120.76,player-05572,DEF,35,40,255.61,72.41,3.99,665.75,16,26
255,249.32,true,64.58,4283,121.66,player-05573,DEF,35,189,227.02,61.69,4.14,598,15,25
98,290.37,true,72.94,1580,123.41,player-05574,MC,35,81,233.12,69.23,4.43,646.9,16,28
2,280.85,true,91.42,11,121.86,player-05575,MC,35,2,337.52,93.86,4.58,740.23,15,27
122,287.8,true,75.89,2049,123.36,player-05576,DEL,35,98,226.44,68.46,4.21,637.6,16,27
27,305,true,67.66,480,121.85,player-05577,DEF,35,22,253.99,73.8,4.14,680.85,15,25
171,265.4,true,68.49,2941,118.71,player-05578,MC,35,132,236.12,67.08,4.37,620.23,15,26
450,249.02,true,58.32,7615,120.03,player-05579,DEL,35,336,170.07,48.46,3.62,539.11,15,23
408,237.41,true,65.48,6807,118.85,player-05580,DEF,35,306,199.13,60.35,3.78,555.38,14,22
156,176.39,true,75.4,7882,109.76,player-05581,POR,06,67,245.14,79.52,5.79,531.29,10,23
152,165.13,true,90.53,7687,110.27,player-05582,DEF,06,64,261.53,83.62,6.14,536.93,10,25
38,227.9,true,82.28,2467,109.11,player-05583,DEF,06,12,292.58,85.41,6.5,629.59,8,22
70,172.24,true,90.07,3760,108.49,player-05584,MC,06,25,326.08,96.81,6.14,606.81,8,20
186,171.44,true,72.15,9093,110.24,player-05585,MC,06,88,185.72,58.88,5.38,467.4,10,21
59,196.53,true,84.26,3212,111.17,player-05586,DEL,06,18,308.11,86.79,5.85,615.81,9,21
158,177.18,true,82.19,7934,109.89,player-05587,DEF,06,69,242.64,75.42,6.14,529.7,10,25
181,192.47,true,69.38,8946,104.99,player-05588,MC,06,83,185.71,59.16,6.02,483.17,7,17
185,196.85,true,75.25,9090,110.96,player-05589,DEL,06,87,160.14,48.9,5.64,467.96,9,20
106,183.7,true,79.17,5685,111.28,player-05590,DEF,06,42,280.54,83.48,5.38,575.51,10,21
1211,229.95,true,72.1,5435,123.31,player-05591,POR,21,124,226.29,64.83,4.14,579.55,15,25
1003,210.99,true,69.8,4385,123.27,player-05592,DEF,21,98,261.98,71.19,4.14,596.24,15,25
1354,197,true,66.63,6171,123.19,player-05593,DEF,21,139,246.63,69.4,4.49,566.82,16,25
1030,215.13,true,64.06,4536,122.5,player-05594,MC,21,101,256.47,80.47,4.31,594.09,14,24
1802,201.78,true,63.86,8592,123.12,player-05595,MC,21,181,181.18,52.9,5.28,506.09,15,27
1855,202.22,true,45.09,8938,124.32,player-05596,DEL,21,184,157.19,43.95,4.29,483.74,16,24
1625,212.34,true,56.4,7675,123.15,player-05597,DEF,21,163,201.87,55.74,5.32,537.36,14,25
1061,201.32,true,72.24,4706,122.52,player-05598,MC,21,109,267.45,79.06,5.12,591.29,14,24
1646,217.13,true,46.84,7773,124.13,player-05599,DEL,21,166,193.46,57.9,3.87,534.72,17,24
1148,207.74,true,68.6,5153,124.71,player-05600,DEF,21,118,251.66,73.59,3.32,584.11,15,22
196,269.43,true,81.83,1864,121.15,player-05601,POR,08,102,250.61,71.24,3.23,641.2,20,26
14,268.25,true,80.46,104,119.48,player-05602,DEF,08,4,321.3,98.74,3.47,709.03,16,21
47,256.62,true,92.33,492,120.93,player-05603,DEF,08,24,302.6,86.94,3.08,680.15,19,24
81,264.37,true,80.85,736,119.72,player-05604,MC,08,40,286.39,80.06,2.22,670.48,19,24
5,276.74,true,84.04,38,120.91,player-05605,MC,08,1,329.1,99,1.88,726.74,19,23
6,259.35,true,98,40,121.19,player-05606,DEL,08,2,345.84,99,1.5,726.38,19,22
16,258.2,true,98,125,118.68,player-05607,DEF,08,6,329.67,95.82,3.08,706.55,19,24
40,258.01,true,95.2,372,118.3,player-05608,MC,08,21,309.48,88.64,3.72,685.79,14,18
50,262.03,true,88.61,501,119.92,player-05609,DEL,08,25,297.63,91.42,3.64,679.58,15,20
11,259.09,true,92.09,63,120.58,player-05610,DEF,08,3,338.76,99,2.98,718.43,16,19
837,215.45,true,78.4,3438,118.8,player-05611,POR,18,60,277.96,83.03,4.31,612.21,14,24
1249,211.66,true,70.76,5652,117.05,player-05612,DEF,18,94,247.39,69.54,4.69,576.1,12,22
1695,215.49,true,60.46,7991,119.21,player-05613,DEF,18,121,193.41,54.72,4.72,528.1,13,24
1085,218.51,true,60.44,4851,116.25,player-05614,MC,18,83,254.28,71.61,4.69,589.04,12,22
487,228.76,true,81.91,1846,121.46,player-05615,MC,18,35,291.22,80.83,3.89,641.43,15,24
1157,216.41,true,67.04,5190,118.72,player-05616,DEL,18,88,248.41,68.89,3.95,583.53,13,21
676,225.01,true,75.67,2613,119.26,player-05617,DEF,18,48,282.24,78.83,3.95,626.52,13,21
620,228.83,true,78.13,2365,115.91,player-05618,MC,18,43,286.61,86.38,3.91,631.35,12,19
1228,222.3,true,67.7,5517,117.1,player-05619,DEL,18,92,239,66.09,4.92,578.4,12,23
694,230.2,true,74.85,2722,117.66,player-05620,DEF,18,49,276.34,80.4,3.5,624.2,10,15
734,243.47,true,59.21,6707,118.7,player-05621,POR,17,128,194.67,55.37,4.34,556.84,14,19
790,225.44,true,61.78,7292,119.88,player-05622,DEF,17,137,201.12,57.45,4.57,546.44,15,21
482,231.28,true,64.21,4552,119.89,player-05623,DEF,17,90,242.62,68.67,4.51,593.79,18,25
184,244.87,true,81.21,1746,120.84,player-05624,MC,17,29,277.86,80.59,2.14,643.57,16,20
51,279.06,true,81.37,506,119.15,player-05625,MC,17,11,281.16,77.74,2.25,679.37,15,19
407,231.28,true,69.46,3832,119.89,player-05626,DEL,17,78,254.52,69.87,4.32,605.69,17,23
399,240.64,true,73.45,3735,119.68,player-05627,DEF,17,76,246.87,70.39,3,607.19,15,21
244,239.83,true,77.2,2286,117.53,player-05628,MC,17,45,275.28,83.52,2.05,632.64,14,17
881,232.75,true,52.49,8191,119.03,player-05629,DEL,17,168,170.47,49.66,1.81,522.25,15,18
280,241.36,true,75.45,2600,119.06,player-05630,DEF,17,53,266.4,79.06,3,626.81,15,21
630,223.22,true,73.46,5800,122.95,player-05631,POR,08,287,227.38,69.82,2.31,573.56,18,23
211,223.57,true,75.39,1953,122.99,player-05632,DEF,08,112,293.05,81.25,2.81,639.61,22,30
793,224.84,true,56.59,7304,121.42,player-05633,DEF,08,362,199.9,57.51,2.54,546.16,19,25
927,197.35,true,53.69,8757,123.52,player-05634,MC,08,410,175.93,50.21,2.36,496.8,21,27
98,246.73,true,75.6,932,123.47,player-05635,MC,08,48,293.44,79.14,2.64,663.64,21,28
548,234.88,true,63.59,4991,121.56,player-05636,DEL,08,246,230.18,62.08,2.64,586.62,21,28
912,213.67,true,44.87,8459,123.33,player-05637,DEF,08,403,175.38,47.35,1.81,512.39,20,24
887,210.02,true,50.25,8256,123.99,player-05638,MC,08,389,186.48,52.05,2.22,520.49,19,24
668,214.6,true,67.61,6090,121.94,player-05639,DEL,08,303,231.8,63.26,2.87,568.35,16,22
492,232.26,true,59.22,4625,122.41,player-05640,DEF,08,222,237.96,67.42,2.14,592.63,20,25
508,176.7,true,73.27,8183,112.71,player-05641,POR,19,52,233.02,72.81,5.52,522.43,12,26
489,218.47,true,62.18,7886,115.87,player-05642,DEF,19,49,196.83,57.65,7.13,531.17,11,24
561,131.55,true,68.7,8990,115.12,player-05643,DEF,19,56,231.94,69.91,6.9,478.6,13,27
328,194.77,true,76.2,5308,118.78,player-05644,MC,19,27,267.9,74.96,4.95,581.45,14,27
536,153.01,true,74.7,8684,112.73,player-05645,MC,19,53,235.33,68.36,6.47,501.08,11,21
547,161.16,true,64.62,8801,115,player-05646,DEL,19,55,218,66.22,7.04,494.15,14,30
202,198.18,true,82.05,3325,114.79,player-05647,DEF,19,14,301.01,87.71,7.1,613.98,12,26
357,204.14,true,85.28,5725,108.8,player-05648,MC,19,30,261.75,82.98,5.97,574.69,10,24
492,162.67,true,74.46,7904,115.88,player-05649,DEL,19,50,251.99,73.39,4.69,530.53,12,22
234,216.07,true,71.91,3837,117.1,player-05650,DEF,19,20,272.49,86.08,4.43,605.65,11,19
947,249.67,true,77.13,4068,122.39,player-05651,POR,11,196,229.61,69.51,2.14,601.67,16,20
616,244.74,true,84.73,2353,120.04,player-05652,DEF,11,135,266.79,76.85,4.21,631.57,16,27
560,242.03,true,78.18,2141,120.35,player-05653,DEF,11,123,273.25,77.48,3.18,635.63,16,23
862,216.38,true,80.7,3553,122.61,player-05654,MC,11,184,271.14,80.42,3.62,610.13,17,21
1227,253.43,true,71.98,5516,120.61,player-05655,MC,11,249,204.38,62.47,5.17,578.41,17,26
272,252.13,true,84.33,920,120.63,player-05656,DEL,11,55,291.32,84.84,4.44,664.07,16,22
802,250.02,true,73.9,3281,119.8,player-05657,DEF,11,173,244.85,73.55,5.94,614.67,15,26
1375,234.49,true,60.52,6296,117.57,player-05658,MC,11,280,212.54,62.67,4.23,564.6,13,22
1114,253.32,true,69.59,4981,120.14,player-05659,DEL,11,227,213.35,67.21,4.44,586.8,16,22
1035,241.62,true,86.17,4553,117.73,player-05660,DEF,11,208,234.44,71.42,3.67,593.79,11,17
1875,217.84,true,47.18,9100,122.57,player-05661,POR,29,358,125.48,36.49,2.54,465.89,19,25
1549,222.45,true,51.62,7234,122.88,player-05662,DEF,29,305,202.19,60.09,2.75,547.52,17,23
1652,207.02,true,49.51,7794,122.06,player-05663,DEF,29,320,205.03,59.26,3.06,534.1,17,24
1860,218.93,true,38.85,8980,123.63,player-05664,MC,29,355,137.26,42.72,3.53,479.82,18,22
1579,227.19,true,54.39,7401,123.04,player-05665,MC,29,309,193.7,52.24,5.88,543.93,20,27
,206.36,false,67.57,,123.6,player-05666,DEL,29,,230.98,75.86,2.31,560.94,18,23
1874,215.63,true,39.53,9087,121.46,player-05667,DEF,29,357,131.53,37.82,5.17,468.63,17,26
1858,221.94,true,54.3,8959,123.97,player-05668,MC,29,354,136.15,41.84,5.68,482.07,19,25
1460,217.21,true,52.75,6734,123.19,player-05669,DEL,29,296,216.05,59.79,4.02,556.45,20,26
1788,210.15,true,50.94,8494,122.35,player-05670,DEF,29,346,178.42,52.01,4.32,510.92,17,23
785,212.48,true,58.01,8643,108.58,player-05671,POR,40,80,182.25,54.3,5.14,503.31,14,28
763,211.7,true,51.77,8452,113.74,player-05672,DEF,40,75,187.14,50.98,3.47,512.58,14,21
533,239.08,true,64.26,5982,112.28,player-05673,DEF,40,44,218.83,63.54,5.5,570.19,13,28
679,208.62,true,55.36,7447,108.64,player-05674,MC,40,59,225.73,68.26,4.76,543,14,26
665,193.4,true,66.68,7312,110.9,player-05675,MC,40,57,241.76,71.8,4.97,546.06,15,29
675,239.35,true,56.3,7417,110.74,player-05676,DEL,40,58,193.49,54.77,5.14,543.58,15,30
834,198.4,true,48.04,9121,111.64,player-05677,DEF,40,83,151.56,43.41,4.49,461.59,13,23
323,230.29,true,76.09,3840,111.56,player-05678,MC,40,31,263.71,71.66,4.76,605.56,14,26
748,244.84,true,42.85,8248,108.41,player-05679,DEL,40,72,167.45,48.62,4.58,520.7,15,27
734,211.82,true,61.98,8136,112.71,player-05680,DEF,40,69,199.4,55.46,4.78,523.93,15,28
517,202.64,true,84.09,6631,121.92,player-05681,POR,15,144,233.82,69.92,3,558.37,15,21
568,215.1,true,69.11,7468,124.4,player-05682,DEF,15,151,203.02,60.9,2.25,542.52,15,19
213,238.93,true,72.67,2664,121.06,player-05683,DEF,15,70,265.62,73.52,2.52,625.61,16,21
175,219.66,true,82.91,2275,118.49,player-05684,MC,15,59,294.67,82.17,3.14,632.82,14,20
190,245.27,true,78.05,2451,125.27,player-05685,MC,15,62,259.28,81.3,1.64,629.82,17,20
301,203.64,true,86.7,3719,120.23,player-05686,DEL,15,95,283.46,79.84,2.77,607.33,14,19
219,224.61,true,76.21,2712,121.01,player-05687,DEF,15,72,278.88,76.09,2.25,624.51,15,19
315,197.17,true,84.12,3879,121.66,player-05688,MC,15,97,286.06,81.77,2.41,604.89,14,18
204,218.8,true,88.97,2567,121.58,player-05689,DEL,15,67,287.14,82.78,2.64,627.52,15,20
238,233.47,true,69.01,2902,122.45,player-05690,DEF,15,78,265.09,76.14,2.25,621.01,15,19
1830,225.11,true,47.41,8748,121.74,player-05691,POR,18,129,150.52,44.72,4.63,497.37,18,29
1608,214.12,true,59.5,7607,120.47,player-05692,DEF,18,117,204.69,58.11,3.71,539.29,18,28
1344,242.97,true,54.59,6136,122.11,player-05693,DEF,18,101,202.34,54.57,4.25,567.41,19,29
1790,208.28,true,51.21,8510,119.98,player-05694,MC,18,126,182.03,52.53,3.32,510.29,15,22
1819,231.33,true,41.1,8702,121.25,player-05695,MC,18,128,147.9,43.98,5.33,500.47,15,27
1638,230.05,true,45.17,7732,120.54,player-05696,DEL,18,119,185.04,53.58,4.19,535.63,18,27
1524,236.96,true,54.52,7080,120.8,player-05697,DEF,18,115,192.74,52.34,4.07,550.5,17,28
745,238.26,true,67.47,2981,123.69,player-05698,MC,18,52,257.8,78.19,3.59,619.76,19,29
1181,250.51,true,47.63,5282,122.92,player-05699,DEL,18,91,208.39,59.03,4.05,581.81,19,28
1723,233.03,true,47.51,8130,122.39,player-05700,DEF,18,122,168.72,48.55,4.33,524.14,16,24
252,180.21,true,69.56,7188,121.59,player-05701,POR,50,127,246.61,73.75,4.69,548.41,12,22
183,239.36,true,75.57,5413,115.75,player-05702,DEF,50,100,224.77,73.41,4.14,579.88,9,15
58,226.5,true,85.32,1764,121.14,player-05703,DEF,50,37,295.55,81.63,3.85,643.19,12,19
57,199.8,true,93.97,1749,119.18,player-05704,MC,50,36,324.49,97.08,4.83,643.48,10,16
135,195.21,true,81.03,3798,121.51,player-05705,MC,50,74,289.45,88.16,3.94,606.17,12,19
203,179.72,true,73.94,6000,119.98,player-05706,DEL,50,109,270.17,79.13,4.69,569.88,12,22
78,230.4,true,82.69,2578,121.19,player-05707,DEF,50,47,275.75,81.59,2.73,627.34,12,16
298,196.93,true,58.98,8438,119.45,player-05708,MC,50,153,196.81,58.08,2.81,513.2,11,15
162,211,true,75.6,4518,120.87,player-05709,DEL,50,91,262.45,73.72,4.26,594.33,10,17
,194.69,false,67,,119.9,player-05710,DEF,50,,199.51,60.24,3,514.1,10,14
413,267.86,true,73.8,4683,113.69,player-05711,POR,42,53,210.14,65.46,7.65,591.68,9,21
704,245.82,true,60.02,7731,113.22,player-05712,DEF,42,75,176.61,54.53,6.23,535.65,9,23
52,245.07,true,83.25,832,113.95,player-05713,DEF,42,6,307.98,91.37,7.44,667,9,20
310,214.29,true,83.31,3710,113.99,player-05714,MC,42,37,279.24,78.37,8.19,607.52,9,24
762,209.66,true,60.06,8437,116.46,player-05715,MC,42,81,187.11,59.86,7.01,513.23,10,21
811,228.47,true,53.61,8881,116.22,player-05716,DEL,42,84,143.78,46.42,7.23,488.47,10,22
56,243.94,true,81.22,881,118.55,player-05717,DEF,42,7,302.91,83,4.64,665.4,11,20
241,203.91,true,65.21,3125,117.59,player-05718,MC,42,28,295.75,90.6,7.57,617.25,11,27
178,243.95,true,69.87,2366,116.17,player-05719,DEL,42,23,271.19,74.93,7.78,631.31,10,25
609,241.26,true,70.97,6741,117.99,player-05720,DEF,42,71,197.1,61.51,7.24,556.35,11,25
,222.8,true,60.36,8761,99.53,player-05721,POR,52,29,174.4,55.57,10.02,496.73,8,30
,279.99,true,87.77,2516,108.42,player-05722,DEF,52,4,240.15,78.75,8.38,628.55,8,23
,251.05,true,71.04,5490,108.57,player-05723,DEF,52,15,219.17,66.2,9.6,578.79,9,24
,272.73,true,71.65,3850,99.69,player-05724,MC,52,8,233.03,73.07,9.99,605.45,7,25
,270.32,true,78.65,3951,108.42,player-05725,MC,52,9,225.05,69.96,9.82,603.78,9,27
,260.04,true,76.44,4144,105.44,player-05726,DEL,52,11,234.87,73.81,9.12,600.34,7,25
,227.3,true,76.95,7373,100.1,player-05727,DEF,52,24,217.28,71.79,9.67,544.67,8,28
,257.42,true,63.69,6693,108.42,player-05728,MC,52,22,191.29,62.33,10.24,557.13,8,28
,260.09,true,75.31,5267,104.29,player-05729,DEL,52,13,217.77,73.29,11.32,582.15,9,29
,264.69,true,70.64,5563,108.57,player-05730,DEF,52,16,204.33,66.08,10.03,577.59,7,28
,239.73,false,94.37,,104.48,player-05731,POR,10,,275.41,99,3.8,619.62,6,6
,197.94,false,90.53,,107.81,player-05732,DEF,10,,240.26,79.05,3.78,546.01,7,11
,240.34,false,82.28,,111.7,player-05733,DEF,10,,226.9,74.38,2.87,578.93,8,11
,211.8,false,91.59,,109.84,player-05734,MC,10,,300.27,95.47,5.18,621.91,8,12
,219.69,false,98,,108.42,player-05735,MC,10,,276.2,91.75,4.76,604.3,7,10
,227.95,false,75.67,,111.35,player-05736,DEL,10,,256.02,74.86,3.99,595.32,8,13
,246.56,false,83.61,,110.33,player-05737,DEF,10,,270.37,80.81,4.06,627.26,8,13
,227.05,false,92.67,,112.85,player-05738,MC,10,,302.63,90.72,3.82,642.53,9,12
,203.4,false,82.47,,111.75,player-05739,DEL,10,,247.87,81.21,3.02,563.02,8,11
,240.61,false,90.19,,111.71,player-05740,DEF,10,,307.35,96.15,4.87,659.67,8,11
882,202.75,true,56.36,8192,117.27,player-05741,POR,17,169,202.23,55.5,4.38,522.25,19,33
775,206.89,true,70.33,7158,117.6,player-05742,DEF,17,135,224.62,65.99,4.83,549.11,17,32
533,209.52,true,65.51,4905,119.57,player-05743,DEF,17,103,259.17,72.54,4.71,588.25,19,35
909,181.12,true,64.43,8432,120.42,player-05744,MC,17,174,211.91,60.17,4.99,513.45,17,33
933,196.03,true,57.03,8788,120.26,player-05745,MC,17,180,178.6,50.62,4.26,494.88,20,34
817,185.72,true,65.85,7562,118.65,player-05746,DEL,17,144,236.19,67.54,4.2,540.55,19,32
587,206.19,true,68.41,5338,117.97,player-05747,DEF,17,109,256.82,69.52,4.69,580.99,18,33
268,223.47,true,80.11,2469,119.66,player-05748,MC,17,51,286.39,77.98,3.99,629.53,16,26
540,239.69,true,69.77,4938,115.66,player-05749,DEL,17,104,232.28,69.01,4.58,587.63,15,27
635,224.69,true,69.68,5844,119.1,player-05750,DEF,17,114,229.04,65.41,4.21,572.83,16,27
369,184.64,true,55.07,8367,120.46,player-05751,POR,28,369,210.75,56.84,3.18,515.85,16,23
403,203.93,true,46.22,9220,120.39,player-05752,DEF,28,403,110.24,32.06,3.26,434.57,22,32
391,192.93,true,49.61,8930,119.29,player-05753,DEF,28,391,172.28,50.85,3.37,484.5,21,31
314,210.26,true,56.99,7385,117.95,player-05754,MC,28,314,216.2,60.05,2.94,544.41,18,25
297,202.2,true,71.84,7149,120.09,player-05755,MC,28,297,227.03,66.19,3.17,549.32,23,33
321,202.38,true,58.62,7556,119.95,player-05756,DEL,28,321,218.49,66.42,2.75,540.82,17,23
352,204.35,true,61.75,8029,118.19,player-05757,DEF,28,352,204.2,56.66,3.59,526.74,19,29
357,181.64,true,59.69,8153,120.48,player-05758,MC,28,357,221.25,60.68,3.24,523.37,20,29
262,227.27,true,60.26,6323,121.32,player-05759,DEL,28,262,215.57,66.35,3.35,564.16,19,28
298,203.05,true,58.28,7151,121.06,player-05760,DEF,28,298,225.18,63.79,3.14,549.29,21,30
855,247.32,true,77.33,3529,120.86,player-05761,POR,29,191,242.42,72.56,2.92,610.6,13,18
1247,242.77,true,65.41,5640,125.22,player-05762,DEF,29,274,208.27,64.87,2.14,576.27,16,20
409,255.48,true,75.63,1456,122.06,player-05763,DEF,29,96,271.81,75.97,2.36,649.35,14,18
,254.28,false,86.03,,119.81,player-05764,MC,29,,282.53,91.5,2.79,656.63,11,13
422,272.69,true,69.97,1518,124.32,player-05765,MC,29,99,250.96,68.1,2.04,647.97,17,21
,254.65,false,81.13,,122.47,player-05766,DEL,29,,264.04,78.1,1.9,641.16,14,17
1328,241.81,true,56.13,6067,124.17,player-05767,DEF,29,284,202.81,56.74,2.04,568.79,17,21
386,279.62,true,73.01,1369,120.86,player-05768,MC,29,90,251.17,73.36,2.64,651.65,12,16
1338,222.59,true,74.2,6105,123.51,player-05769,DEL,29,286,222,63.72,2.25,568.11,15,19
1058,255.26,true,59.22,4688,125.14,player-05770,DEF,29,234,211.17,59.59,2.04,591.58,17,21
228,229.86,true,67.18,3843,121.44,player-05771,POR,01,41,254.25,71.83,3.62,605.55,15,23
,238.47,false,56.15,,121.58,player-05772,DEF,01,,190.67,62.45,3.87,550.71,17,24
449,205.31,true,65.57,6922,118.86,player-05773,DEF,01,86,228.79,66.3,4.09,552.96,14,20
231,234.75,true,71.27,3876,116.24,player-05774,MC,01,42,253.96,71.19,3.95,604.95,13,21
368,237.47,true,74.67,5703,116.76,player-05775,MC,01,67,220.91,70.84,2.49,575.14,13,17
443,223.3,true,67.21,6882,120.2,player-05776,DEL,01,84,210.27,60.28,3.89,553.77,15,24
591,225.96,true,58.71,8639,114.74,player-05777,DEF,01,120,162.89,50.41,3.69,503.58,13,17
316,228.82,true,72.45,5094,116.73,player-05778,MC,01,60,239.48,75.02,3.98,585.04,13,18
611,199.64,true,49.46,8825,117.44,player-05779,DEL,01,126,175.18,47.42,3.14,492.25,14,20
205,227.14,true,69.67,3548,119.52,player-05780,DEF,01,35,263.57,74.02,4.68,610.24,14,22
106,170.67,true,88.25,6566,107.94,player-05781,POR,07,106,280.84,85.72,5.45,559.44,8,16
63,209.87,true,74.43,4399,111.51,player-05782,DEF,07,63,274.62,88.87,4.08,596.01,10,15
54,203.21,true,82.74,4105,110.03,player-05783,DEF,07,54,287.67,84.36,4.75,600.91,9,16
79,199.87,true,80.74,5306,107.23,player-05784,MC,07,79,274.39,78.75,4.81,581.49,8,15
57,198.18,true,76.07,4225,111.38,player-05785,MC,07,57,289.44,85.85,4.75,599.01,10,18
81,215.68,true,87.83,5323,110.71,player-05786,DEL,07,81,254.77,79.7,4.91,581.15,9,17
144,199.41,true,69.63,8484,108.5,player-05787,DEF,07,144,203.34,64.58,5.88,511.25,8,15
,210.92,false,84.91,,103.63,player-05788,MC,07,,249.66,82.92,7.44,564.21,7,13
,229.23,false,75.75,,102.01,player-05789,DEL,07,,171.48,60.18,9.09,502.72,6,14
56,226.67,true,83.79,4182,109.21,player-05790,DEF,07,56,263.83,80.15,6.18,599.71,9,17
,221.38,false,59.47,,112.11,player-05791,POR,36,,200.91,65.72,1.81,534.4,10,12
,267,false,77.69,,112.84,player-05792,DEF,36,,199.13,62.62,2.45,578.97,10,13
461,244.2,true,59.88,5996,115.37,player-05793,DEF,36,104,210.37,61.37,4.3,569.94,13,19
632,228.86,true,49.79,8466,113.32,player-05794,MC,36,175,169.94,52.04,2.81,512.13,11,15
,250.63,false,57.45,,108.38,player-05795,MC,36,,202.34,64.22,3.76,561.35,9,11
,234.96,false,56.6,,112.74,player-05796,DEL,36,,188.09,58.71,3.67,535.79,11,14
265,263.06,true,69.28,3231,112.73,player-05797,DEF,36,40,239.79,69.28,3.84,615.57,12,16
526,246.8,true,53.56,6819,113.72,player-05798,MC,36,130,194.68,55.22,3.84,555.19,12,16
605,248.85,true,56.75,8092,114.39,player-05799,DEL,36,161,162.14,49.16,2.14,525.38,12,15
500,244.34,true,64.85,6479,111.79,player-05800,DEF,36,119,204.87,63.27,4.46,561.01,11,16
415,207.14,true,63.81,6981,120.66,player-05801,POR,35,309,224.24,66.04,4.76,552.05,18,30
506,198.2,true,57.78,8559,121.49,player-05802,DEF,35,380,188.2,52.8,4.26,507.89,16,24
468,199.56,true,59.15,7911,121.76,player-05803,DEF,35,349,208.99,58.9,4.09,530.31,20,30
308,189.36,true,73.29,5221,120.92,player-05804,MC,35,226,272.57,75.67,4.16,582.86,21,32
406,171.81,true,68.87,6792,124.73,player-05805,MC,35,304,259.04,73.64,3.69,555.58,18,25
470,197.78,true,62.22,7917,121.78,player-05806,DEL,35,351,210.59,58.03,4.14,530.14,18,30
467,153.28,true,70.11,7909,122.97,player-05807,DEF,35,348,254.11,74.44,3.8,530.37,19,27
373,192.38,true,65.33,6274,121.11,player-05808,MC,35,278,251.57,69.64,3.66,565.07,20,28
499,175.82,true,57.57,8443,121.72,player-05809,DEL,35,374,215.45,64.85,4.54,512.99,17,27
466,175.5,true,74.28,7888,122.93,player-05810,DEF,35,347,232.7,68.78,4.26,531.13,16,24
335,213.46,true,84.08,3411,116.45,player-05811,POR,46,135,282.68,82.7,3.84,612.59,17,27
219,209.2,true,84.31,2292,113.09,player-05812,DEF,46,87,310.19,84.29,3.84,632.48,17,27
653,214.64,true,77.17,6529,117,player-05813,DEF,46,254,228.57,71.19,3.84,560.21,17,27
367,220.27,true,79.79,3736,113.7,player-05814,MC,46,146,273.22,77.47,3.74,607.18,16,25
173,214.81,true,83.27,1784,113.71,player-05815,MC,46,69,314.06,85.87,2.87,642.58,16,22
276,228.43,true,73.01,2883,114.99,player-05816,DEL,46,109,278.07,84.57,4.14,621.49,18,30
859,193.29,true,71.79,8611,112.86,player-05817,DEF,46,333,198.79,60.88,4.47,504.94,17,30
887,201.73,true,69.14,8973,116.12,player-05818,MC,46,342,162.45,49.77,4.07,480.3,17,28
908,203.11,true,53.49,9151,112.17,player-05819,DEL,46,352,141.13,44.07,4.21,456.42,16,27
384,232.05,true,65.6,3918,116.61,player-05820,DEF,46,153,255.62,72.5,3.47,604.28,18,27
1337,205.6,true,68.3,6101,118.91,player-05821,POR,29,285,243.65,69.44,2.77,568.17,14,19
,210.12,false,81.75,,119.94,player-05822,DEF,29,,276.35,92.42,2.15,606.42,15,18
1327,226.39,true,64.28,6063,119.48,player-05823,DEF,29,283,223,65.96,1.81,568.86,15,18
,221.44,false,63.83,,116.35,player-05824,MC,29,,201.93,62.3,2.28,539.72,11,14
1237,211.47,true,69.62,5591,119.78,player-05825,MC,29,271,245.81,69.55,2.77,577.06,14,19
1603,222.62,true,64.51,7575,116.28,player-05826,DEL,29,312,201.35,58.18,2.01,540.26,13,16
1303,214.6,true,66.39,5923,113.86,player-05827,DEF,29,280,242.92,71.08,3.26,571.38,11,16
1649,228.19,true,66.55,7781,120.94,player-05828,MC,29,319,185.32,54.6,1.32,534.45,15,17
1535,207.67,true,64.67,7121,118.54,player-05829,DEL,29,304,223.56,69.84,2.14,549.78,12,15
1637,228.52,true,63.63,7729,119.98,player-05830,DEF,29,318,187.28,54.12,1.32,535.78,15,17
889,277.22,true,71.27,3726,122.52,player-05831,POR,41,176,207.5,64.13,3.26,607.24,11,16
983,267.62,true,53.42,4264,124.96,player-05832,DEF,41,193,205.77,59.98,2.77,598.35,14,19
514,288.74,true,60.61,1942,118.43,player-05833,DEF,41,95,232.62,69.92,3.47,639.79,10,15
858,278.77,true,60.27,3540,125.15,player-05834,MC,41,169,206.41,58.88,2.77,610.33,14,19
1208,264.12,true,77.2,5415,123.97,player-05835,MC,41,237,191.79,61.7,2.49,579.87,13,17
819,295.94,true,61.26,3343,120.01,player-05836,DEL,41,155,197.71,58.05,2.81,613.66,11,15
600,265.14,true,67.29,2283,121.95,player-05837,DEF,41,113,245.57,73.09,2.01,632.66,13,16
1542,272.95,true,54.64,7161,124.25,player-05838,MC,41,313,151.76,47.32,0.81,548.97,14,15
755,256.78,true,67.8,3031,123.57,player-05839,DEL,41,142,238.37,69.29,1.9,618.73,14,17
589,294.32,true,59.15,2240,122.93,player-05840,DEF,41,112,216.34,61.89,2.14,633.58,12,15
243,232.01,true,66.08,5754,121.98,player-05841,POR,28,243,220.32,62.94,2.41,574.31,17,22
233,211.73,true,73.9,5539,120.32,player-05842,DEF,28,233,246.05,69.61,3.84,578.1,17,27
101,201.32,true,87.54,2518,121.35,player-05843,DEF,28,101,305.79,95.88,2.99,628.46,14,19
254,209.17,true,78.06,6123,121.34,player-05844,MC,28,254,237.19,71.93,3.14,567.69,14,20
23,234.25,true,91.36,481,118.34,player-05845,MC,28,23,328.26,88.87,3.95,680.85,13,21
10,243.74,true,96.24,160,121.34,player-05846,DEL,28,10,338.05,99,3,703.13,15,21
222,193.07,true,76.09,5388,119.52,player-05847,DEF,28,222,267.57,75.05,3.06,580.16,17,24
129,206.29,true,89.94,3194,120.58,player-05848,MC,28,129,289.23,87.79,2.41,616.1,17,22
396,220.04,true,60.15,8987,123.25,player-05849,DEL,28,396,135.69,39.74,1.96,478.97,18,22
150,229.13,true,71.75,3762,120.9,player-05850,DEF,28,150,256.73,75.68,2.52,606.76,16,21
445,197.34,true,73.73,6901,125.16,player-05851,POR,48,261,230.76,72.55,2.78,553.26,19,23
58,219.43,true,86.9,1212,124.97,player-05852,DEF,48,39,311.09,84.21,2.73,655.5,20,27
242,228.88,true,70.25,4007,126.48,player-05853,DEF,48,152,247.51,67.41,2.36,602.86,21,27
310,194.18,true,76.72,5032,126.52,player-05854,MC,48,189,265.38,74.81,3.59,586.08,18,24
192,198.16,true,76.86,3373,127.05,player-05855,MC,48,126,287.99,79.02,4,613.2,19,27
258,232.36,true,81.92,4233,125.68,player-05856,DEL,48,161,240.84,71.06,2.06,598.87,21,26
138,216,true,80.37,2471,126.71,player-05857,DEF,48,89,286.78,77.63,3.72,629.49,21,29
153,240.38,true,85.48,2709,124.26,player-05858,MC,48,99,259.98,73.7,1.09,624.62,19,21
289,209.99,true,82.28,4759,126.14,player-05859,DEL,48,179,254.4,76.87,3.46,590.54,21,28
340,207.62,true,83.95,5422,122.26,player-05860,DEF,48,203,249.92,78.09,3.75,579.8,17,23
102,177.71,true,96.83,1660,119.84,player-05861,POR,35,85,347.72,99,2.75,645.26,17,23
191,168.3,true,88.92,3140,120.64,player-05862,DEF,35,145,328.06,92.32,2.75,616.99,17,23
182,178.64,true,89.05,3080,120.37,player-05863,DEF,35,138,318.97,89.53,2.64,617.98,18,24
246,180.4,true,83.12,4131,119.89,player-05864,MC,35,183,300.19,81.26,3.06,600.48,17,24
156,179.28,true,81.69,2575,120.7,player-05865,MC,35,120,327.39,93.76,2.14,627.37,16,20
433,175.12,true,72.98,7320,119,player-05866,DEL,35,322,251.69,70.57,2.75,545.81,17,23
359,197.92,true,73.29,6093,120.21,player-05867,DEF,35,265,250.14,74.65,2.87,568.28,16,22
,182.96,false,76.21,,117.87,player-05868,MC,35,,236.28,77.17,3,537.11,15,21
365,167.41,true,80.26,6146,118.72,player-05869,DEL,35,271,281.16,80.25,2.78,567.29,14,19
380,179.37,true,76.3,6345,116.75,player-05870,DEF,35,285,267.43,73.28,3.62,563.55,15,23
175,268.33,true,71.63,2320,119.39,player-05871,POR,49,14,244.37,70.78,4.99,632.09,17,33
649,225.63,true,76.34,7146,120.26,player-05872,DEF,49,65,203.5,61.38,3.81,549.39,19,30
75,246.41,true,80.86,1155,116.8,player-05873,DEF,49,4,293.93,87.75,4.66,657.14,17,31
110,257.49,true,72.55,1624,121.33,player-05874,MC,49,8,267.11,78.37,4.81,645.94,16,30
424,224.05,true,72.62,4823,120.6,player-05875,MC,49,42,244.95,70.8,4.55,589.6,19,34
229,231.77,true,83.92,3010,121,player-05876,DEL,49,20,266.44,79.55,4.55,619.22,19,34
192,253.64,true,75.21,2540,119.79,player-05877,DEF,49,17,254.65,72.87,3.6,628.08,17,26
331,208.94,true,81.56,3900,119.95,player-05878,MC,49,32,275.65,82.94,4.14,604.53,15,25
508,236.4,true,61.85,5720,122.58,player-05879,DEL,49,49,215.75,62.09,3.32,574.73,15,22
230,234.33,true,75.12,3023,121.11,player-05880,DEF,49,21,263.44,80.49,4.47,618.88,17,30
121,200.29,true,92.3,2089,111.03,player-05881,POR,19,10,325.48,98.95,6.34,636.81,11,24
101,235.11,true,93.96,1671,111.6,player-05882,DEF,19,7,298.19,90.91,6.66,644.9,11,26
87,207.81,true,98,1339,110.37,player-05883,DEF,19,4,334.24,99,6.65,652.43,10,23
96,233.08,true,83.24,1586,111.11,player-05884,MC,19,5,302.56,83.36,7.26,646.75,10,28
97,213.01,true,87.57,1637,111.05,player-05885,MC,19,6,321.59,90.27,5.56,645.65,11,24
44,209.14,true,98,768,111.88,player-05886,DEL,19,1,348.22,99,6.37,669.24,11,24
48,253.4,true,85.6,797,110.06,player-05887,DEF,19,2,304.68,83.67,6.61,668.15,10,23
169,233.55,true,72.36,2825,112.98,player-05888,MC,19,11,275.85,77.77,6.49,622.38,11,25
116,240.49,true,80.49,1962,112.66,player-05889,DEL,19,9,286.28,86,5.8,639.43,11,21
181,208.73,true,78.24,2974,111.07,player-05890,DEF,19,12,300.04,83.1,5.97,619.84,10,24
733,206.19,true,60.35,7236,120.51,player-05891,POR,03,294,220.8,65.35,2.82,547.5,18,22
833,204.86,true,61.94,8311,120.29,player-05892,DEF,03,332,192.96,57.45,2.82,518.11,18,22
860,198.66,true,60.33,8644,121.25,player-05893,DEF,03,345,183.34,51.41,2.04,503.25,17,21
682,224.21,true,57.17,6820,121.37,player-05894,MC,03,273,209.52,57.85,2.19,555.1,17,19
770,218.29,true,58.16,7598,118.44,player-05895,MC,03,306,202.8,56.36,2.49,539.53,13,17
878,218.11,true,50.94,8844,121.4,player-05896,DEL,03,351,151.56,47.11,2.25,491.07,15,19
897,196.83,true,59.49,9040,120.2,player-05897,DEF,03,360,157.88,46.7,3.59,474.92,15,20
832,208.01,true,51.41,8290,117.77,player-05898,MC,03,331,193.22,56.63,3.98,519,13,18
645,218.62,true,63.47,6411,118.12,player-05899,DEL,03,257,225.54,64.53,2.14,562.29,12,15
864,204.23,true,53.26,8679,118.03,player-05900,DEF,03,347,179.07,56.11,1.47,501.33,13,15
433,259.24,true,65.54,4302,121.61,player-05901,POR,03,179,216.74,64.52,0.81,597.6,14,15
478,235.62,true,66.17,4781,122.85,player-05902,DEF,03,202,231.76,65.59,2.32,590.23,17,19
70,268.26,true,81.47,766,120.66,player-05903,DEF,03,28,280.38,83.49,2.14,669.3,16,20
239,262.93,true,71.93,2546,120.6,player-05904,MC,03,97,244.34,69.85,2.86,627.87,18,22
149,250.7,true,75.66,1544,122.85,player-05905,MC,03,60,274.05,77.21,1.73,647.6,18,19
397,239.37,true,66.79,4021,119.85,player-05906,DEL,03,161,243.33,67.29,1.32,602.56,15,17
118,227.02,true,85.12,1246,125.35,player-05907,DEF,03,48,302.32,84.97,1.7,654.68,19,20
129,246.99,true,86.97,1362,125.5,player-05908,MC,03,51,279.36,77.95,2.09,651.85,19,21
228,255.07,true,77.42,2403,121.4,player-05909,DEL,03,92,254.22,76.33,2.14,630.69,16,20
27,238.94,true,80.57,310,120.4,player-05910,DEF,03,9,330.51,97.56,3.61,689.85,15,19
295,179.16,true,76.28,4668,120.57,player-05911,POR,02,67,292.15,81.01,3,591.87,15,21
330,184.05,true,75.96,5353,122,player-05912,DEF,02,79,274.71,78.73,3.94,580.76,18,26
308,155.35,true,81.46,4864,121.01,player-05913,DEF,02,72,312.51,90.1,3.47,588.87,16,24
268,182.6,true,94.26,4330,121.72,player-05914,MC,02,59,292.92,88.47,4.09,597.23,17,25
440,164.39,true,77.64,7048,121.92,player-05915,MC,02,107,264.73,74.93,3.72,551.05,16,22
479,154.04,true,72.36,7746,119.73,player-05916,DEL,02,119,261.61,72.44,3.47,535.38,14,21
284,158.2,true,82.04,4503,122.15,player-05917,DEF,02,63,314.16,97.95,4.38,594.51,18,28
515,164.44,true,60.94,8348,121.29,player-05918,MC,02,128,230.99,63.68,3.32,516.72,15,22
405,172.66,true,83.06,6596,122.34,player-05919,DEL,02,97,264.01,82.32,2.52,559,16,21
525,150.69,true,74.08,8501,121.25,player-05920,DEF,02,130,238.69,68.27,2.94,510.63,17,21
56,222.48,true,82.56,2085,118.69,player-05921,POR,26,56,295.7,82.58,5.04,636.87,20,30
116,226.88,true,82.31,4580,118.33,player-05922,DEF,26,116,248.09,74.04,3.78,593.29,21,33
17,227.16,true,92.77,643,118.71,player-05923,DEF,26,17,327.74,93.02,3.47,673.62,22,33
123,219.34,true,76.33,5122,115.27,player-05924,MC,26,123,249.95,71.05,3.47,584.57,18,27
104,211.38,true,77.92,4124,118.08,player-05925,MC,26,104,271.08,82.83,4.94,600.54,21,31
99,213.51,true,82.93,3996,118.28,player-05926,DEL,26,99,271.17,76.47,4.14,602.96,18,30
32,229.73,true,82.79,1299,118.9,player-05927,DEF,26,32,304.77,84.91,3.14,653.4,21,30
80,198.55,true,77.27,3077,117.99,player-05928,MC,26,80,301.49,81.61,3.59,618.03,19,29
51,203.85,true,88.67,1858,118.22,player-05929,DEL,26,51,319.22,93.26,5.04,641.29,18,27
42,206.88,true,86.59,1612,119.56,player-05930,DEF,26,42,319.75,88.84,2.41,646.18,17,22
462,224.1,true,73,7776,119.72,player-05931,POR,38,119,190.86,58.02,3.34,534.69,17,25
310,196.32,true,70,5244,120.05,player-05932,DEF,38,83,266.14,71.93,4.07,582.52,17,28
502,192.09,true,77.6,8504,120.74,player-05933,DEF,38,126,197.75,58.14,4.74,510.58,17,28
452,194.17,true,66.7,7644,120.9,player-05934,MC,38,116,223.09,67.42,3.84,538.15,17,27
318,181.52,true,83.36,5344,121.32,player-05935,MC,38,84,278.07,79.39,4.62,580.91,16,29
370,160.16,true,83.31,6194,121.11,player-05936,DEL,38,95,285.28,78.68,4.21,566.55,16,27
279,201.89,true,75.62,4572,121.87,player-05937,DEF,38,74,269.66,79.05,5.1,593.42,18,32
223,217.2,true,70.52,3708,119.66,player-05938,MC,38,54,270.67,84.21,4.49,607.53,13,23
523,186.4,true,66.06,8925,121.5,player-05939,DEL,38,129,176.82,53.69,4.91,484.72,16,27
441,188.84,true,65.25,7450,120.24,player-05940,DEF,38,113,233.85,66.78,5.09,542.93,14,24
125,208.58,true,36.81,9219,107.22,player-05941,POR,33,125,118.85,34.29,6.07,434.65,11,27
76,198.72,true,65.21,7298,104.78,player-05942,DEF,33,76,242.77,74.83,6.21,546.27,11,28
119,197.68,true,56.77,9136,104.65,player-05943,DEF,33,119,155.87,44.53,6.14,458.19,10,25
105,219.8,true,52.18,8653,106.51,player-05944,MC,33,105,176.64,52.96,6.14,502.94,10,25
102,219.75,true,52.83,8571,108.97,player-05945,MC,33,102,178.8,53.91,5.14,507.52,11,22
87,209.08,true,48.14,7884,108.81,player-05946,DEL,33,87,213.31,64.02,5.97,531.21,10,24
131,211.23,true,30.93,9248,108.38,player-05947,DEF,33,131,93.62,27.33,5.36,413.23,11,23
88,230.22,true,56.06,7894,107.84,player-05948,MC,33,88,192.58,57.7,6.29,530.63,10,26
70,238.29,true,51.12,6955,105.93,player-05949,DEL,33,70,208.18,61.56,5.79,552.4,10,23
128,187.61,true,45.58,9229,106.74,player-05950,DEF,33,128,133.61,40.18,5.64,427.96,9,20
276,221.28,true,92.18,2533,118.92,player-05951,POR,25,35,287.98,86.25,5.7,628.18,16,36
83,207.01,true,98,742,115.92,player-05952,DEF,25,9,347.22,99,5.9,670.15,14,33
672,204.48,true,83.12,6108,119.46,player-05953,DEF,25,77,244.12,72.54,5.28,568.06,17,35
222,216.29,true,82.58,2055,119.87,player-05954,MC,25,23,301.34,82.35,5.14,637.5,17,34
515,218.1,true,80.81,4777,116.41,player-05955,MC,25,60,255.77,77.46,5.14,590.28,16,32
634,197.9,true,83.44,5840,117.79,player-05956,DEL,25,74,257.24,74.03,6.02,572.93,14,34
306,177.61,true,96.16,2950,118.75,player-05957,DEF,25,40,323.76,93.31,5.73,620.12,15,34
354,192.49,true,81.18,3385,118.1,player-05958,MC,25,44,302.34,88.67,4.98,612.93,16,31
111,200.81,true,96.39,1053,118.36,player-05959,DEL,25,12,340.83,95.92,5.45,660,15,32
615,183.21,true,76.3,5638,117.7,player-05960,DEF,25,71,275.37,77.04,4.62,576.29,16,29
376,280.57,true,67.55,3581,117.26,player-05961,POR,08,173,211.71,63.24,3.94,609.54,15,21
118,284,true,77.65,1126,118.49,player-05962,DEF,08,57,255.24,74.88,3.49,657.74,14,18
239,256.81,true,73.22,2225,119.82,player-05963,DEF,08,120,257.24,74.3,2.14,633.87,16,20
234,235.63,true,75.22,2132,121.25,player-05964,MC,08,119,278.99,78.38,3.3,635.87,13,19
648,261.57,true,73.58,5921,118.45,player-05965,MC,08,293,191.38,57.02,4.9,571.41,13,21
284,288.61,true,61.46,2655,118.15,player-05966,DEL,08,139,219.04,63.4,3.47,625.8,12,18
283,252.31,true,69.72,2650,119.18,player-05967,DEF,08,138,254.5,68.93,4.04,625.98,16,23
120,253.63,true,80.3,1148,117.9,player-05968,MC,08,59,285.72,82,3.14,657.25,14,20
250,270.11,true,66.15,2325,116.81,player-05969,DEL,08,125,245.09,73.28,3.64,632.02,13,20
87,264.84,true,79.47,820,115.45,player-05970,DEF,08,43,287.06,80.19,2.65,667.35,12,16
23,200.45,true,98,1514,120.11,player-05971,POR,10,16,327.49,96.01,4.54,648.05,14,25
36,184.04,true,90.17,2384,120.1,player-05972,DEF,10,25,326.88,91.16,4.05,631.02,14,23
98,188.98,true,80.39,5092,113.39,player-05973,DEF,10,61,282.7,77.99,4.88,585.07,10,19
37,235.22,true,78.9,2443,119.17,player-05974,MC,10,26,275.54,81.41,3.95,629.93,13,21
56,196.24,true,94.88,3187,118.49,player-05975,MC,10,39,301.51,90.55,4.49,616.24,13,23
90,217.45,true,71.66,4737,116.27,player-05976,DEL,10,55,257.06,74.81,4.14,590.78,12,20
28,196.15,true,86.02,1640,119.03,player-05977,DEF,10,19,330.43,98.14,3.64,645.6,13,20
14,210.46,true,89.75,972,119.28,player-05978,MC,10,10,332.76,99,4.23,662.5,13,22
61,200.45,true,83.28,3260,120.11,player-05979,DEL,10,42,294.56,85.95,4.76,615.12,14,26
43,198.45,true,95.25,2711,119.42,player-05980,DEF,10,30,306.7,89.18,3.95,624.57,13,21
108,258.88,true,83.82,1024,121.58,player-05981,POR,08,55,280.47,86.18,3.36,660.94,14,17
432,222.44,true,79.39,4065,118.27,player-05982,DEF,08,195,260.99,77.65,3.52,601.7,12,15
580,240.59,true,66.52,5242,119.29,player-05983,DEF,08,266,222.65,63.31,4.12,582.54,13,18
62,274.66,true,95.11,586,121.34,player-05984,MC,08,31,280.1,89.27,3.74,676.1,14,18
326,273.98,true,73.27,3109,120.85,player-05985,MC,08,152,222.65,63.57,2.36,617.47,14,18
91,251.08,true,88.38,860,122.42,player-05986,DEL,08,44,292.44,87.11,2.56,665.94,14,18
30,249.56,true,85.27,285,121.08,player-05987,DEF,08,11,320.64,92.53,4.07,691.27,14,19
101,257.33,true,76.41,974,120,player-05988,MC,08,50,285.08,82.88,4.08,662.41,12,16
207,244.49,true,78.34,1941,116.58,player-05989,DEL,08,108,278.81,82.53,4.37,639.88,11,15
275,248.14,true,72.65,2529,120.77,player-05990,DEF,08,134,259.41,73.69,2.92,628.32,13,18
212,215.41,true,76.85,3530,125.64,player-05991,POR,35,163,269.52,80.24,2.95,610.57,22,28
382,198.56,true,65.62,6367,125.13,player-05992,DEF,35,287,239.49,71.57,3.69,563.17,18,25
405,196.14,true,72.51,6765,126.81,player-05993,DEF,35,303,233,67.89,3.31,555.96,21,28
217,225.87,true,68.23,3613,125.27,player-05994,MC,35,167,257.88,76.54,3.31,609.02,21,28
394,221.75,true,59.13,6611,126.74,player-05995,MC,35,297,210.27,56.71,3.43,558.76,22,30
268,238.29,true,67.48,4452,126.86,player-05996,DEL,35,197,230.04,65.15,3.55,595.19,19,26
447,225.42,true,63.92,7592,125.84,player-05997,DEF,35,334,188.54,56.67,2.64,539.8,21,28
131,235.51,true,78.26,2133,124.64,player-05998,MC,35,104,275.71,77.77,2.19,635.87,17,19
434,229.66,true,69.16,7340,126.28,player-05999,DEL,35,323,189.4,54.86,1.96,545.34,18,22
403,210.09,true,61.94,6752,126.35,player-06000,DEF,35,302,219.8,62.13,2.31,556.24,18,23
1,296.97,true,84.79,9,119.7,player-06001,POR,35,1,325.77,89.26,4.09,742.44,14,20
17,268.83,true,84.69,283,121.09,player-06002,DEF,35,15,301.37,84.79,4.37,691.29,14,21
107,268.04,true,63.65,1817,121.58,player-06003,DEF,35,89,252.33,72.8,4.67,641.96,15,24
125,276.65,true,71.25,2073,123.06,player-06004,MC,35,100,237.42,71.64,3.77,637.14,14,19
155,272.84,true,72.84,2562,120.86,player-06005,MC,35,119,233.97,70.06,3.3,627.67,13,19
134,301.15,true,57.82,2190,120.63,player-06006,DEL,35,107,212.72,60.32,3.47,634.51,14,21
63,298.35,true,67.44,1033,120.27,player-06007,DEF,35,50,242.09,73.29,3.64,660.71,13,20
100,261.5,true,75.69,1638,119.42,player-06008,MC,35,83,264.72,78.38,3.95,645.64,13,21
291,268.21,true,70.52,4791,117.65,player-06009,DEL,35,214,204.19,62.69,3.82,590.05,12,19
4,280.31,true,86.18,21,121.39,player-06010,DEF,35,4,332.47,91.38,4.89,734.16,15,25
965,195.61,true,51.47,9140,116.73,player-06011,POR,17,192,145.41,42.83,3.18,457.76,16,23
962,180.88,true,41.38,9082,114.65,player-06012,DEF,17,190,174.07,52.46,3.78,469.6,14,22
723,217.49,true,64.17,6569,118.42,player-06013,DEF,17,126,223.46,64.51,2.87,559.37,16,22
863,219.79,true,52.92,8050,117.02,player-06014,MC,17,159,189.52,51.97,2.25,526.33,15,19
910,186.12,true,60.93,8439,115.86,player-06015,MC,17,175,211.22,64.23,3.6,513.2,17,26
972,207.09,true,31.6,9250,117.55,player-06016,DEL,17,196,86.06,25,3.47,410.7,16,24
921,199.71,true,54.72,8615,117.5,player-06017,DEF,17,178,187.65,53.08,2.64,504.86,15,20
892,187.86,true,47.13,8296,113.87,player-06018,MC,17,172,217.12,63.18,3.82,518.85,12,19
893,195.96,true,57.53,8306,114.31,player-06019,DEL,17,173,208.11,62.05,3.82,518.37,12,19
799,203.03,true,62.92,7360,116.02,player-06020,DEF,17,140,225.87,61.14,3.34,544.92,17,25
1748,217.36,true,55.52,8285,120.18,player-06021,POR,11,351,181.85,55.46,3.1,519.39,19,27
981,196.86,true,75.2,4250,118.79,player-06022,DEF,11,200,282.89,76.53,3.24,598.54,20,29
767,207.16,true,75.16,3078,119.05,player-06023,DEF,11,165,291.82,81.41,2.83,618.03,19,26
1297,207.39,true,72.24,5885,119.76,player-06024,MC,11,265,244.98,68.75,3.74,572.14,16,25
1710,216.68,true,61.97,8059,119.75,player-06025,MC,11,343,189.68,58.58,3.78,526.12,21,33
1765,220.04,true,63.78,8390,118.85,player-06026,DEL,11,354,176.36,52.92,3.69,515.24,20,31
1669,227.03,true,55.83,7876,120.7,player-06027,DEF,11,333,183.77,54.67,2.36,531.5,21,27
1382,220.08,true,59.07,6326,122.88,player-06028,MC,11,282,221.07,60.59,2.28,564.03,22,28
1682,240.48,true,58.65,7936,121.38,player-06029,DEL,11,337,167.76,48.53,2.73,529.62,20,27
1602,212.12,true,62.1,7573,121.93,player-06030,DEF,11,320,206.26,58.29,3.22,540.32,18,26
216,230.03,true,91.51,2688,113.53,player-06031,POR,32,61,281.5,88.93,4.62,625.06,16,29
113,196.47,true,98,1366,116.34,player-06032,DEF,32,31,339,94.26,5.71,651.81,18,30
153,185.72,true,98,1895,116.66,player-06033,DEF,32,42,338.19,99,5.71,640.57,18,30
306,213.49,true,84.48,3814,116.82,player-06034,MC,32,89,275.62,77.9,3.71,605.94,18,28
240,204.46,true,83.42,2929,115.37,player-06035,MC,32,71,300.57,87.5,5.77,620.4,19,32
336,179.96,true,91.45,4313,116.82,player-06036,DEL,32,96,300.65,90.05,3.22,597.43,18,26
291,215.61,true,98,3554,115.14,player-06037,DEF,32,86,279.35,84.38,4.78,610.1,15,28
258,184.7,true,87.21,3124,114.54,player-06038,MC,32,78,318.01,94.48,4.49,617.26,13,23
170,197.12,true,98,2194,115.26,player-06039,DEL,32,50,322.07,99,4.78,634.45,15,28
135,204.54,true,90.31,1681,116.93,player-06040,DEF,32,37,323.15,98.2,5.79,644.62,16,27
33,300.8,true,66.31,527,124.77,player-06041,POR,34,3,252.96,70.1,4.89,678.52,15,25
367,226.76,true,62.8,4334,119.99,player-06042,DEF,34,26,250.43,74.13,7.11,597.19,12,22
313,279.29,true,65.25,3731,124.38,player-06043,DEF,34,23,203.54,61.91,4.21,607.21,16,27
207,302.75,true,53.15,2719,123.46,player-06044,MC,34,15,198.06,54.39,4.14,624.28,15,25
221,270.31,true,64.87,2920,121.31,player-06045,MC,34,18,229.09,65.55,4.14,620.71,15,25
161,295.89,true,66.01,2209,122.25,player-06046,DEL,34,11,216.03,67.41,6.42,634.17,13,21
218,260.03,true,63.4,2844,122.37,player-06047,DEF,34,16,239.74,68.97,5.51,622.14,13,24
169,276.12,true,68.51,2287,121.71,player-06048,MC,34,12,234.79,65.35,4.94,632.62,13,25
26,271.11,true,79.45,419,121.93,player-06049,DEL,34,2,290.1,80.61,4.26,683.14,16,24
496,241.77,true,57.85,5607,123.41,player-06050,DEF,34,32,211.64,57.51,4.23,576.82,13,22
,260.8,false,67.71,,111.76,player-06051,POR,43,,164.4,53.24,2.64,536.96,9,12
,229.76,false,62.51,,113.72,player-06052,DEF,43,,194.23,61.14,1.05,537.71,10,11
,246.1,false,63.69,,114.26,player-06053,DEF,43,,160.89,50.92,1.05,521.25,10,11
,229.75,false,58.15,,112.9,player-06054,MC,43,,196.47,62.54,3.22,539.12,9,13
,227.42,false,56.64,,115.74,player-06055,MC,43,,178.19,59.01,1.05,521.35,10,11
,240.94,false,80.38,,115.06,player-06056,DEL,43,,264.26,83.21,2.36,620.25,9,11
,183.09,false,64.29,,103.47,player-06057,DEF,43,,189.4,61.69,3.47,475.97,6,9
,234.81,false,77.26,,115.28,player-06058,MC,43,,267.89,78.28,2.45,617.99,10,13
,266.05,false,61.5,,110.3,player-06059,DEL,43,,188.7,64.07,3.47,565.04,8,12
,241.52,false,74.29,,110.56,player-06060,DEF,43,,254.64,88.16,4.26,606.72,7,10
188,223.29,true,47.52,8456,119.65,player-06061,POR,39,188,169.55,49.1,3.9,512.49,15,21
107,216.91,true,69.36,4585,121,player-06062,DEF,39,107,255.28,70.72,4.89,593.19,15,25
138,231.66,true,61.94,5733,122.04,player-06063,DEF,39,138,220.88,59.57,2.47,574.57,18,21
130,236.82,true,75.44,5367,122.67,player-06064,MC,39,130,221.07,68.03,3.84,580.56,17,24
114,217.24,true,71.48,4752,121.05,player-06065,MC,39,114,252.33,70.7,3.74,590.62,16,25
62,235.27,true,79.11,2596,117.94,player-06066,DEL,39,62,273.73,78.61,2.77,626.95,14,19
87,223.92,true,80.44,3567,121.49,player-06067,DEF,39,87,264.34,77.57,4.32,609.74,17,26
159,213.42,true,64.89,6655,121.06,player-06068,MC,39,159,223.25,60.96,4.18,557.73,15,22
83,220.61,true,75.15,3482,120.02,player-06069,DEL,39,83,270.87,75.97,2.64,611.51,15,20
126,225.12,true,72.19,5278,120.61,player-06070,DEF,39,126,236.18,72.47,2.36,581.91,14,18
367,204.97,true,74.52,5933,113.44,player-06071,POR,13,83,252.7,78.79,5.56,571.11,16,26
342,189.15,true,76.18,5526,115.87,player-06072,DEF,13,73,273.26,77.76,5.31,578.28,16,25
410,182.18,true,65.18,6697,114.02,player-06073,DEF,13,91,260.8,76.15,3.74,557.01,16,25
384,186.85,true,75.15,6261,113.08,player-06074,MC,13,85,265.36,71.83,3.64,565.28,13,20
413,200.92,true,75.25,6716,114.84,player-06075,MC,13,92,240.92,71.1,5.46,556.68,15,24
226,208.67,true,72.01,3753,114.81,player-06076,DEL,13,42,283.4,86.19,5.94,606.89,15,26
505,211.35,true,63.2,8115,115.8,player-06077,DEF,13,118,197.63,56.65,5.19,524.77,15,23
441,195.86,true,74.23,7059,112.68,player-06078,MC,13,103,242.22,72.21,3.08,550.77,12,17
516,160.63,true,73.35,8368,118.64,player-06079,DEL,13,120,236.55,67.5,2.64,515.82,15,20
112,182.42,true,93.86,1905,117.05,player-06080,DEF,13,15,340.98,99,2.52,640.45,16,21
295,257.24,true,61.51,4826,123.18,player-06081,POR,48,182,209.15,60.75,1.14,589.57,18,20
343,245.25,true,59.29,5434,120.93,player-06082,DEF,48,205,213.37,67.74,2.78,579.56,16,19
154,257.68,true,71.2,2746,121.82,player-06083,DEF,48,100,244.22,67.89,1.99,623.72,19,21
254,264.45,true,69.54,4185,122.83,player-06084,MC,48,160,212.38,65.15,2.09,599.65,18,20
152,246.03,true,68.83,2691,123.89,player-06085,MC,48,98,255.09,70.22,0.7,625,17,18
173,241.31,true,71.1,3046,123.04,player-06086,DEL,48,116,254.16,76.91,2.19,618.51,17,19
44,247.44,true,79.4,1005,123.69,player-06087,DEF,48,30,290.31,83.19,0.86,661.45,16,17
,294.95,false,56.44,,117.56,player-06088,MC,48,,185.24,62,2.59,597.75,14,16
117,257.08,true,77.27,2103,119.45,player-06089,DEL,48,77,260.01,72.06,3.1,636.53,14,17
488,262.04,true,63.26,7404,119.81,player-06090,DEF,48,279,162.06,53.02,3.3,543.91,13,16
,213.38,true,89.23,5782,111.13,player-06091,POR,52,17,249.31,81.2,9.8,573.81,10,28
,199.91,true,94.64,1931,112,player-06092,DEF,52,3,328.14,99,8.41,640.05,10,31
,186.68,true,96.3,3397,111.67,player-06093,DEF,52,7,314.4,97.76,7.32,612.75,10,29
,209.86,true,98,1378,111.53,player-06094,MC,52,1,330.1,99,8.6,651.49,10,30
,184.41,true,97.32,3152,109.03,player-06095,MC,52,6,323.38,99,9.89,616.82,9,32
,213.89,true,98,3085,108.36,player-06096,DEL,52,5,295.69,96.43,7.85,617.94,9,28
,200.59,true,98,4699,108.21,player-06097,DEF,52,12,282.65,91.05,9.64,591.45,9,27
,196.72,true,79.94,8338,109.81,player-06098,MC,52,28,210.43,66.27,9.21,516.96,8,27
,187.93,true,85.02,8899,106.39,player-06099,DEL,52,30,192.54,63.78,11,486.85,7,25
,203.94,true,89.97,6406,105.74,player-06100,DEF,52,21,252.73,84.7,11.51,562.4,7,26
,201.37,false,98,,120.06,player-06101,POR,03,,323.25,95.45,2.4,644.68,12,13
,217.57,false,93.44,,120.2,player-06102,DEF,03,,298.86,93.16,3.37,636.62,11,14
584,212.41,true,85.89,5852,122.8,player-06103,DEF,03,237,237.52,71.12,3.14,572.74,16,20
610,204.53,true,77.36,6086,122.64,player-06104,MC,03,246,241.25,76.83,1.81,568.43,15,18
82,208.74,true,98,882,121.58,player-06105,MC,03,32,335.03,94.44,2.18,665.36,14,16
195,218.33,true,98,1987,119.45,player-06106,DEL,03,78,301.08,97.58,2.68,638.86,13,15
243,194.43,true,90.7,2580,119.71,player-06107,DEF,03,99,313.19,92.96,3.64,627.33,14,17
138,209.31,true,98,1462,119.2,player-06108,MC,03,55,320.74,99,4.48,649.24,13,17
122,209.39,true,98,1270,122.53,player-06109,DEL,03,49,322.09,93.58,4.42,654.01,13,18
,210.85,false,88.43,,115.39,player-06110,DEF,03,,270.99,82.28,3.86,597.24,11,14
702,192.08,true,98,6434,110.95,player-06111,POR,08,318,258.84,83.45,5.9,561.86,9,16
,225.99,false,73.69,,112.94,player-06112,DEF,08,,236.08,75.19,3.22,575.01,9,13
575,192.49,true,91.06,5220,114.11,player-06113,DEF,08,263,276.27,86.55,5.65,582.87,10,17
737,191.19,true,69.61,6721,114.77,player-06114,MC,08,333,250.69,72.01,4.46,556.65,11,16
539,208.12,true,79.31,4934,116.95,player-06115,MC,08,244,262.6,76.16,4.79,587.67,11,17
741,190.75,true,73.98,6743,115.17,player-06116,DEL,08,336,250.41,73.24,5.59,556.33,11,20
,197.4,false,80.74,,112.51,player-06117,DEF,08,,282.33,80.76,5.16,592.24,9,14
554,193.24,true,91.64,5038,115.24,player-06118,MC,08,249,277.55,82.79,3.78,586.02,11,17
453,205.88,true,84.51,4230,116.95,player-06119,DEL,08,207,276.07,79.51,5.09,598.9,12,20
781,192.55,true,92.79,7223,111.77,player-06120,DEF,08,356,243.45,77.39,5.43,547.77,9,15
416,208.51,true,56.54,6342,117.11,player-06121,POR,48,244,238.01,68.25,3.64,563.63,24,31
487,209.84,true,54.66,7392,117.08,player-06122,DEF,48,278,217.24,61.96,3.85,544.17,22,32
532,224.86,true,54.08,7940,117.33,player-06123,DEF,48,300,187.33,52.11,3.73,529.52,25,33
648,256.08,true,46.39,9071,119.05,player-06124,MC,48,368,95.72,29.32,3.53,470.85,25,32
481,206.26,true,62.08,7336,117.71,player-06125,MC,48,274,221.46,60.48,1.93,545.43,23,28
251,230.58,true,68.2,4162,117.7,player-06126,DEL,48,157,251.79,70.42,3.56,600.07,21,26
566,249.19,true,44.37,8302,117.31,player-06127,DEF,48,321,152.18,42.58,4.33,518.68,23,33
554,247.61,true,48.27,8198,120.25,player-06128,MC,48,313,154.11,43.73,2.7,521.97,19,23
,220.21,false,52.37,,117.51,player-06129,DEL,48,,165.69,54.22,4.38,503.42,18,28
330,247.06,true,60.07,5229,115.96,player-06130,DEF,48,200,219.66,59.69,3.97,582.67,21,31
122,224.57,true,98,363,123.48,player-06131,POR,11,20,338.37,99,4.47,686.41,26,35
80,223.68,true,93.15,227,125.31,player-06132,DEF,11,10,346.74,99,1.86,695.74,24,29
198,210.74,true,92.33,615,123.57,player-06133,DEF,11,37,340.56,93.86,3.07,674.87,28,37
251,191.87,true,98,814,120.69,player-06134,MC,11,48,355.07,96.5,4.92,667.62,27,36
248,189.07,true,96.99,786,120.39,player-06135,MC,11,46,359.15,99,4.15,668.61,24,33
920,194.79,true,80.72,3916,121.98,player-06136,DEL,11,193,287.52,85.8,4.78,604.29,28,37
900,197.49,true,86.92,3810,121.23,player-06137,DEF,11,191,287.26,81.83,5.08,605.98,28,39
218,218.12,true,98,684,123.4,player-06138,MC,11,42,330.81,94.7,4.09,672.33,26,33
1074,185.59,true,84.21,4769,119.31,player-06139,DEL,11,217,285.44,83.67,3.32,590.35,25,31
1378,186.37,true,93.95,6307,122.05,player-06140,DEF,11,281,255.97,79.51,3.6,564.4,27,35
1263,167.35,true,73.43,5739,118.93,player-06141,POR,41,248,288.23,78.95,2.64,574.51,21,28
1806,151.32,true,68.75,8601,119.81,player-06142,DEF,41,364,234.43,67.47,2.83,505.56,19,26
1357,192.62,true,71.82,6179,118.39,player-06143,DEF,41,263,255.72,71.49,2.94,566.73,18,25
1839,177.13,true,65.15,8812,118.72,player-06144,MC,41,370,197.56,57.73,2.73,493.41,20,27
1770,169.96,true,66.89,8410,119.32,player-06145,MC,41,359,225.27,62.1,2.06,514.55,21,26
1487,178.23,true,68.98,6853,118.27,player-06146,DEL,41,300,257.87,71.69,3.35,554.37,19,28
1776,205.96,true,61.14,8426,119.09,player-06147,DEF,41,360,188.87,59.39,3,513.92,15,21
1690,168.38,true,71.81,7973,119.9,player-06148,MC,41,340,240.27,72.29,2.41,528.55,17,22
1636,195.24,true,67.55,7726,122.25,player-06149,DEL,41,328,218.38,61.5,1.74,535.86,21,25
988,196.21,true,77.86,4300,120.87,player-06150,DEF,41,194,280.56,86.14,2.52,597.64,16,21
188,259.17,true,64.38,2504,116.67,player-06151,POR,49,15,252.92,76.13,5.86,628.76,13,26
691,233.94,true,64.39,7603,113.34,player-06152,DEF,49,67,192.15,56.2,6.36,539.42,14,32
18,274.13,true,76.66,328,114.35,player-06153,DEF,49,1,300.22,85.14,5.31,688.7,13,23
35,237.37,true,87.12,566,118.6,player-06154,MC,49,2,320.71,90.32,4.58,676.67,15,27
100,266.07,true,71.05,1507,117.39,player-06155,MC,49,5,264.72,74.71,5.33,648.18,13,27
500,241.91,true,71.42,5663,115.06,player-06156,DEL,49,47,218.92,67.45,5.14,575.89,12,24
164,253.67,true,68.34,2233,118.26,player-06157,DEF,49,12,261.76,71.99,4.76,633.68,14,26
359,226.08,true,72.11,4180,115.81,player-06158,MC,49,36,257.86,71.11,5.65,599.75,14,27
317,219.92,true,70.16,3792,116.32,player-06159,DEL,49,31,270.08,78.32,5.83,606.32,14,28
559,245.98,true,60.53,6209,115.93,player-06160,DEF,49,57,204.37,58.22,5.45,566.28,15,28
248,143.55,true,92.09,3998,114.37,player-06161,POR,19,21,345.01,97.47,5.36,602.93,11,23
331,172.32,true,78.98,5376,113.16,player-06162,DEF,19,28,294.92,86.72,4.53,580.39,10,17
380,188.79,true,74.6,6152,113.11,player-06163,DEF,19,32,265.29,74.92,5.34,567.18,12,25
390,162.66,true,82.58,6352,116.66,player-06164,MC,19,34,284.09,83.37,4.43,563.41,12,21
409,192.53,true,78.67,6694,116.64,player-06165,MC,19,39,247.95,71.98,4.69,557.13,12,22
573,167.64,true,73.99,9255,115.2,player-06166,DEL,19,59,113.73,36.8,4.9,396.57,11,21
430,156.74,true,79.34,6928,114.64,player-06167,DEF,19,42,281.51,81.41,5.14,552.89,10,20
460,177.79,true,80.88,7366,113.39,player-06168,MC,19,46,253.66,77.01,5.96,544.84,11,25
569,161.95,true,64.97,9158,114.47,player-06169,DEL,19,58,177.98,55.57,5.79,454.4,10,23
466,184.47,true,79.87,7473,114.14,player-06170,DEF,19,47,243.83,77.62,6.33,542.43,8,19
1578,176.96,true,70.8,7396,125.5,player-06171,POR,21,158,241.61,66.39,5.85,544.06,17,29
1033,174.65,true,82.77,4546,125.07,player-06172,DEF,21,104,294.21,86.72,7.13,593.93,21,31
1532,163.99,true,78.4,7111,126.49,player-06173,DEF,21,153,259.48,79.35,6.81,549.96,22,31
1149,168.06,true,80.15,5160,126.31,player-06174,MC,21,119,289.67,79.98,5.26,584.04,20,31
1716,171.48,true,72.65,8084,126.79,player-06175,MC,21,177,227.33,64.53,5.33,525.59,21,30
1741,184.99,true,71.01,8240,124.5,player-06176,DEL,21,179,211.36,60.17,5.38,520.85,19,30
1673,179.36,true,57.53,7907,126.73,player-06177,DEF,21,172,224.41,62.44,5.44,530.49,22,32
1708,178.35,true,60.52,8046,126.83,player-06178,MC,21,176,221.22,66.25,5.69,526.4,17,25
1633,163.31,true,71.25,7715,126.59,player-06179,DEL,21,164,246.2,66.4,7.05,536.09,20,29
1835,200.57,true,54.77,8775,126.99,player-06180,DEF,21,183,168.06,50.26,6.7,495.62,19,26
,252.78,false,65.08,,112.9,player-06181,POR,41,,195.87,59.35,2.28,561.55,11,14
1414,237.59,true,62.42,6502,115.64,player-06182,DEF,41,276,207.41,61.48,2.01,560.64,13,16
1322,249.23,true,65.16,6044,111.83,player-06183,DEF,41,258,208.11,62.33,4.03,569.17,11,18
,237.44,false,64.54,,112.21,player-06184,MC,41,,226.42,71.11,1.81,576.08,10,12
1854,217.28,true,50.43,8928,111.5,player-06185,MC,41,374,155.78,46.59,2.81,484.56,11,15
1588,263.69,true,46.82,7444,111.88,player-06186,DEL,41,319,167.49,46.79,3.26,543.06,11,16
1645,244.17,true,50.69,7769,115.53,player-06187,DEF,41,330,175.14,53.4,2.92,534.84,13,18
1742,252.89,true,72.78,8241,114.43,player-06188,MC,41,352,153.52,48.15,2.01,520.84,13,16
1852,244.79,true,37.99,8926,112.42,player-06189,DEL,41,373,127.52,36.16,3.47,484.72,12,18
,252.25,false,59.33,,108.39,player-06190,DEF,41,,194.56,57.52,3,555.2,10,14
,195.05,false,56.47,,113.44,player-06191,POR,13,,196.85,58.13,3.18,505.34,11,13
520,226.32,true,62.87,8422,108.59,player-06192,DEF,13,123,179.3,53.89,5.43,514.21,9,15
,161.6,false,73.45,,111.5,player-06193,DEF,13,,258.76,77.27,2.45,531.85,10,13
481,208.72,true,75.03,7792,112.4,player-06194,MC,13,113,213.08,63.99,4.46,534.21,11,16
521,189.27,true,62.95,8440,111.27,player-06195,MC,13,124,212.55,62.62,3.47,513.09,10,15
,199.03,false,70.28,,98.46,player-06196,DEL,13,,212.65,72.05,4.69,510.14,6,11
,214.43,false,63.16,,105.16,player-06197,DEF,13,,206.62,63.46,5.49,526.22,8,13
,223.6,false,69.35,,99.13,player-06198,MC,13,,209.23,76.48,1.57,531.96,6,7
,206.07,false,64.25,,107.48,player-06199,DEL,13,,214.65,74.54,2.64,528.2,9,12
,207.91,false,70.73,,110.73,player-06200,DEF,13,,232.14,80.72,4.44,550.78,10,14
712,244.26,true,51.95,7823,124.8,player-06201,POR,37,137,164.18,48.68,3.62,533.24,15,23
429,264.69,true,50.28,4842,124.53,player-06202,DEF,37,93,200.04,57.48,3.47,589.25,16,24
255,267.04,true,65.96,3207,124.82,player-06203,DEF,37,63,224.07,62.11,3.32,615.93,15,22
94,267.63,true,78.11,1397,125.36,player-06204,MC,37,33,257.77,76.52,2.87,650.76,16,22
687,254.45,true,66.76,7554,122.84,player-06205,MC,37,134,163.56,49.48,3.64,540.85,13,20
595,259.04,true,56.49,6620,124.38,player-06206,DEL,37,125,175.19,53.89,3.14,558.61,14,20
303,241.91,true,64.72,3627,124.45,player-06207,DEF,37,75,242.36,70.49,4.23,608.72,13,22
758,249.59,true,53.84,8386,122.42,player-06208,MC,37,145,143.42,41.7,3.89,515.43,15,24
491,235.47,true,73.75,5566,125.61,player-06209,DEL,37,112,216.4,62.74,3.32,577.47,15,22
404,267.49,true,58.52,4597,124.99,player-06210,DEF,37,89,200.56,61.72,3,593.04,15,21
176,204.97,true,49.27,8345,122.29,player-06211,POR,26,176,189.48,56.18,2.81,516.74,11,15
192,224.1,true,44.41,8921,124.36,player-06212,DEF,26,192,136.42,38.11,3.08,484.88,12,17
136,226.05,true,57.93,5740,121.23,player-06213,DEF,26,136,227.2,69.53,3.67,574.49,11,17
199,224.75,true,44.95,9101,124.33,player-06214,MC,26,199,116.81,36.37,3.82,465.88,12,19
204,219.15,true,37,9236,122.28,player-06215,MC,26,204,83.81,25,4.64,425.25,11,20
188,220.66,true,39.79,8726,125.31,player-06216,DEL,26,188,153.08,45.02,2.49,499.06,13,17
194,228.3,true,39.7,8991,122.26,player-06217,DEF,26,194,128.03,38.93,4.03,478.59,11,18
197,214.53,true,48.31,9044,123.26,player-06218,MC,26,197,136.7,40.64,3.82,474.48,12,19
186,236.07,true,46.74,8652,121.92,player-06219,DEL,26,186,144.97,45.69,3.89,502.96,10,16
157,228.61,true,58.18,7087,121.89,player-06220,DEF,26,157,199.78,63.98,4.35,550.27,11,19
149,198.7,true,81.33,3744,118.31,player-06221,POR,28,149,290.06,89.1,2.87,607.06,13,17
319,203.32,true,65.82,7490,119.06,player-06222,DEF,28,319,219.65,63.99,3.47,542.03,14,21
188,209.47,true,78.5,4724,118.75,player-06223,DEF,28,188,262.79,74.89,3.47,591,14,21
50,216.62,true,84.11,1073,118.91,player-06224,MC,28,50,324.06,95.88,3.47,659.59,14,21
167,186.6,true,88.63,4171,116.24,player-06225,MC,28,167,297.09,86.74,3.66,599.93,12,18
166,202.78,true,75.93,4159,114.77,player-06226,DEL,28,166,282.54,83.01,4.39,600.09,11,19
135,205.51,true,77.59,3485,118.67,player-06227,DEF,28,135,287.22,82.64,3.14,611.4,14,20
310,213.7,true,61.64,7327,119.13,player-06228,MC,28,310,212.8,64.38,3.3,545.63,13,19
174,195.7,true,79.84,4346,112.61,player-06229,DEL,28,174,288.65,82.51,3.77,596.97,11,17
237,194.42,true,72.67,5659,120.78,player-06230,DEF,28,237,260.76,76.82,3,575.96,15,21
77,274.42,true,82.32,810,123.01,player-06231,POR,46,37,270.28,81.12,1.45,667.71,14,16
440,260.6,true,59.47,4362,125.05,player-06232,DEF,46,167,211.04,58.62,1.96,596.68,18,22
434,254.06,true,70.81,4305,124.2,player-06233,DEF,46,165,219.31,65,3.27,597.56,17,22
546,250.28,true,59.53,5461,125.46,player-06234,MC,46,211,203.44,60.36,2.82,579.18,18,22
559,260.65,true,70.38,5605,125.38,player-06235,MC,46,215,190.81,57.51,2.36,576.85,19,22
356,244.64,true,72.04,3660,123.81,player-06236,DEL,46,141,239.79,71.57,2.44,608.23,15,17
626,272.13,true,55.57,6238,123.79,player-06237,DEF,46,242,169.77,51.83,1.96,565.69,15,16
801,251.39,true,58.03,7951,122.34,player-06238,MC,46,315,155.46,47.11,1.32,529.19,15,17
265,255.05,true,66.3,2785,124.33,player-06239,DEL,46,104,243.54,67.03,2.31,622.92,16,18
370,250.68,true,70.5,3757,122.23,player-06240,DEF,46,148,233.93,66.08,2.36,606.83,14,18
520,250.84,true,68.15,5815,118.04,player-06241,POR,24,50,204.43,59.28,2.92,573.31,13,18
624,237.52,true,62.64,6897,116.98,player-06242,DEF,24,71,198.83,57.12,3.14,553.32,14,20
312,245.59,true,73.89,3727,118.1,player-06243,DEF,24,24,243.55,72.97,3.14,607.23,14,20
376,242.84,true,60.31,4417,117.28,player-06244,MC,24,34,235.59,66.34,2.77,595.71,14,19
96,273.69,true,75.88,1431,115.16,player-06245,MC,24,4,261.06,72.55,3.08,649.92,12,17
282,259.49,true,75.86,3390,115.37,player-06246,DEL,24,19,237.99,73.3,3.67,612.84,11,17
105,263.63,true,72.93,1571,118.16,player-06247,DEF,24,5,265.44,77.28,2.25,647.23,15,19
380,220.75,true,78.89,4435,114.04,player-06248,MC,24,35,260.69,79.95,3.95,595.47,13,21
630,251.64,true,66.76,6954,111.44,player-06249,DEL,24,73,189.37,55.24,4.88,552.46,10,19
481,237.02,true,71,5436,115.39,player-06250,DEF,24,46,227.13,65.14,3.82,579.55,12,19
467,240.6,true,71.29,4321,117.61,player-06251,POR,17,89,239.11,67.08,2.41,597.32,17,22
224,253.46,true,75.25,2074,117.38,player-06252,DEF,17,40,266.27,75.21,1.19,637.1,17,19
366,248.19,true,68.58,3494,118.74,player-06253,DEF,17,73,244.34,66.44,1.88,611.26,19,23
402,248,true,65.13,3786,115.8,player-06254,MC,17,77,242.61,69.11,2.75,606.41,17,23
864,234.9,true,47.96,8052,117.47,player-06255,MC,17,160,173.9,50.37,1.72,526.27,16,19
221,276.37,true,70.58,2052,117.1,player-06256,DEL,17,38,244.09,70.53,2.64,637.56,15,20
271,268.3,true,68.61,2502,114.07,player-06257,DEF,17,52,246.42,66.46,2.14,628.79,16,20
223,248.06,true,81.24,2061,114.69,player-06258,MC,17,39,274.59,84.74,1.51,637.34,15,17
294,286.24,true,66.18,2839,112.24,player-06259,DEL,17,58,223.69,65.19,2.49,622.18,13,17
267,256.23,true,70.02,2457,116.55,player-06260,DEF,17,50,256.97,71.06,0.73,629.75,16,17
143,224.03,true,92.52,2565,111.69,player-06261,POR,01,22,291.83,88.07,4.07,627.56,17,28
238,205.94,true,90.95,3966,112.94,player-06262,DEF,01,45,284.68,86.37,4.07,603.57,17,28
133,228.08,true,85.67,2400,107.42,player-06263,DEF,01,20,295.27,86.46,4.37,630.77,15,26
125,218.64,true,84.11,2297,108.16,player-06264,MC,01,17,305.6,86.69,3.89,632.4,15,24
129,210.43,true,96.11,2347,109.61,player-06265,MC,01,19,311.66,98,4.81,631.7,16,30
281,215.49,true,79.1,4638,108.93,player-06266,DEL,01,54,268.05,82.21,4.81,592.47,16,30
107,226.62,true,85.14,1954,111.5,player-06267,DEF,01,15,301.47,85.69,4.28,639.59,17,29
394,235.98,true,86.17,6065,106.54,player-06268,MC,01,73,226.29,68.75,5.34,568.81,12,25
144,205,true,83.06,2586,110.64,player-06269,DEL,01,23,311.57,85.24,3.6,627.21,17,26
217,218.51,true,76.5,3716,112.7,player-06270,DEF,01,38,276.17,77.57,3.62,607.38,15,23
61,241.2,true,66.33,1420,120.98,player-06271,POR,28,61,287.96,87.82,2.04,650.15,17,21
290,209.35,true,71.99,7021,125.04,player-06272,DEF,28,290,217.11,65.01,1.57,551.5,18,21
88,220.74,true,68.21,2168,122.52,player-06273,DEF,28,88,291.78,81.43,1.88,635.05,19,23
316,226.94,true,51.69,7414,122.92,player-06274,MC,28,316,193.81,58.22,2.04,543.67,17,21
128,230.07,true,73.08,3162,122.52,player-06275,MC,28,128,264.12,77.12,1.88,616.71,19,23
62,239.06,true,76.23,1433,120.44,player-06276,DEL,28,62,290.3,85,0.83,649.79,17,18
282,238.8,true,58.76,6845,122.76,player-06277,DEF,28,282,193.02,58.89,1.5,554.59,19,22
206,245.62,true,54.18,5023,119.2,player-06278,MC,28,206,221.36,62.61,2.25,586.19,15,19
258,222.12,true,59.95,6256,122.06,player-06279,DEL,28,258,221.17,61.97,2.41,565.35,17,22
44,221.13,true,82.31,867,120.41,player-06280,DEF,28,44,324.25,94.71,1.66,665.79,16,18
1804,224.49,true,57.52,8598,120.54,player-06281,POR,18,127,160.9,49.22,2.76,505.92,13,15
,214.06,false,50.28,,117.98,player-06282,DEF,18,,160.86,52.99,2.95,492.9,12,14
,222.53,false,47.56,,119.03,player-06283,DEF,18,,177.86,55.62,2.24,519.42,13,14
1115,212.68,true,66.07,4982,120.46,player-06284,MC,18,84,253.66,76.99,2.76,586.79,13,15
1772,211.2,true,58.45,8415,120.22,player-06285,MC,18,124,183.03,53.09,2.76,514.44,13,15
,229.61,false,63.14,,113.84,player-06286,DEL,18,,152.92,50.97,1.96,496.36,9,11
,215.39,false,66.83,,119.33,player-06287,DEF,18,,219.12,64.82,2.61,553.84,11,12
,213.47,false,53.15,,117.87,player-06288,MC,18,,193.9,59.35,3.18,525.24,11,13
,194.88,false,54.76,,117.94,player-06289,DEL,18,,179.64,52.1,2.41,492.46,12,13
,223.5,false,58.23,,119.01,player-06290,DEF,18,,201.64,61.51,2.41,544.15,12,13
427,262.75,true,59.68,6464,114.76,player-06291,POR,01,80,183.8,56.36,3.74,561.31,16,25
447,217.01,true,61.67,6912,113.09,player-06292,DEF,01,85,222.96,60.57,4.74,553.06,16,26
369,249.88,true,59.05,5708,114.05,player-06293,DEF,01,68,211.11,61.59,4.79,575.04,17,28
493,227.34,true,51.58,7464,114.13,player-06294,MC,01,95,201.24,59.52,4.59,542.71,17,27
431,223.8,true,62.52,6597,114.09,player-06295,MC,01,82,221.08,65.38,5.15,558.97,16,28
527,226.63,true,54.58,7872,113.34,player-06296,DEL,01,108,191.68,55.16,5.12,531.66,15,26
308,231.56,true,59.04,5017,113.92,player-06297,DEF,01,59,240.77,71.65,5.15,586.25,16,28
451,233.64,true,67.36,6975,112.87,player-06298,MC,01,88,205.57,59.67,3.62,552.08,15,23
660,198.39,true,46.58,9168,115.29,player-06299,DEL,01,133,138.82,39.36,3.99,452.51,16,26
583,231.01,true,60.34,8507,110.63,player-06300,DEF,01,117,168.84,47.99,4.31,510.48,14,24
379,224.42,true,86.08,1336,120.73,player-06301,POR,41,66,307.33,88.87,2.06,652.49,21,26
1225,234.34,true,72.81,5504,120.81,player-06302,DEF,41,242,223.44,65.51,2.06,578.59,21,26
1262,229.42,true,68.25,5715,119.74,player-06303,DEF,41,247,225.66,65.29,2.14,574.82,20,25
664,220.47,true,75.54,2543,124.54,player-06304,MC,41,124,282.9,82.65,1.05,627.91,20,22
898,215.37,true,92.62,3799,121.3,player-06305,MC,41,180,269.5,81.71,2.36,606.17,21,27
461,230.48,true,73.09,1747,123.24,player-06306,DEL,41,84,289.81,82.92,1.44,643.54,20,23
367,205.2,true,98,1293,121.48,player-06307,DEF,41,64,326.78,94.64,1.39,653.47,17,19
127,234.26,true,93.03,382,121.67,player-06308,MC,41,20,329.19,99,1.88,685.12,19,23
297,219.82,true,85.9,1011,121.34,player-06309,DEL,41,48,320.13,92.93,1.81,661.29,20,24
826,241.41,true,85.61,3389,121.16,player-06310,DEF,41,158,250.28,74.73,1.68,612.85,22,26
431,272.41,true,59.21,4060,123.82,player-06311,POR,08,194,205.65,61.06,1.62,601.87,23,27
664,245.13,true,54.98,6079,122.44,player-06312,DEF,08,301,200.93,54.19,1.47,568.49,26,30
563,279.45,true,55.15,5123,117.99,player-06313,DEF,08,256,187.13,54.03,2.06,584.57,21,26
891,216.1,true,56.02,8295,122.34,player-06314,MC,08,392,180.42,54.25,1.44,518.86,20,23
760,250.55,true,53.91,7012,124.32,player-06315,MC,08,346,176.77,50.21,1.39,551.64,21,24
821,249.71,true,39.33,7587,121.44,player-06316,DEL,08,372,168.78,49.08,2.08,539.93,25,31
754,260.73,true,53.01,6944,122.5,player-06317,DEF,08,341,169.43,48.11,1.68,552.67,22,26
816,262.23,true,44.15,7553,121.35,player-06318,MC,08,371,157.28,44.82,2.28,540.86,22,28
627,231.71,true,58.31,5764,120.85,player-06319,DEL,08,284,221.47,65.88,1.57,574.04,18,21
565,260.49,true,61.02,5148,122.62,player-06320,DEF,08,258,201.08,56.6,1.62,584.19,23,27
218,273.67,true,66.6,2277,121.79,player-06321,POR,03,88,237.33,66.08,2.64,632.8,15,20
668,273.9,true,57.16,6668,123.93,player-06322,DEF,03,268,159.72,47.26,3.59,557.54,15,20
344,263.82,true,69.21,3501,124.53,player-06323,DEF,03,137,222.82,65.92,4.09,611.17,17,25
462,239.12,true,74.3,4619,121.57,player-06324,MC,03,195,232.06,73.94,4,592.74,16,23
3,288.77,true,87.85,43,123.46,player-06325,MC,03,2,313.4,92.5,3.42,725.63,16,21
284,264.05,true,74.92,2935,122.08,player-06326,DEL,03,115,234.19,70.58,3.9,620.32,15,21
310,274.92,true,63.45,3182,124.62,player-06327,DEF,03,122,216.82,60.27,2.82,616.36,18,22
,217.46,false,82.54,,122.89,player-06328,MC,03,,232.62,76.42,1.9,572.97,14,17
459,246.46,true,73.43,4583,125.12,player-06329,DEL,03,194,221.67,63.56,3.13,593.24,18,23
64,280.24,true,69.14,697,121.33,player-06330,DEF,03,23,270.18,78.21,3.47,671.75,16,24
85,199.57,true,96.99,761,115.1,player-06331,POR,43,20,354.84,99,3.78,669.51,14,22
674,190.11,true,80.14,6127,118.05,player-06332,DEF,43,173,259.5,77.6,3.22,567.66,18,26
311,197.9,true,84.44,3002,119.74,player-06333,DEF,43,65,301.73,83.27,3.87,619.37,17,24
90,199.65,true,98,854,116.69,player-06334,MC,43,21,349.81,96.87,4.74,666.15,16,26
372,185.82,true,88.27,3546,117.61,player-06335,MC,43,85,306.84,92.81,4.74,610.28,16,26
362,192.78,true,81.51,3448,117.99,player-06336,DEL,43,80,301.25,93.32,4.05,612.02,19,28
180,202.41,true,88.22,1735,117.92,player-06337,DEF,43,40,323.36,99,3.97,643.69,18,26
596,169.78,true,88.05,5417,118.3,player-06338,MC,43,147,291.76,82.2,2.94,579.84,18,25
710,188.23,true,83.45,6470,118.16,player-06339,DEL,43,187,254.81,74.04,2.64,561.2,15,20
697,177.11,true,94.66,6403,118.33,player-06340,DEF,43,180,267.02,79.97,2.04,562.46,17,21
175,210.85,true,71.53,4348,118.41,player-06341,POR,28,175,267.7,78.85,3.84,596.96,17,27
197,204.56,true,71.32,4916,119.04,player-06342,DEF,28,197,264.42,76.21,4.21,588.02,16,27
83,192.9,true,92.04,2071,118.95,player-06343,DEF,28,83,325.3,93.15,4.14,637.15,18,30
181,203.26,true,78.63,4581,118.27,player-06344,MC,28,181,271.73,81.92,3.71,593.26,18,28
358,185.8,true,63.35,8167,117.12,player-06345,MC,28,358,220.07,61.33,3.81,522.99,19,30
132,213.63,true,90.89,3270,117.81,player-06346,DEL,28,132,283.5,83.66,3.35,614.93,19,28
195,208.23,true,75.17,4889,119.48,player-06347,DEF,28,195,260.75,73.99,3.84,588.45,17,27
221,227.36,true,70.25,5375,115.04,player-06348,MC,28,221,238.03,69.8,4.28,580.43,17,29
359,195.51,true,57.09,8209,118.57,player-06349,DEL,28,359,207.4,57.48,3.47,521.48,18,27
74,229.82,true,85.86,1772,120.87,player-06350,DEF,28,74,292.3,92.3,3.24,642.99,20,29
59,198.49,true,98,1216,117.6,player-06351,POR,48,40,339.33,99,3.04,655.42,16,19
1,243.5,true,96.56,52,119.2,player-06352,DEF,48,1,359.79,98.22,2.64,722.48,18,24
131,256.01,true,87.96,2376,117.86,player-06353,DEF,48,85,257.26,73.83,2.64,631.12,18,24
12,232.76,true,98,380,116.24,player-06354,MC,48,7,336.24,94.62,4.17,685.24,14,19
240,230.89,true,85.2,3973,115.52,player-06355,MC,48,150,257.09,76.64,2.52,603.5,16,21
175,209.34,true,98,3116,117.27,player-06356,DEL,48,118,290.75,89.09,3.76,617.35,15,20
17,209.69,true,98,446,117.83,player-06357,DEF,48,11,354.59,98.2,1.64,682.11,17,20
42,252.29,true,98,968,116.95,player-06358,MC,48,28,293.46,84.79,2.54,662.7,19,25
140,224.33,true,81.32,2527,117.26,player-06359,DEL,48,91,286.76,83.84,3.2,628.35,16,20
53,249.34,true,98,1137,117.08,player-06360,DEF,48,36,291.08,88.29,2.41,657.5,17,22
1527,238.04,true,64.78,7093,109.07,player-06361,POR,04,82,203.12,59.7,6.17,550.23,14,30
682,212.9,true,85.67,2665,111.2,player-06362,DEF,04,35,301.5,83.72,5.51,625.61,14,26
1318,200.38,true,71.42,6038,113.56,player-06363,DEF,04,67,255.31,74.87,4.89,569.24,15,25
669,231.52,true,75.56,2587,111.46,player-06364,MC,04,34,284.21,80.99,5.83,627.19,14,28
1585,226.99,true,77.02,7439,110.63,player-06365,MC,04,88,205.59,60.7,5.97,543.21,15,31
996,221.13,true,84.23,4358,107.92,player-06366,DEL,04,54,267.76,84.27,5.83,596.8,15,30
458,221.3,true,91.27,1726,112.12,player-06367,DEF,04,22,310.41,87.4,5.14,643.83,15,30
1550,243.13,true,65.8,7235,114.7,player-06368,MC,04,85,189.69,57.88,4.49,547.52,13,23
388,243.5,true,85.41,1381,114.25,player-06369,DEL,04,19,293.65,84.95,3.95,651.4,13,21
944,214.37,true,77.57,4053,114.43,player-06370,DEF,04,46,273.23,74.48,3.64,602.03,13,20
840,223.83,true,60.16,7813,122.12,player-06371,POR,08,376,187.79,56.94,3.78,533.73,14,22
125,216.81,true,86.42,1180,124.12,player-06372,DEF,08,62,315.56,90.21,3.18,656.49,16,23
,218.66,false,72.73,,122.49,player-06373,DEF,08,,235.37,77.63,3.99,576.52,16,26
422,221.92,true,70.9,3967,119.42,player-06374,MC,08,190,262.22,76.07,4.14,603.56,12,20
628,217.4,true,69.25,5779,123.27,player-06375,MC,08,285,233.18,66.86,3.89,573.84,15,24
457,242.74,true,67.48,4269,123.29,player-06376,DEL,08,210,232.22,69.65,3.32,598.26,15,22
620,219.86,true,72.71,5704,124.52,player-06377,DEF,08,281,230.73,65.22,3.06,575.11,17,24
579,207.67,true,70.29,5240,119.7,player-06378,MC,08,265,255.18,73.01,3.78,582.55,14,22
784,211.8,true,60.49,7242,122.7,player-06379,DEL,08,358,212.82,59.25,3.6,547.32,17,26
712,221.53,true,64.41,6475,121.98,player-06380,DEF,08,322,217.65,65.06,3,561.16,15,21
63,239.95,true,82.83,1441,123.13,player-06381,POR,28,63,286.54,82.35,1.39,649.61,21,24
6,248.24,true,94.47,60,122.27,player-06382,DEF,28,6,348.57,94.01,1.99,719.08,22,27
121,243.36,true,79.47,3008,123.96,player-06383,DEF,28,121,251.91,76.59,2.4,619.24,24,31
51,208.62,true,94.35,1101,123.49,player-06384,MC,28,51,326.31,95.04,2.56,658.43,25,33
110,220.03,true,83.89,2810,122.24,player-06385,MC,28,110,280.31,79.85,2.55,622.58,22,29
54,221.41,true,79.79,1233,122.54,player-06386,DEL,28,54,310.98,86.18,2.9,654.93,21,29
12,265.25,true,85.33,198,121.33,player-06387,DEF,28,12,311.91,85.42,2.21,698.48,23,29
64,206.16,true,88.91,1496,123.06,player-06388,MC,28,64,319.17,86.08,2.49,648.39,26,34
76,239.94,true,90.36,1810,123.25,player-06389,DEL,28,76,278.85,81.36,2.14,642.05,24,30
164,221.66,true,82.17,4095,124.12,player-06390,DEF,28,164,255.31,76.93,2.55,601.09,22,29
569,185.59,true,81.86,5707,123.69,player-06391,POR,46,219,265.76,76.28,2.9,575.05,21,29
328,179.07,true,84.67,3357,123.01,player-06392,DEF,46,132,311.34,89.9,2.64,613.42,21,28
711,172.66,true,68.88,7089,122.49,player-06393,DEF,46,278,255.11,69.6,2.28,550.26,22,28
204,189.33,true,81.62,2108,123.64,player-06394,MC,46,80,323.42,92.62,3.71,636.38,18,28
215,200.55,true,78.47,2245,122.71,player-06395,MC,46,86,310.26,86.86,2.95,633.51,23,32
606,186.83,true,81.34,6021,122.82,player-06396,DEL,46,234,259.92,77.56,3.2,569.57,25,36
264,184.3,true,82.87,2779,122.48,player-06397,DEF,46,103,316.22,91.8,3.17,623,23,33
564,186.49,true,73.23,5632,122.75,player-06398,MC,46,216,267.11,75.92,2.95,576.35,23,32
637,175.9,true,85.26,6371,123.27,player-06399,DEL,46,246,263.95,74.89,2.55,563.12,22,29
102,212.64,true,82.99,1109,122.57,player-06400,DEF,46,47,323.12,90.9,1.99,658.33,22,27
298,258.86,true,68.83,4923,123.16,player-06401,POR,35,219,205.83,61.03,3.24,587.85,20,29
77,259.46,true,58.99,1303,120.26,player-06402,DEF,35,63,273.59,81.44,3.47,653.3,20,30
13,256.23,true,83.42,181,121.28,player-06403,DEF,35,12,323.15,88.36,3.47,700.66,20,30
201,247.43,true,64.24,3334,122.63,player-06404,MC,35,154,243.83,71.22,2.41,613.89,17,22
385,227.32,true,62.17,6418,120.35,player-06405,MC,35,289,214.49,58.06,3.18,562.15,16,23
418,241.21,true,71.76,7015,119.88,player-06406,DEL,35,312,190.52,56.08,3.22,551.61,18,26
242,235.13,true,77.85,4072,118.47,player-06407,DEF,35,180,247.94,72.48,3.22,601.53,18,26
431,250.33,true,59.63,7305,120.29,player-06408,MC,35,321,175.54,51.2,3.6,546.16,17,26
64,253.22,true,74.42,1035,120.4,player-06409,DEL,35,51,287.03,84.93,2.64,660.65,18,24
304,253.23,true,56.49,5141,120.77,player-06410,DEF,35,222,210.31,62.99,3.22,584.32,18,26
183,229.3,true,49.26,8362,120.43,player-06411,POR,39,183,166.25,46.65,4.37,515.98,15,26
191,231.53,true,51.41,8725,121.66,player-06412,DEF,39,191,146.04,42.33,4.14,499.23,18,30
136,233.8,true,61.32,5654,122.01,player-06413,DEF,39,136,220.28,60.24,4.28,576.08,17,29
197,211.2,true,42.53,9059,119.83,player-06414,MC,39,197,141.75,39.44,4.66,472.77,17,31
185,240.99,true,58.83,8394,118.51,player-06415,MC,39,185,155.64,48.04,4.47,515.14,17,30
177,233.83,true,47.92,7938,120.08,player-06416,DEL,39,177,175.64,49.25,2.83,529.55,19,26
129,229.52,true,60.61,5364,121.88,player-06417,DEF,39,129,229.22,61.82,3.93,580.62,18,29
179,236.8,true,46.72,7987,120.61,player-06418,MC,39,179,170.8,48.12,3.58,528.2,21,32
,230.5,false,45.07,,123.1,player-06419,DEL,39,,150.86,50.28,3.81,504.46,19,30
187,245.37,true,41.45,8420,120.1,player-06420,DEF,39,187,148.78,40.51,4.14,514.25,18,30
1176,234.04,true,69.45,5260,116.12,player-06421,POR,21,122,232.07,69.96,3.24,582.23,20,29
48,268.76,true,89.62,143,115.71,player-06422,DEF,21,11,319.78,89.51,3.76,704.25,21,30
690,258.74,true,73.81,2713,112.08,player-06423,DEF,21,71,253.65,76.39,3.99,624.47,16,26
15,282.26,true,84.55,45,117.86,player-06424,MC,21,5,324.61,87.87,3.89,724.73,20,29
23,280.31,true,84.48,73,112.86,player-06425,MC,21,7,322.5,88.33,3.97,715.67,21,31
136,297.69,true,82.97,410,115.45,player-06426,DEL,21,19,270.55,80.3,4.29,683.69,20,31
184,271.97,true,82.69,567,114.78,player-06427,DEF,21,25,289.91,85.92,3.37,676.66,21,31
47,282.91,true,84.36,140,118.07,player-06428,MC,21,10,303.79,83.24,3.73,704.77,23,33
146,270.63,true,78.22,445,117.53,player-06429,DEL,21,21,294,79.89,3.31,682.15,21,28
60,286.4,true,81.77,167,117.88,player-06430,DEF,21,12,298.15,81.18,3.76,702.43,21,30
1413,198.9,true,64.93,6500,121.33,player-06431,POR,11,289,240.49,67.57,1.96,560.72,18,22
1892,186.86,true,35.06,9206,118.66,player-06432,DEF,11,383,135.65,37.01,1.72,441.16,16,19
1144,199.74,true,73.97,5134,118.36,player-06433,DEF,11,233,266.29,75.07,3.47,584.39,12,18
1134,197.37,true,69.3,5074,122.62,player-06434,MC,11,230,265.42,74.14,2.22,585.4,19,24
1833,194.36,true,43.82,8754,119.97,player-06435,MC,11,367,182.63,56.12,3,496.96,15,21
1897,180.66,true,50.64,9226,118.66,player-06436,DEL,11,384,131.04,38.57,2.52,430.36,16,21
1866,196.9,true,67.35,9030,120.15,player-06437,DEF,11,376,158.37,48.57,1.88,475.42,19,23
1309,218.06,true,65.55,5962,121.6,player-06438,MC,11,267,230.85,62.26,1.5,570.51,19,22
1607,207.76,true,63.75,7599,123.16,player-06439,DEL,11,321,208.61,61.74,1.9,539.53,14,17
1238,218.69,true,64.56,5598,121.39,player-06440,DEF,11,251,236.91,72.49,1.96,576.99,18,22
247,241.65,true,59.42,5870,118.53,player-06441,POR,28,247,212.2,59.41,3.35,572.38,19,28
356,242.31,true,45.6,8122,116.5,player-06442,DEF,28,356,165.67,49.68,3.84,524.47,17,27
107,235.58,true,75.4,2727,117.48,player-06443,DEF,28,107,271.08,75.63,4.21,624.14,16,27
223,217,true,56.89,5389,117.06,player-06444,MC,28,223,246.1,75.45,3.34,580.16,17,25
275,213.27,true,55.86,6682,117.53,player-06445,MC,28,275,226.49,66.04,3.74,557.29,16,25
180,253,true,61.52,4560,115.73,player-06446,DEL,28,180,224.88,61.73,3.6,593.62,17,26
340,214.6,true,59.32,7855,118.74,player-06447,DEF,28,340,198.96,55.98,3.84,532.31,17,27
350,225.13,true,57.56,8004,117.5,player-06448,MC,28,350,185.12,58.18,3.47,527.74,18,27
332,225.34,true,52.37,7693,117.49,player-06449,DEL,28,332,193.98,53.81,3.47,536.81,18,27
279,222.05,true,60.2,6797,117.09,player-06450,DEF,28,279,216.34,64.73,3.71,555.49,18,28
187,204.46,true,85.28,2479,108.74,player-06451,POR,24,11,316.08,88.68,4.78,629.28,15,28
358,258.44,true,67.53,4168,111.35,player-06452,DEF,24,30,230.19,66,3.89,599.99,15,24
355,223.12,true,76.8,4152,111.68,player-06453,DEF,24,29,265.41,74.68,5.31,600.21,14,29
73,229.78,true,85.05,1116,112.83,player-06454,MC,24,2,315.48,93,5.5,658.09,13,28
790,205.92,true,56.98,8708,107.63,player-06455,MC,24,90,186.42,56,5.47,499.97,14,30
568,214.62,true,69.02,6267,109.08,player-06456,DEL,24,56,241.5,68.62,4.78,565.21,15,28
807,172.26,true,74.88,8869,109.7,player-06457,DEF,24,94,207.14,62.18,5.14,489.1,15,30
569,203.05,true,64.97,6293,108.54,player-06458,MC,24,57,253.05,72.02,5.14,564.64,15,30
648,214.34,true,75.34,7140,113.15,player-06459,DEL,24,76,221.96,63.11,4.05,549.46,14,23
503,203.04,true,72.89,5675,110.69,player-06460,DEF,24,49,261.98,80.46,5.14,575.71,12,24
1494,244.74,true,70.01,6873,126.8,player-06461,POR,11,302,182.32,56.2,3.1,553.86,19,27
470,237.3,true,75.52,1776,124.12,player-06462,DEF,11,100,281.5,76.2,3.59,642.92,19,29
493,219.5,true,79.06,1877,126.92,player-06463,DEF,11,104,294.48,83.71,3.06,640.9,17,24
1843,163.35,true,65.52,8855,119.92,player-06464,MC,11,372,207.01,59.4,4.21,490.29,16,27
645,240.51,true,72.94,2481,124.9,player-06465,MC,11,139,263.79,73.11,4.01,629.2,19,31
189,232.64,true,75,585,125.16,player-06466,DEL,11,35,318.34,99,3.24,676.14,20,29
1278,230.04,true,69.69,5801,124.23,player-06467,DEF,11,260,219.28,63.71,3.22,573.55,18,26
724,220.7,true,68.62,2896,126.15,player-06468,MC,11,156,274.31,77.38,2.54,621.17,19,25
998,198.04,true,83.5,4371,122.75,player-06469,DEL,11,204,275.72,83.3,3.34,596.51,17,25
728,232.59,true,75.5,2908,120.94,player-06470,DEF,11,158,267.38,75.64,4.49,620.91,13,23
20,213.89,true,93.96,338,121.93,player-06471,POR,35,17,352.12,97.33,0.59,687.94,21,22
500,192.82,true,80.64,8467,123.04,player-06472,DEF,35,375,196.28,62.23,2.01,512.13,23,26
249,218.84,true,75.96,4163,124.35,player-06473,DEF,35,186,256.87,71.8,1.74,600.06,21,25
510,211.31,true,66.38,8673,123.12,player-06474,MC,35,384,167.45,49.5,2.17,501.87,21,24
161,237.36,true,88.43,2729,122.5,player-06475,MC,35,124,264.25,78.83,1.91,624.11,20,22
383,211.24,true,72.51,6374,123.79,player-06476,DEL,35,288,228.04,67.48,1.09,563.07,19,21
67,233.37,true,84.09,1050,124.18,player-06477,DEF,35,54,302.51,82.48,2.47,660.06,18,21
190,199.9,true,83.1,3138,120.99,player-06478,MC,35,144,296.12,82.4,1.57,617.02,18,21
99,236.8,true,81.2,1585,123.33,player-06479,DEL,35,82,286.65,81.87,1.5,646.78,19,22
269,245.87,true,79.16,4467,124.61,player-06480,DEF,35,198,224.54,68.76,2.19,595.02,17,19
134,232.52,true,78.32,1922,117.04,player-06481,POR,47,14,290.58,88.09,4.14,640.15,12,20
556,232.12,true,67.01,6187,114.18,player-06482,DEF,47,71,220.35,64.69,4.58,566.65,10,18
185,233.45,true,79.14,2444,118.44,player-06483,DEF,47,20,278.02,79.56,4.72,629.91,13,24
426,219.44,true,68.86,4837,118.72,player-06484,MC,47,58,251.18,73.9,3.64,589.34,13,20
620,220.68,true,61.12,6867,119.94,player-06485,MC,47,83,213.38,61.6,4.05,554.01,14,23
123,226.36,true,82.45,1801,116.75,player-06486,DEL,47,13,299.15,85.13,5.36,642.26,11,23
176,217.46,true,89.77,2360,116.21,player-06487,DEF,47,19,297.83,96.5,5.14,631.5,13,26
260,226.54,true,83.37,3222,115.97,player-06488,MC,47,28,273.16,79.05,3.67,615.68,11,17
389,238.03,true,75.66,4504,121.01,player-06489,DEL,47,47,235.46,69.4,3.78,594.5,14,22
307,232.85,true,71.18,3665,119.38,player-06490,DEF,47,38,255.93,74.26,4.43,608.16,12,21
321,235.2,true,46.85,5139,122.03,player-06491,POR,48,195,227.1,68.77,2.64,584.33,18,24
657,234.35,true,45.78,9130,122.51,player-06492,DEF,48,372,103.28,31.78,3.34,460.15,17,25
542,242.02,true,57.03,8045,123.95,player-06493,DEF,48,306,160.5,50.5,1.88,526.46,19,23
405,219.39,true,53.19,6224,123.17,player-06494,MC,48,239,223.39,62.54,2.36,565.95,21,27
393,246.02,true,60.58,6055,122.92,player-06495,MC,48,233,200,59.9,2.83,568.94,19,26
171,246.29,true,65.16,2964,122.68,player-06496,DEL,48,114,251.01,71.13,2.54,619.98,19,25
376,251.58,true,54.8,5766,124.14,player-06497,DEF,48,224,198.3,61.8,3.22,574.01,18,26
440,234.77,true,53.57,6850,124.05,player-06498,MC,48,258,195.69,57.93,2.31,554.51,18,23
113,286.37,true,71.53,2070,123.87,player-06499,DEL,48,73,226.93,66.63,2.52,637.17,16,21
593,228.65,true,48.68,8650,123.14,player-06500,DEF,48,341,151.22,43.33,2.87,503.02,16,22
330,201.82,true,30.69,9249,116.61,player-06501,POR,50,167,92.53,28.68,5.29,410.96,14,25
289,210.5,true,62.6,8224,122.13,player-06502,DEF,50,147,188.6,55.16,4.92,521.24,17,29
317,209.83,true,40.91,8920,119.09,player-06503,DEF,50,162,156.19,48.39,5.61,485.11,15,29
326,203.96,true,43.19,9091,117.03,player-06504,MC,50,165,146.94,40.23,5.65,467.93,14,27
301,205.43,true,55.01,8498,119.22,player-06505,MC,50,154,186.14,53.17,4.89,510.79,15,25
,211.21,false,48.56,,122.85,player-06506,DEL,50,,132.66,43.59,4.92,466.72,17,29
315,208.74,true,45.78,8866,120.32,player-06507,DEF,50,161,160.31,48.37,5.45,489.38,15,28
307,195.82,true,48.07,8667,122.09,player-06508,MC,50,157,184.18,50.05,4.91,502.09,16,27
329,209.78,true,37.31,9230,121.94,player-06509,DEL,50,166,96.08,27.96,4.44,427.8,15,23
320,190.99,true,44.66,8956,121.54,player-06510,DEF,50,163,169.61,46.67,4.49,482.14,16,25
178,182.32,true,53.12,7948,123.46,player-06511,POR,39,178,223.49,65.39,4.56,529.28,22,36
154,224.28,true,55.14,6443,122.73,player-06512,DEF,39,154,214.76,62.53,4.56,561.77,22,36
164,206.67,true,59.54,7022,121.92,player-06513,DEF,39,164,222.9,61.16,4.26,551.49,20,34
193,214.06,true,50.9,8818,123.95,player-06514,MC,39,193,155.12,44.47,4.01,493.12,19,31
157,214,true,63.71,6602,122.72,player-06515,MC,39,157,222.18,61.19,4.54,558.9,22,36
150,217.63,true,54.75,6230,123.56,player-06516,DEL,39,150,224.61,62.13,4.53,565.8,21,34
161,208.88,true,72.54,6776,122,player-06517,DEF,39,161,224.87,64.13,3.89,555.75,20,32
189,216.22,true,65.52,8640,121.81,player-06518,MC,39,189,165.55,50.64,4.47,503.58,17,30
194,194.35,true,53.66,8858,122.11,player-06519,DEL,39,194,173.74,49.47,5.25,490.21,18,33
181,206.81,true,58.13,8126,122.38,player-06520,DEF,39,181,195.11,57.98,4.76,524.3,17,28
1851,243.02,true,48.99,8923,124.41,player-06521,POR,14,191,117.37,37.08,2.04,484.8,17,21
1429,250.74,true,56.23,6614,123.16,player-06522,DEF,14,141,184.82,52.71,2.87,558.72,16,22
1054,245.91,true,60.28,4671,120.86,player-06523,DEF,14,101,225.08,61.41,2.77,591.84,14,19
906,243.24,true,68.76,3856,124.32,player-06524,MC,14,87,237.73,72.97,2.31,605.28,18,23
1150,246.5,true,62.83,5167,123.95,player-06525,MC,14,110,213.49,62.09,3.06,583.95,17,24
760,242.01,true,69.41,3058,124.41,player-06526,DEL,14,72,251.91,68.19,2.41,618.33,17,22
1510,217.4,true,66.61,6977,125.46,player-06527,DEF,14,153,209.21,61.2,2.31,552.07,18,23
1455,241.6,true,61.14,6725,123.93,player-06528,MC,14,144,191.06,59.9,2.25,556.6,15,19
1140,256.68,true,58.08,5124,123.4,player-06529,DEL,14,109,204.49,59.36,2.64,584.57,15,20
789,249.94,true,62.5,3227,123.5,player-06530,DEF,14,75,242.18,69.04,2.52,615.61,16,21
36,232.34,true,85.02,1388,115.81,player-06531,POR,30,36,302.86,92.87,3.02,651,12,15
22,219.33,true,98,954,119.81,player-06532,DEF,30,22,323.91,97.03,2.14,663.04,16,20
,222.29,false,90.64,,117.03,player-06533,DEF,30,,265.81,85.46,3.32,605.12,15,22
65,233.08,true,78.01,2878,118.93,player-06534,MC,30,65,269.58,75.28,2.87,621.59,16,22
29,225.27,true,93.96,1287,117.06,player-06535,MC,30,29,311.28,92.83,3.32,653.6,15,22
58,204.64,true,84.81,2413,114.92,player-06536,DEL,30,58,310.95,88.67,3.47,630.51,14,21
91,223.69,true,73.99,4335,115.03,player-06537,DEF,30,91,258.47,73.94,3.47,597.19,14,21
43,252.26,true,91.59,1593,115.64,player-06538,MC,30,43,278.67,83.84,3.58,646.57,12,18
19,259.12,true,85.97,758,115.94,player-06539,DEL,30,19,294.51,91.1,3.22,669.58,13,18
13,242.62,true,89.61,489,115.6,player-06540,DEF,30,13,322.05,94.37,3.64,680.28,13,20
74,261.26,true,69.88,3048,117.81,player-06541,POR,39,74,239.41,68.5,4.47,618.48,17,30
147,232.29,true,72.56,6028,118.85,player-06542,DEF,39,147,218.33,63.59,4.97,569.47,15,29
119,244.25,true,68.75,4894,119.1,player-06543,DEF,39,119,224.97,65.63,4.99,588.33,17,33
64,215.07,true,80.65,2657,115.21,player-06544,MC,39,64,295.41,87.93,4.58,625.69,15,27
34,238.29,true,79.35,1523,117.91,player-06545,MC,39,34,291.65,78.7,4.66,647.85,17,31
89,231.13,true,74.4,3625,119.44,player-06546,DEL,39,89,258.2,73.88,4.21,608.77,16,27
151,231.46,true,66.21,6334,117.94,player-06547,DEF,39,151,214.52,63.84,4.07,563.91,17,28
124,240.27,true,60.87,5086,116.68,player-06548,MC,39,124,228.2,63.29,3.89,585.16,15,24
8,239.99,true,87.04,589,118.83,player-06549,DEL,39,8,317.12,85.72,4.97,675.94,15,29
141,230.12,true,61.98,5833,117.66,player-06550,DEF,39,141,225.24,60.97,4.37,573.02,15,26
189,206.73,true,89.55,1795,123.35,player-06551,POR,08,98,312.3,92.69,2.14,642.38,20,25
418,184.35,true,80.11,3941,123.57,player-06552,DEF,08,189,296.04,82.86,2.64,603.96,21,28
884,171,true,72.84,8221,122.92,player-06553,DEF,08,387,227.39,64.31,2.54,521.31,19,25
625,188.25,true,77.47,5746,123.47,player-06554,MC,08,283,262.7,77.08,1.68,574.42,22,26
374,184.54,true,81.75,3556,123.08,player-06555,MC,08,172,302.46,82.31,2.31,610.07,18,23
437,181.25,true,85.42,4122,123.82,player-06556,DEL,08,198,295.59,86.82,2.36,600.67,21,27
350,184.22,true,79.95,3348,122.95,player-06557,DEF,08,163,306.38,82.63,2.64,613.54,21,28
279,172.67,true,87.49,2599,123.97,player-06558,MC,08,136,330.24,92.07,2.28,626.89,22,28
590,223.15,true,71.33,5370,122.33,player-06559,DEL,08,268,234.99,66.59,2.22,580.47,19,24
212,202.54,true,78.18,1963,121.63,player-06560,DEF,08,113,315.25,90.91,2.22,639.42,19,24
433,290.27,true,44.37,4066,119.44,player-06561,POR,17,84,191.98,55.16,2.73,601.68,20,27
714,277.11,true,48.8,6478,119.12,player-06562,DEF,17,124,164.86,46.51,3.34,561.08,17,25
813,261.77,true,49.22,7530,116.57,player-06563,DEF,17,143,162.94,48.9,4.17,541.27,18,27
919,262.34,true,43.15,8585,116.38,player-06564,MC,17,177,128.04,38.82,3,506.76,20,28
361,295.38,true,57.59,3446,115.25,player-06565,MC,17,71,201.45,54.84,3.94,612.08,18,26
305,264.12,true,63.23,2942,117.17,player-06566,DEL,17,60,238.91,70.1,3.93,620.2,18,29
215,257.68,true,68.01,1979,118.64,player-06567,DEF,17,37,262.72,80.15,3.54,639.04,21,29
489,268.85,true,59.56,4610,117.62,player-06568,MC,17,92,206.39,60.74,3.42,592.86,18,24
322,277.67,true,67.96,3072,117.22,player-06569,DEL,17,64,223.22,67.21,4.18,618.1,15,22
644,271.41,true,56.66,5906,117.64,player-06570,DEF,17,116,182.66,54.47,3.05,571.71,21,27
507,195.29,true,73.38,4725,119.5,player-06571,POR,25,58,276.22,80.82,3.67,591,22,34
647,205.31,true,66.77,5915,123.49,player-06572,DEF,25,75,242.7,73.16,2.9,571.5,21,29
542,186.71,true,89.61,4945,119.65,player-06573,DEF,25,63,281.05,82.58,3.78,587.41,21,33
380,236.73,true,67.35,3632,122.41,player-06574,MC,25,46,249.53,69.48,2.73,608.67,20,27
724,185.31,true,76.64,6571,121.39,player-06575,MC,25,81,252.66,72.91,3.81,559.36,19,30
900,192.75,true,72.04,8365,123.62,player-06576,DEL,25,93,199.54,57.54,3.14,515.9,21,30
826,190.2,true,72.5,7661,122.18,player-06577,DEF,25,88,225.22,65.93,3.14,537.6,21,30
274,199.89,true,80.61,2517,122.56,player-06578,MC,25,34,306.09,90.85,2.9,628.53,21,29
623,185.94,true,64.1,5737,120.47,player-06579,DEL,25,73,268.13,76,3.1,574.54,19,27
557,224.54,true,78.15,5058,123.05,player-06580,DEF,25,66,238.02,69.92,3,585.61,20,28
214,294.4,true,65.6,1975,119.55,player-06581,POR,08,114,225.12,68.99,3.69,639.07,22,31
490,270.9,true,58.8,4616,119.4,player-06582,DEF,08,221,202.45,57.63,3.57,592.75,23,32
257,305.49,true,59.19,2380,118.58,player-06583,DEF,08,128,207,60.94,2.22,631.08,19,24
510,267.09,true,55.54,4747,119.38,player-06584,MC,08,231,204.16,58.48,3.97,590.64,24,31
531,270.43,true,67.81,4898,119.44,player-06585,MC,08,239,198.42,56.77,3.04,588.29,22,31
337,272.27,true,66.97,3200,120.68,player-06586,DEL,08,157,223.08,62.31,1.93,616.03,25,28
194,272.66,true,71.16,1834,120.29,player-06587,DEF,08,101,248.69,71.41,2.47,641.64,25,30
764,215.28,true,59.82,7053,115.77,player-06588,MC,08,348,219.78,61.98,4.4,550.82,19,26
657,243.65,true,56.02,5970,114.82,player-06589,DEL,08,296,211.95,58.58,4.84,570.42,20,26
302,262.19,true,69.55,2898,117.06,player-06590,DEF,08,143,241.86,68.24,4.07,621.11,22,26
496,198.78,true,78.06,7979,124.1,player-06591,POR,45,171,205.54,59.91,2.14,528.41,20,25
291,203.55,true,89.34,4573,121.27,player-06592,DEF,45,124,268.6,77.1,2.75,593.41,17,23
156,200.12,true,83.58,2582,124.59,player-06593,DEF,45,81,302.59,82.7,3.14,627.3,21,30
111,197.34,true,91.52,1903,121.43,player-06594,MC,45,59,321.72,94.34,3.18,640.48,16,23
,205.76,false,94.63,,123.18,player-06595,MC,45,,217.66,72.39,2.83,546.6,19,26
16,230.71,true,92.73,287,121.77,player-06596,DEL,45,11,338.73,93.05,2.83,691.21,19,26
201,220.86,true,77.23,3308,122.59,player-06597,DEF,45,97,270.83,74.04,2.25,614.28,15,19
127,192.38,true,95.44,2167,124.79,player-06598,MC,45,66,317.99,99,1.57,635.16,18,21
119,216.78,true,81.82,2044,123.07,player-06599,DEL,45,62,297.87,80.63,2.54,637.72,19,25
421,192.69,true,74.7,6809,124.48,player-06600,DEF,45,153,238.19,67.71,3.06,555.36,17,24
170,262.87,true,90.16,2826,104.34,player-06601,POR,16,10,255.18,82.99,6.61,622.38,12,34
32,269.25,true,87.53,562,102.78,player-06602,DEF,16,3,304.71,99,8.55,676.75,12,38
25,259.31,true,96.22,399,105.07,player-06603,DEF,16,2,319.94,97.89,6.63,684.32,13,37
41,258.7,true,98,701,102.78,player-06604,MC,16,5,310.09,93.17,8.74,671.56,11,37
198,249.68,true,87.97,3261,108.23,player-06605,MC,16,13,257.21,79.36,8.38,615.12,12,36
40,257.86,true,87.54,690,111.07,player-06606,DEL,16,4,303.14,87.68,6.43,672.06,13,35
18,269.18,true,98,295,110.06,player-06607,DEF,16,1,311.57,99,6.5,690.81,12,33
80,261.81,true,97.68,1277,106.92,player-06608,MC,16,6,285.09,94.31,6.27,653.82,12,31
159,244.87,true,88.24,2649,109.8,player-06609,DEL,16,9,271.33,87.94,5.85,626,12,28
180,254.68,true,89.61,2970,105.28,player-06610,DEF,16,11,259.92,81.5,8.59,619.88,10,32
547,237.68,true,61.61,6135,110.88,player-06611,POR,34,37,218.89,62.23,5.14,567.46,9,18
743,215.3,true,68.96,8206,110.41,player-06612,DEF,34,53,195.95,57.79,5.14,521.66,10,20
614,203.95,true,69.57,6777,100.55,player-06613,DEF,34,44,251.24,79.61,5.76,555.75,7,16
631,213.53,true,72.31,6960,108.42,player-06614,MC,34,46,230.37,71.35,4.14,552.33,9,15
729,220.66,true,60.2,8081,106.29,player-06615,MC,34,51,198.72,60.48,5.43,525.67,8,17
436,217.2,true,75.13,4899,111.97,player-06616,DEL,34,27,259.12,73.98,4.58,588.29,10,18
501,208.76,true,71.12,5673,109.66,player-06617,DEF,34,33,257.36,75.16,4.26,575.78,10,17
654,228.33,true,66.27,7189,108.65,player-06618,MC,34,48,211.42,67.88,4.51,548.4,9,16
489,211.42,true,74.36,5535,108.24,player-06619,DEL,34,31,258.47,74.12,5.14,578.14,9,18
753,235.43,true,59.73,8308,109.84,player-06620,DEF,34,55,172.92,50.63,4.85,518.19,9,17
1483,273,true,59.04,6843,122.4,player-06621,POR,23,102,159.29,46.5,2.64,554.69,21,28
612,276.79,true,70.25,2338,119.24,player-06622,DEF,23,33,235.8,67.71,3.22,631.83,18,26
214,252.01,true,79.45,671,120.68,player-06623,DEF,23,11,300.11,81.55,2.94,672.8,18,25
1586,258.59,true,48.37,7441,120.28,player-06624,MC,23,118,164.26,45.85,2.9,543.13,21,29
781,254.04,true,70.03,3172,122.25,player-06625,MC,23,44,240.25,69.35,2.54,616.55,19,25
376,262.99,true,74.69,1328,120.25,player-06626,DEL,23,19,269.38,79.28,2.64,652.61,21,28
926,280.41,true,59.24,3963,117.46,player-06627,DEF,23,55,205.71,59.9,3,603.59,15,21
527,268.65,true,73.24,2012,118.37,player-06628,MC,23,26,251.39,76.83,3,638.41,15,21
144,276.19,true,75.47,435,121.1,player-06629,DEL,23,6,285.23,77.49,1.74,682.52,21,25
702,255.7,true,67.63,2760,119.69,player-06630,DEF,23,38,248,67.18,2.22,623.39,19,24
,216.33,false,62.1,,109.29,player-06631,POR,39,,195.71,62,1.05,521.33,10,11
,229.2,false,77.03,,107.39,player-06632,DEF,39,,272.68,89.44,2.44,609.28,9,10
,258.24,false,65.26,,112.59,player-06633,DEF,39,,192.15,66.1,0.97,562.97,11,12
,256.18,false,64.04,,114.38,player-06634,MC,39,,167.5,54.64,0.14,538.06,11,11
,224.28,false,60.65,,109.31,player-06635,MC,39,,208.51,68.05,0.14,542.1,9,9
,277.34,false,71.94,,108.68,player-06636,DEL,39,,223.06,70.38,1.14,609.08,9,10
,250.83,false,74.04,,106.32,player-06637,DEF,39,,187.03,66.29,1.25,544.18,8,9
,259.46,false,76.96,,108.1,player-06638,MC,39,,232.82,73.91,1.14,600.39,9,10
,245.76,false,64.98,,110.64,player-06639,DEL,39,,216.75,71.78,1.05,573.15,10,11
,239.81,false,70.04,,112.03,player-06640,DEF,39,,195.53,66.6,0.14,547.36,10,10
691,230.46,true,62.04,6348,121.41,player-06641,POR,08,314,211.64,63.46,3.47,563.51,18,27
941,243.36,true,34.69,8892,120.69,player-06642,DEF,08,417,123.31,35.03,2.87,487.36,16,22
937,248.19,true,52.3,8831,123.25,player-06643,DEF,08,414,120.29,36.95,3.22,491.73,18,26
920,233.61,true,48.94,8587,121.34,player-06644,MC,08,406,151.54,44.69,3.84,506.48,17,27
744,252.71,true,44.85,6794,121.61,player-06645,MC,08,337,181.2,54.11,2.87,555.52,16,22
765,216.54,true,50.8,7056,122.8,player-06646,DEL,08,349,211.44,57.92,2.52,550.78,16,21
969,241.26,true,32.87,9166,123.79,player-06647,DEF,08,428,88.29,26.36,2.75,453.35,17,23
951,246.6,true,31.95,8950,123.33,player-06648,MC,08,419,112.63,32.2,1.81,482.57,15,18
736,236.06,true,50.76,6710,120.18,player-06649,DEL,08,332,200.5,56.56,3.64,556.74,13,20
888,233.28,true,45.68,8260,122.03,player-06650,DEF,08,390,165.07,49.44,3.14,520.38,14,20
285,194.85,true,87.81,2944,117.88,player-06651,POR,12,56,307.44,99,5.8,620.18,11,21
164,206.7,true,98,1703,118.07,player-06652,DEF,12,34,319.42,99,5.05,644.19,12,18
169,197.42,true,90.48,1755,115.25,player-06653,DEF,12,37,330.75,99,5.61,643.43,11,19
516,210.65,true,84.1,5213,116.08,player-06654,MC,12,104,256.26,79.08,5.09,582.99,11,18
719,224.28,true,68.31,7155,115.59,player-06655,MC,12,149,209.3,63.28,5.35,549.17,11,19
628,206.27,true,75.91,6276,118.65,player-06656,DEL,12,134,240.13,71.66,4.53,565.04,12,18
488,188.42,true,89.71,4880,114.34,player-06657,DEF,12,99,285.89,87.33,5.69,588.65,10,17
,208.14,false,91.12,,114.69,player-06658,MC,12,,279.4,85.42,2.73,602.23,11,14
589,200.04,true,80.27,5895,116.98,player-06659,DEL,12,124,254.98,77.3,3.67,572,11,17
547,208.8,true,85.89,5476,109.65,player-06660,DEF,12,112,260.58,79.4,4.51,579.03,9,16
,233.19,false,59.02,,117.67,player-06661,POR,08,,157.28,55.49,4.31,508.13,11,15
472,234.51,true,69.04,4414,119.09,player-06662,DEF,08,215,242.15,73.46,5.26,595.74,13,18
505,230.26,true,61.87,4705,117.39,player-06663,DEF,08,230,243.66,72.86,6.21,591.31,12,19
638,226.1,true,67.63,5862,114.62,player-06664,MC,08,290,231.8,67.27,6.73,572.52,10,16
804,238.99,true,63.55,7443,116.79,player-06665,MC,08,366,187.31,56.63,5.96,543.09,11,16
916,235.26,true,56.46,8548,118.13,player-06666,DEL,08,404,154.89,48.7,5.59,508.28,12,17
903,204.57,true,62.15,8385,118.14,player-06667,DEF,08,398,192.73,59.53,5.17,515.44,11,17
,212.83,false,63.69,,116.38,player-06668,MC,08,,175.72,54.73,1.57,504.93,12,14
908,228.86,true,52.85,8428,116.06,player-06669,DEL,08,401,168.74,50.67,5.53,513.66,10,16
,224.63,false,54.89,,113.96,player-06670,DEF,08,,178.71,54.08,5.58,517.3,10,13
269,236.59,true,88.53,3271,120.7,player-06671,POR,37,67,257.56,73.51,4.54,614.85,14,25
485,206.91,true,67.03,5478,120.92,player-06672,DEF,37,110,251.15,72.02,4.14,578.98,15,25
240,206.65,true,90.26,3123,120.23,player-06673,DEF,37,61,290.4,85.95,4.14,617.28,15,25
140,225.79,true,80.03,1977,120.97,player-06674,MC,37,41,292.3,85.74,4.58,639.06,15,27
22,234.58,true,90.18,378,121.66,player-06675,MC,37,7,329.36,92.6,4.37,685.6,15,26
304,243.03,true,77.17,3651,120.85,player-06676,DEL,37,76,244.46,71.25,4.14,608.34,15,25
478,204.32,true,88.93,5384,120.51,player-06677,DEF,37,107,255.41,80.28,4.58,580.24,15,27
332,192.17,true,78.89,3902,119.64,player-06678,MC,37,80,292.7,81.05,4.66,604.51,17,31
375,176.33,true,80.34,4408,119.46,player-06679,DEL,37,85,300.07,85.24,4.43,595.86,16,28
354,207.45,true,78.04,4142,120.96,player-06680,DEF,37,84,271.94,79.52,3.99,600.35,16,26
813,209.31,true,50.91,8910,108.93,player-06681,POR,09,87,167.57,47.62,5.27,485.82,16,29
847,193.42,true,33.44,9241,109.81,player-06682,DEF,09,103,119.01,34.35,4.54,422.24,14,25
787,202.22,true,52.77,8659,113.01,player-06683,DEF,09,81,187.25,58.71,4.92,502.48,17,29
850,204.31,true,30,9253,110.79,player-06684,MC,09,106,86.04,25.39,5.09,401.14,14,24
826,228.37,true,33.42,9060,111.43,player-06685,MC,09,94,132.94,38.38,4.28,472.74,17,29
822,224.83,true,41.11,8997,112.97,player-06686,DEL,09,92,140.45,38.4,4,478.24,16,23
844,192.05,true,47.1,9211,108.62,player-06687,DEF,09,102,138.35,39.48,4.72,439.02,13,24
849,211.06,true,32.98,9247,111.48,player-06688,MC,09,105,91.15,26.55,3.78,413.69,14,22
786,218.56,true,41.79,8658,112.18,player-06689,DEL,09,80,171.82,50.87,4.44,502.56,15,23
837,219.71,true,30.63,9160,108.79,player-06690,DEF,09,99,125.66,38.68,4.89,454.16,15,25
1023,230.46,true,60.77,4502,121.29,player-06691,POR,21,100,242.77,74.51,3.17,594.52,23,33
707,199.4,true,81.52,2788,121.68,player-06692,DEF,21,74,301.76,86.84,3.17,622.85,23,33
1505,201.55,true,67.17,6937,118.62,player-06693,DEF,21,150,232.64,71.08,3.38,552.82,23,34
940,206.08,true,71.54,4038,123.6,player-06694,MC,21,91,272.65,75.15,2.56,602.33,25,33
1137,200.11,true,72.58,5088,122.4,player-06695,MC,21,116,262.63,75.56,2.79,585.13,25,34
1000,226.26,true,66.08,4381,120.28,player-06696,DEL,21,97,249.74,69.19,3.47,596.28,24,36
838,214.24,true,65.34,3439,121.51,player-06697,DEF,21,83,276.45,81.83,3.38,612.2,23,34
1276,227.46,true,66.79,5788,119.11,player-06698,MC,21,128,227.15,64.27,3.26,573.72,22,32
1689,202.64,true,66.12,7972,123.51,player-06699,DEL,21,173,202.41,58.57,2.64,528.56,24,32
686,216.33,true,71.82,2685,124.96,player-06700,DEF,21,68,283.86,78.86,2.79,625.16,25,34
163,193.95,true,69.36,7466,117.6,player-06701,POR,26,163,231.04,67.46,3.95,542.59,13,21
147,164.87,true,76.66,6715,118.96,player-06702,DEF,26,147,272.86,75.83,3.08,556.69,12,17
151,212.42,true,73.06,6879,120.75,player-06703,DEF,26,151,220.66,69.39,2.77,553.82,14,19
181,192.36,true,57.46,8499,120.08,player-06704,MC,26,181,198.29,56.9,3,510.72,15,21
138,197.53,true,66.92,5869,119.42,player-06705,MC,26,138,255.44,75.25,3.32,572.39,15,22
193,203.35,true,66.77,8954,120.44,player-06706,DEL,26,193,158.44,48.83,3.47,482.23,14,21
158,188.44,true,67.79,7094,120.27,player-06707,DEF,26,158,241.52,67.12,3.08,550.23,12,17
143,172.43,true,74.26,6282,121.85,player-06708,MC,26,143,270.54,76.67,2.92,564.82,13,18
149,184.14,true,71.37,6829,117.47,player-06709,DEL,26,149,253.36,69.46,2.92,554.97,13,18
177,163.49,true,66.62,8360,117.85,player-06710,DEF,26,177,234.68,66.3,2.81,516.02,11,15
,248.49,false,96.6,,116.39,player-06711,POR,41,,338.23,97.67,3.74,703.11,11,14
,248.42,false,89.3,,113.81,player-06712,DEF,41,,295.66,85.75,3,657.89,10,13
97,244.36,true,92.55,267,118.27,player-06713,DEF,41,16,330.09,99,4,692.72,12,18
335,239.61,true,93.11,1143,114.09,player-06714,MC,41,56,303.7,92.65,4.34,657.4,10,15
,229.3,false,95.9,,110.98,player-06715,MC,41,,330.12,99,5.28,670.4,9,14
,243.84,false,82.94,,116,player-06716,DEL,41,,231.8,75.94,3,591.64,10,14
209,251.54,true,93.72,660,117.06,player-06717,DEF,41,30,304.45,91.91,3.63,673.06,11,15
,250.61,false,89.51,,116.13,player-06718,MC,41,,279.79,90.97,2.73,646.53,11,13
,218.09,false,97.3,,112.55,player-06719,DEL,41,,293.02,99,3.9,623.66,10,12
,270.84,false,82.58,,112.19,player-06720,DEF,41,,270.54,82.04,3.41,653.57,9,13
832,157.01,true,88.69,3418,125.38,player-06721,POR,29,188,330.11,89.03,2.22,612.49,19,24
1343,179.92,true,79.37,6131,126.92,player-06722,DEF,29,287,260.68,75.08,3.25,567.53,22,26
1052,161.46,true,91.74,4661,123.7,player-06723,DEF,29,233,306.88,88.11,4.38,592.04,22,30
859,178.09,true,83.35,3549,125.12,player-06724,MC,29,192,307.02,88.45,4.21,610.23,21,28
1771,191.1,true,54.5,8412,125.78,player-06725,MC,29,341,197.59,53.29,2.06,514.47,21,26
1717,167.3,true,64.88,8088,123.36,player-06726,DEL,29,331,234.84,73.8,2.31,525.5,18,23
602,169.97,true,94.09,2310,123.84,player-06727,DEF,29,142,338.45,91.28,2.28,632.25,22,28
1666,195.12,true,87.91,7849,121.7,player-06728,MC,29,323,215.62,67.68,2.04,532.44,17,21
1039,165.21,true,81.23,4571,124.68,player-06729,DEL,29,229,303.56,81.87,3.85,593.45,22,28
1241,207.77,true,78.42,5611,124.78,player-06730,DEF,29,272,244.19,69.02,1.01,576.74,21,23
,240.77,false,65.85,,108.54,player-06731,POR,33,,179.2,57.79,5.14,528.51,11,22
20,272.13,true,67.18,2620,110.16,player-06732,DEF,33,20,244.17,66.76,6.26,626.45,12,22
15,250.54,true,74.07,2113,111.95,player-06733,DEF,33,15,273.83,74.94,3.3,636.33,13,19
67,270.45,true,62,6790,110.98,player-06734,MC,33,67,174.17,54.18,6.71,555.61,12,24
39,262.64,true,61.09,4222,111.77,player-06735,MC,33,39,224.64,61.66,6,599.05,12,21
14,281.59,true,66.13,2090,106.66,player-06736,DEL,33,14,248.56,70.32,4.9,636.81,11,21
50,247.44,true,56.92,5354,110.76,player-06737,DEF,33,50,222.55,64.49,6.49,580.76,12,23
81,254.75,true,55.66,7517,109.98,player-06738,MC,33,81,176.75,52.27,3.82,541.48,12,19
24,241.04,true,83.77,2909,107.69,player-06739,DEL,33,24,272.17,85.82,4.43,620.9,11,19
51,243.11,true,58.14,5374,110.34,player-06740,DEF,33,51,226.99,67.24,6.26,580.44,12,22
1266,247.65,true,57.79,5755,127.44,player-06741,POR,11,257,199.19,59.17,2.54,574.29,19,25
1315,236.55,true,65.57,6019,125.7,player-06742,DEF,11,269,207.33,61.02,3.22,569.59,18,26
275,241.57,true,84.98,929,126.12,player-06743,DEF,11,57,296.05,82.63,3.47,663.74,16,24
111,253.17,true,83.62,322,126.14,player-06744,MC,11,17,309.76,86.35,2.14,689.07,20,25
705,237.12,true,68.89,2771,125.94,player-06745,MC,11,152,259.99,71.77,3,623.06,15,21
806,216.67,true,84.66,3303,125.48,player-06746,DEL,11,174,272.2,79.67,3.06,614.35,17,24
504,246.25,true,74.52,1918,125.47,player-06747,DEF,11,108,268.51,83.55,3.71,640.23,18,28
1105,230.53,true,61.2,4956,128.29,player-06748,MC,11,224,228.32,68.61,2.75,587.15,17,23
1053,239.38,true,71.84,4669,125.42,player-06749,DEL,11,212,227.07,66.2,1.74,591.86,21,25
507,236.93,true,70.19,1925,124.49,player-06750,DEF,11,109,278.72,76.45,3.47,640.14,16,24
485,237.7,true,62.99,7850,122.31,player-06751,POR,02,121,172.41,50.57,4.02,532.43,19,28
229,218.89,true,78.62,3794,119.15,player-06752,DEF,02,53,268.27,79.6,4.71,606.31,16,26
186,269,true,64.72,3037,119.19,player-06753,DEF,02,40,230.44,65.38,5.26,618.63,17,31
356,229.66,true,70.96,5700,121.38,player-06754,MC,02,85,224.12,64.37,3.94,575.16,18,26
352,218.96,true,75.01,5649,121.74,player-06755,MC,02,84,235.48,72,4.54,576.17,17,27
78,229.85,true,76.92,1264,120.48,player-06756,DEL,02,19,303.88,84.52,4.78,654.2,19,32
20,218.81,true,92.68,355,118.69,player-06757,DEF,02,5,349.53,94.98,4.91,687.02,16,27
165,224.51,true,73.25,2783,119.98,player-06758,MC,02,35,278.48,77.68,3.89,622.96,15,24
407,230.17,true,64.73,6632,119.69,player-06759,DEL,02,98,208.49,59.46,3.99,558.36,16,26
534,242.13,true,57.37,8638,118.55,player-06760,DEF,02,132,142.98,43.59,4.49,503.67,13,23
,175.77,false,70.6,,112.97,player-06761,POR,18,,229.88,73.18,3.47,518.62,8,12
,164.61,false,76.5,,113.26,player-06762,DEF,18,,259.36,81.31,3.62,537.24,8,12
,204.78,false,70.9,,113.86,player-06763,DEF,18,,217.72,69.55,2.14,536.36,8,10
,183.1,false,69.82,,110.44,player-06764,MC,18,,228.97,69.92,2.14,522.52,8,10
,165.98,false,84.28,,115.88,player-06765,MC,18,,264.41,80.4,3.74,546.28,9,14
,184.35,false,58.82,,110.65,player-06766,DEL,18,,194.06,59.26,3.14,489.06,7,10
,175.67,false,71.87,,114.28,player-06767,DEF,18,,246.29,78.6,3.47,536.25,8,12
,170.22,false,72.66,,110.29,player-06768,MC,18,,219.5,74.35,3.14,500.02,7,10
,172.06,false,73.66,,108.39,player-06769,DEL,18,,240.18,81.89,3.76,520.63,6,9
,169.71,false,72.31,,112.94,player-06770,DEF,18,,240.94,76.37,3.14,523.59,7,10
58,281.59,true,67.2,3208,118.31,player-06771,POR,10,41,216.02,64.98,5.36,615.92,11,23
65,278.53,true,67.05,3388,117.47,player-06772,DEF,10,43,216.87,64.39,4.03,612.87,11,18
39,272.92,true,68.03,2476,117.37,player-06773,DEF,10,27,239.05,70.45,5.14,629.34,11,22
12,271.38,true,77.2,843,119.82,player-06774,MC,10,9,275.39,82.05,4.23,666.58,13,22
30,283.95,true,76.94,1837,118.53,player-06775,MC,10,21,239.06,71.66,4.35,641.54,11,19
88,265.1,true,67.14,4582,119.58,player-06776,DEL,10,54,208.58,60.68,4.23,593.25,13,22
27,281.74,true,63.73,1635,119.17,player-06777,DEF,10,18,244.78,70.35,4.49,645.69,13,23
22,260.92,true,84.76,1302,120.29,player-06778,MC,10,15,272.13,79.55,4.14,653.34,12,20
35,269.46,true,69.56,2263,118.36,player-06779,DEL,10,24,245.3,71.1,4.92,633.12,12,23
18,278.41,true,72.86,1072,111.36,player-06780,DEF,10,12,269.84,78.75,6.33,659.61,8,21
832,226.49,true,40.91,9117,112.84,player-06781,POR,09,97,122.86,35.27,5.47,462.19,14,30
722,237.27,true,52.34,7969,111.46,player-06782,DEF,09,67,179.94,51.96,4.92,528.67,12,23
814,221.28,true,50.42,8924,111.99,player-06783,DEF,09,88,151.46,47.95,5.14,484.73,14,28
818,222.06,true,46.26,8957,112.05,player-06784,MC,09,90,147.97,46.53,5.14,482.08,13,26
830,215.97,true,33.24,9110,112.44,player-06785,MC,09,95,136.11,39.98,5.14,464.52,13,26
808,231.24,true,44.06,8872,112.24,player-06786,DEL,09,86,145.32,42,5.81,488.8,13,30
706,215.94,true,56.47,7737,110.32,player-06787,DEF,09,66,209.26,61.16,5.91,535.52,11,26
839,227.77,true,33.41,9183,114.5,player-06788,MC,09,101,106.88,30.55,4.92,449.15,12,23
838,243.18,true,41.31,9162,112.54,player-06789,DEL,09,100,98.14,30.54,4.05,453.86,14,23
848,216.76,true,31.46,9243,113,player-06790,DEF,09,104,91.03,26.72,5.7,420.8,12,27
12,317.79,true,80.22,199,123.86,player-06791,POR,45,9,256.76,73.76,4.12,698.41,17,25
11,290.32,true,72.11,190,125.92,player-06792,DEF,45,8,283.19,76.98,3.97,699.43,18,26
104,312.8,true,69.08,1718,126.06,player-06793,DEF,45,56,205.09,63.1,3.32,643.94,19,25
2,289.28,true,86.2,16,125.73,player-06794,MC,45,2,321.41,95.38,4.29,736.43,16,24
26,291.52,true,74.68,405,125.17,player-06795,MC,45,16,267.2,81.91,3.6,683.89,17,26
19,301,true,75.95,299,123.85,player-06796,DEL,45,12,265.85,78.25,4.12,690.71,17,25
49,304.49,true,77.21,803,125.44,player-06797,DEF,45,28,238.13,67.36,3.8,668.06,19,27
1,286.2,true,88.42,10,124.47,player-06798,MC,45,1,330.93,93.81,2.74,741.6,14,18
34,272.83,true,74.81,598,121.71,player-06799,DEL,45,20,281.02,84.37,2.87,675.55,16,22
64,277.18,true,80.84,1071,123.91,player-06800,DEF,45,38,258.53,74.14,2.87,659.62,16,22
427,257.59,true,64.95,4253,120.63,player-06801,POR,03,177,220.3,63.52,2.59,598.52,17,20
816,250.75,true,62.01,8161,119.02,player-06802,DEF,03,323,153.39,45.01,2.44,523.16,15,17
905,222.12,true,50.51,9133,118.08,player-06803,DEF,03,362,119.2,35.52,2.94,459.4,17,21
664,268.62,true,51.26,6609,117.76,player-06804,MC,03,266,172.4,54.8,3.09,558.78,16,20
846,247.51,true,41.42,8520,119.12,player-06805,MC,03,340,143.42,38.68,3.13,510.05,18,23
489,261.28,true,59.15,4890,118.53,player-06806,DEL,03,208,208.64,56.4,3.42,588.45,18,24
863,246.27,true,45.11,8664,117.42,player-06807,DEF,03,346,138.56,38.86,2.25,502.25,15,19
689,240.54,true,52.1,6841,116.85,player-06808,MC,03,276,197.36,55.24,2.14,554.74,16,20
616,265.23,true,52.21,6176,117,player-06809,DEL,03,249,184.53,55.77,3.59,566.76,15,20
646,256.81,true,54.53,6415,116.86,player-06810,DEF,03,258,188.56,52.41,2.36,562.23,14,18
735,213.78,true,57.55,8144,104.88,player-06811,POR,09,70,205.04,60.96,4.14,523.7,9,15
,207.46,false,75.16,,105.59,player-06812,DEF,09,,273.19,83.19,3.26,586.23,10,14
,212.72,false,65.89,,98.21,player-06813,DEF,09,,237.07,76.18,3.47,548.01,8,12
,240.6,false,71.83,,101.76,player-06814,MC,09,,176.97,55.96,3.71,519.33,9,14
,245.21,false,70.57,,103.75,player-06815,MC,09,,220.01,67.99,3.71,568.96,9,14
182,220.48,true,81.47,2405,109.84,player-06816,DEL,09,15,300.32,92.7,3.96,630.64,11,16
,210.29,false,61.23,,107.33,player-06817,DEF,09,,214.82,61.86,3,532.44,10,14
,224.82,false,69.88,,106.56,player-06818,MC,09,,267.6,84.54,4.09,598.97,9,14
,230.05,false,75.52,,109.45,player-06819,DEL,09,,239.42,71.35,2.45,578.92,10,13
527,230.51,true,83.02,5855,108.77,player-06820,DEF,09,48,233.45,72.12,3.89,572.73,10,16
1055,218.82,true,78.94,4674,118.73,player-06821,POR,14,102,254.23,76.13,5.31,591.79,16,24
1270,197.91,true,83.37,5761,119.22,player-06822,DEF,14,122,257.01,71.5,4.12,574.15,15,21
590,192.73,true,87.62,2242,120.88,player-06823,DEF,14,56,319.97,88.47,5.32,633.57,17,26
969,228.6,true,78.28,4186,120.18,player-06824,MC,14,96,250.87,71.8,5.06,599.64,16,23
1590,197.65,true,89.31,7463,119.42,player-06825,MC,14,163,225.65,71.34,5.31,542.72,16,24
1240,212.85,true,76.65,5610,121.34,player-06826,DEL,14,119,242.55,69.98,5.52,576.75,18,29
1102,193.57,true,78.46,4939,121.13,player-06827,DEF,14,106,272.91,76.25,5.09,587.61,17,25
1001,220.98,true,73.1,4382,119.85,player-06828,MC,14,100,255.45,78.22,4.53,596.28,16,24
159,238.06,true,94.12,477,120.58,player-06829,DEL,14,22,322.31,92.69,1.96,680.95,18,22
1204,228.02,true,61.35,5405,120.27,player-06830,DEF,14,117,231.64,67.72,4.53,579.94,16,24
444,247.72,true,61.13,4450,119.73,player-06831,POR,46,169,227.77,62.85,2.64,595.22,18,24
723,258.44,true,58.51,7178,120.52,player-06832,DEF,46,282,169.71,50.2,1.64,548.67,17,20
609,252.55,true,55.13,6068,120.83,player-06833,DEF,46,236,195.39,55.12,3.8,568.78,19,27
705,229.9,true,54.19,7038,121.27,player-06834,MC,46,276,200.04,58.46,4.23,551.21,19,29
532,226.71,true,64.24,5366,120.79,player-06835,MC,46,205,233.1,67.31,3.42,580.6,20,27
361,238.94,true,67.92,3687,121.25,player-06836,DEL,46,143,247.62,67.03,2.73,607.82,20,27
591,227.14,true,68.43,5925,121.12,player-06837,DEF,46,228,223.06,63.21,2.45,571.32,20,26
839,210.22,true,50.87,8429,121.13,player-06838,MC,46,329,182.2,50.23,3.22,513.55,18,26
741,227.77,true,61.16,7318,121.9,player-06839,DEL,46,289,196.16,58.01,3.66,545.82,20,28
814,221.14,true,54.66,8149,120.1,player-06840,DEF,46,323,182.21,54.43,4.38,523.45,18,28
515,205.57,true,80.54,5765,118.72,player-06841,POR,42,64,249.74,78.6,4.44,574.04,15,23
293,248.34,true,66.89,3519,121.93,player-06842,DEF,42,35,240.61,72.41,3.89,610.87,15,24
353,227.2,true,68.45,4138,118.8,player-06843,DEF,42,45,254.42,74.03,5.45,600.41,15,28
322,257.63,true,61.17,3833,118.58,player-06844,MC,42,39,229.47,72.14,5.29,605.69,14,25
109,245.37,true,75.04,1613,120.83,player-06845,MC,42,15,279.96,81.17,5.09,646.16,15,26
566,232.83,true,62.28,6258,121.51,player-06846,DEL,42,67,211.01,59.17,4.89,565.34,15,25
399,252.03,true,59.96,4574,119.74,player-06847,DEF,42,52,221.64,62.85,5.09,593.4,15,26
460,255.8,true,64.65,5201,120.48,player-06848,MC,42,56,207.1,61.16,5.29,583.38,14,25
578,262.33,true,58.22,6436,118.85,player-06849,DEL,42,68,180.64,53.83,4.76,561.83,14,26
87,251.79,true,77.28,1304,120.31,player-06850,DEF,42,12,281.19,84.88,4.21,653.29,16,27
563,241.93,true,68.65,5624,120.14,player-06851,POR,03,231,214.4,64.41,1.72,576.47,16,19
68,259.61,true,82.81,756,121.89,player-06852,DEF,03,26,288.18,80.34,1.14,669.68,18,20
52,287.94,true,77.73,582,122.34,player-06853,DEF,03,18,265.94,80.95,1.21,676.23,17,19
426,256.87,true,70.17,4252,122.88,player-06854,MC,03,176,218.79,63.96,1.14,598.53,18,20
48,267.04,true,76.15,535,121.7,player-06855,MC,03,16,289.17,78.26,2.14,677.91,16,20
50,268.13,true,81.09,555,121.2,player-06856,DEL,03,17,287.64,83.73,1.47,676.96,15,17
98,255.11,true,68.12,1066,121.96,player-06857,DEF,03,38,282.63,77.76,1.5,659.7,19,22
84,245.07,true,82.8,898,120.79,player-06858,MC,03,34,298.99,82.51,1.75,664.85,16,19
261,240.87,true,79.24,2762,120.32,player-06859,DEL,03,108,262.08,76.03,1.81,623.27,15,18
99,260.19,true,78.05,1079,120.18,player-06860,DEF,03,39,278.91,82.61,0.77,659.28,17,18
,203.4,false,66.32,,98.54,player-06861,POR,10,,181.8,63.45,8.37,483.74,5,10
,208.34,false,87.43,,101.98,player-06862,DEF,10,,288.7,86.89,6.93,599.02,6,13
,184.65,false,66.12,,99.8,player-06863,DEF,10,,224.67,82.43,8.7,509.12,5,10
,191.03,false,91.18,,102.18,player-06864,MC,10,,275.43,85.97,6.84,568.64,6,13
,214.98,false,94.73,,102.55,player-06865,MC,10,,295.37,99,8.67,612.9,6,12
,213.43,false,79.6,,102.46,player-06866,DEL,10,,269.49,85.38,6.04,585.38,6,13
,212.89,false,73.77,,101.98,player-06867,DEF,10,,254.74,76.67,7.55,569.61,6,14
,209.69,false,86.44,,96.95,player-06868,MC,10,,238.75,81.01,4.74,545.38,5,9
,215.01,false,67.34,,96.42,player-06869,DEL,10,,181.35,60.66,8.37,492.79,5,10
,202.2,false,87.46,,101.37,player-06870,DEF,10,,278.21,87.28,7.84,581.78,6,11
172,258.94,true,65.85,2846,116.24,player-06871,POR,13,30,246.91,71.14,5.8,622.09,11,21
252,256.62,true,77.58,4108,116.66,player-06872,DEF,13,51,227.59,70.88,5.35,600.86,11,19
355,268.94,true,50.95,5692,114.58,player-06873,DEF,13,80,191.86,58.34,5.64,575.38,10,18
289,260.37,true,57.51,4549,117.58,player-06874,MC,13,61,215.94,59.04,5.54,593.88,12,22
149,265.46,true,62.67,2480,118.32,player-06875,MC,13,22,245.49,66.96,5.09,629.27,12,20
275,272.69,true,61.31,4448,110.71,player-06876,DEL,13,57,211.84,61.66,6.75,595.25,9,21
188,283.34,true,56.29,3150,115.08,player-06877,DEF,13,36,218.42,61.62,5.59,616.84,11,20
,281.03,false,54.95,,113.66,player-06878,MC,13,,140.21,46.76,4.88,534.9,10,19
334,268.77,true,58.74,5414,113.88,player-06879,DEL,13,69,197.23,60.61,4.26,579.88,10,17
,246.64,false,48.5,,106.14,player-06880,DEF,13,,167.1,54.92,5.5,519.89,7,13
136,240.53,true,46.15,8018,115.44,player-06881,POR,07,136,171.28,49.71,8.28,527.25,13,26
83,212.22,true,64.54,5487,117.71,player-06882,DEF,07,83,248.93,68.02,6.21,578.85,13,20
149,228.63,true,45.62,8645,114.35,player-06883,DEF,07,149,160.27,47.38,8.98,503.24,14,28
158,240.02,true,38.04,8908,114.9,player-06884,MC,07,158,131.1,36.96,4.64,486.02,11,20
131,234.51,true,59.24,7742,112.51,player-06885,MC,07,131,188.42,58.34,6.71,535.43,12,24
145,217.35,true,46.79,8487,115.57,player-06886,DEL,07,145,178.26,54.18,8.27,511.18,14,24
113,236.82,true,56.5,6719,115.02,player-06887,DEF,07,113,204.82,61.39,8.08,556.66,13,25
160,210.91,true,41.48,9052,116.41,player-06888,MC,07,160,146.68,40.37,5.72,473.99,13,25
153,228.5,true,44.11,8733,115.99,player-06889,DEL,07,153,154.21,42.62,6.88,498.69,15,27
94,226,true,65.76,5864,116.27,player-06890,DEF,07,94,230.2,69.74,8.07,572.47,15,25
15,238.37,true,94.61,602,121.06,player-06891,POR,26,15,315.96,97.77,3.02,675.38,14,19
16,251.6,true,83.27,603,116,player-06892,DEF,26,16,307.7,92.66,3.6,675.31,12,17
60,229.93,true,79.74,2257,117.24,player-06893,DEF,26,60,286.04,87.21,3.38,633.21,12,17
90,234.97,true,80.81,3662,116.51,player-06894,MC,26,90,256.7,73.79,4.35,608.18,11,19
38,231.59,true,90.63,1459,117.67,player-06895,MC,26,38,300.04,88.72,3.78,649.31,14,22
8,271.29,true,76.91,406,117.99,player-06896,DEL,26,8,294.58,84.71,3.05,683.86,13,18
20,249.45,true,82.36,787,117.55,player-06897,DEF,26,20,301.52,86.16,3.64,668.52,13,20
3,231.59,true,88.64,208,119.94,player-06898,MC,26,3,345.75,98.73,2.64,697.28,15,20
7,243.89,true,85.01,404,120.3,player-06899,DEL,26,7,319.74,86.89,2.87,683.92,14,19
46,257.98,true,83.84,1647,116.21,player-06900,DEF,26,46,271.28,85.87,3.63,645.48,12,18
652,222.73,true,83.25,2497,122.59,player-06901,POR,11,142,283.52,78.57,1.05,628.84,20,22
500,244.1,true,82.88,1914,120.78,player-06902,DEF,11,106,275.42,78.83,1.99,640.31,19,21
723,225.73,true,74.52,2895,121.71,player-06903,DEF,11,155,273.76,75.04,1.83,621.19,21,23
1251,239.93,true,62.4,5657,123.46,player-06904,MC,11,254,212.61,61.72,0.62,576.01,20,21
510,245.68,true,72.49,1932,119.05,player-06905,MC,11,110,275.31,77.51,1.5,640.04,19,22
1086,232.25,true,69.02,4852,122.45,player-06906,DEL,11,219,234.32,65.08,1.14,589.03,18,20
856,261.22,true,65.87,3532,122.11,player-06907,DEF,11,183,227.22,64.72,1.52,610.55,20,21
1480,232.18,true,60.31,6813,123.17,player-06908,MC,11,300,199.94,61.75,1.59,555.29,19,20
1045,272.96,true,67.33,4601,120.77,player-06909,DEL,11,209,199.26,61.39,2.09,592.99,18,20
992,240.43,true,65.4,4337,119.86,player-06910,DEF,11,203,236.82,65.99,1.91,597.11,20,22
,217.91,true,98,512,116.71,player-06911,POR,51,5,344.55,98.77,4.23,679.17,13,22
,240.96,true,86.98,517,117.77,player-06912,DEF,51,6,320.37,88.32,5.14,679.1,12,24
,223.86,false,88.6,,115.56,player-06913,DEF,51,,281.35,83.11,4.39,620.77,11,19
,243.22,true,93.39,936,118.07,player-06914,MC,51,10,302.23,90.93,4.72,663.52,13,24
,259.94,true,86.27,1001,115.5,player-06915,MC,51,12,286.09,84.72,4.42,661.52,11,19
,223.55,false,96.6,,117.12,player-06916,DEL,51,,314.9,97.02,4.43,655.56,12,21
,244.13,false,90.73,,115.77,player-06917,DEF,51,,298.65,86.43,4.49,658.55,13,23
,222.15,true,92.6,459,117.22,player-06918,MC,51,4,342.17,92.98,4.92,681.53,12,23
,249.36,true,80.69,2140,119.51,player-06919,DEL,51,28,266.79,75.99,3.82,635.66,12,19
,261.44,true,89.24,1477,117.15,player-06920,DEF,51,18,270.25,80.65,4.23,648.84,13,22
196,200.3,true,75.2,4906,121.45,player-06921,POR,28,196,266.5,75.01,3.47,588.25,20,30
33,226.31,true,84.95,674,122.22,player-06922,DEF,28,33,324.15,99,5.15,672.69,21,32
32,266.61,true,82.97,658,122.58,player-06923,DEF,28,32,283.97,81.02,5.04,673.15,24,36
27,256.79,true,83.96,550,122.9,player-06924,MC,28,27,297.49,88.91,5.04,677.18,24,36
68,239.25,true,95.28,1605,122.66,player-06925,MC,28,68,284.42,83.24,5.22,646.33,24,37
56,230.1,true,90.96,1338,121.41,player-06926,DEL,28,56,300.96,90.06,3.67,652.46,22,34
11,211.97,true,97.69,188,120.69,player-06927,DEF,28,11,367.07,99,4.71,699.73,21,30
324,194.97,true,68.15,7586,121.08,player-06928,MC,28,324,223.94,67.23,3.6,539.99,17,26
52,209.41,true,86.85,1132,121.74,player-06929,DEL,28,52,326.49,94.54,2.55,657.64,22,29
89,214.59,true,76.83,2172,121.77,player-06930,DEF,28,89,298.65,83.89,3.17,635.01,23,33
1158,237.42,true,75.44,5191,119.02,player-06931,POR,29,249,227.1,68.69,2.83,583.53,19,26
345,207.34,true,85.92,1176,119.94,player-06932,DEF,29,81,329.32,89.49,3.1,656.6,19,27
1279,208.85,true,68.74,5802,122.03,player-06933,DEF,29,277,242.65,67.79,3.1,573.53,19,27
356,241.14,true,80.75,1248,121.56,player-06934,MC,29,86,291.96,86,3.34,654.66,17,25
1161,243.38,true,65.57,5208,119.42,player-06935,MC,29,251,220.36,68.91,3.6,583.15,17,26
1418,254.54,true,56.3,6512,120.74,player-06936,DEL,29,293,185.14,54.98,3.71,560.43,18,28
1038,198.63,true,77.64,4570,119.51,player-06937,DEF,29,228,275.34,84.04,3.47,593.49,20,30
712,230.3,true,78.09,2831,119.14,player-06938,MC,29,163,272.81,76.16,3.71,622.26,18,28
978,224.82,true,64.39,4238,119.98,player-06939,DEL,29,217,254.02,74.15,3.34,598.81,17,25
1744,215.31,true,55.2,8265,121.82,player-06940,DEF,29,335,183.12,54.35,2.73,520.25,20,27
492,190.34,true,74.58,4917,123.92,player-06941,POR,03,210,273.72,78.05,3.64,587.98,15,20
882,183.22,true,70.32,8880,122.97,player-06942,DEF,03,353,182.38,55.51,2.78,488.57,16,19
758,187.27,true,70.22,7507,123.7,player-06943,DEF,03,301,230.76,68.89,3.47,541.72,16,21
412,186.04,true,95.59,4155,124.45,player-06944,MC,03,169,289.66,83.88,2.59,600.15,17,20
371,201.95,true,83.13,3771,124.67,player-06945,MC,03,146,280.04,84,2.98,606.65,15,18
633,190.78,true,69.76,6319,123.87,player-06946,DEL,03,254,249.61,76.09,2.64,564.26,17,20
822,181.96,true,72.17,8194,121.72,player-06947,DEF,03,328,218.54,64.34,3.64,522.23,15,20
886,141.32,true,60.93,8942,120.31,player-06948,MC,03,354,221.79,62.08,3.69,483.43,13,17
188,194.4,true,89.09,1888,122.51,player-06949,DEL,03,73,323.76,99,2.43,640.66,14,16
712,164.99,true,73.6,7101,123.11,player-06950,DEF,03,286,262.05,81.07,1.84,550.14,15,18
1341,240.13,true,52.91,6118,122.22,player-06951,POR,23,87,205.49,60.51,2.75,567.84,17,23
1396,224.94,true,62.57,6430,120.94,player-06952,DEF,23,96,216.01,61.72,3.55,561.9,19,26
916,268.55,true,61.4,3899,120.41,player-06953,DEF,23,53,215.64,60.2,2.14,604.6,16,20
1783,198.21,true,58.37,8476,120.47,player-06954,MC,23,135,192.96,55.48,3.69,511.64,18,25
1871,212.93,true,42.98,9073,119.99,player-06955,MC,23,145,137.63,40.17,2.73,470.55,20,27
1368,207.4,true,64.74,6257,121.01,player-06956,DEL,23,91,236.94,69.53,3.8,565.35,19,27
1845,214.81,true,62.3,8889,120.32,player-06957,DEF,23,141,152.65,46.84,3.55,487.77,19,26
1879,205.81,true,42.75,9119,119.61,player-06958,MC,23,146,136.57,41.25,2.75,461.99,17,23
1356,256.27,true,63.28,6177,120.79,player-06959,DEL,23,90,189.7,57.24,3.27,566.75,17,22
1313,220.43,true,65.85,6016,120.55,player-06960,DEF,23,84,228.65,61.82,2.82,569.63,18,22
575,219.77,true,74.55,5775,124.81,player-06961,POR,46,222,229.28,64.84,4.42,573.86,23,29
631,228.85,true,58.95,6316,124.12,player-06962,DEF,46,245,211.31,57.2,4.08,564.29,24,29
604,231.15,true,62.15,6013,124.83,player-06963,DEF,46,233,213.7,59.65,1.93,569.68,23,28
594,225.67,true,66.72,5945,125.26,player-06964,MC,46,229,219.96,60.64,2.51,570.89,24,29
199,223.41,true,70.57,2023,126.53,player-06965,MC,46,78,288.32,84.44,2.01,638.26,23,26
146,230.77,true,87.98,1517,125.59,player-06966,DEL,46,60,291.62,84.75,3.09,647.98,23,30
254,257.39,true,68.97,2702,125.15,player-06967,DEF,46,99,242.21,69.99,2.47,624.76,23,30
586,229.26,true,64.78,5859,126.93,player-06968,MC,46,226,216.43,67.76,1.96,572.62,18,22
615,252.91,true,52.21,6175,124.86,player-06969,DEL,46,238,189,54.82,4.58,566.77,19,24
895,216.24,true,58.56,9020,124.27,player-06970,DEF,46,345,135.97,40.55,2.59,476.48,20,24
250,198.73,true,83.63,2677,119.36,player-06971,POR,46,97,307.25,86.27,3.85,625.33,19,27
531,217.54,true,67.71,5360,120.29,player-06972,DEF,46,204,242.85,67.02,4.22,580.68,18,27
61,225.08,true,91.36,669,124.83,player-06973,DEF,46,34,322.94,87.93,7.31,672.85,20,30
130,210.59,true,93.17,1375,125.57,player-06974,MC,46,56,315.39,96.74,6.88,651.55,22,31
225,206.96,true,86.26,2373,124.83,player-06975,MC,46,90,299.41,91.52,7.18,631.19,21,31
93,227.54,true,84.27,971,122.96,player-06976,DEL,46,42,312.05,95.07,5.58,662.55,19,31
23,216.32,true,98,262,123.7,player-06977,DEF,46,15,353.27,99,5.97,693.3,21,33
379,203.16,true,88.08,3847,123.47,player-06978,MC,46,151,278.84,84.79,6.67,605.46,22,30
35,231.82,true,89.04,394,121.98,player-06979,DEL,46,21,330.65,90.8,2.64,684.45,18,24
269,231.57,true,81.86,2805,120.29,player-06980,DEF,46,107,270.78,79.51,5.16,622.65,19,29
86,218.05,true,98,1289,115.09,player-06981,POR,42,11,320.41,98.09,5.14,653.55,10,20
236,209.79,true,83.07,3104,112.71,player-06982,DEF,42,27,295.04,91.96,7.01,617.54,10,21
,193.34,false,89.54,,112.85,player-06983,DEF,42,,305.4,87.32,7.01,611.59,10,21
,214.89,false,90.98,,108.63,player-06984,MC,42,,300.54,90.81,8.47,624.06,7,15
,218.18,false,98,,111.02,player-06985,MC,42,,288.9,99,8.22,618.11,8,17
393,221.95,true,90.07,4525,112.19,player-06986,DEL,42,50,260.09,82.37,4.97,594.23,8,15
,210.5,false,87.57,,112.85,player-06987,DEF,42,,259.41,80.26,7.23,582.76,10,22
97,238.69,true,94.12,1439,110.8,player-06988,MC,42,14,300.18,89.73,8.06,649.67,8,19
283,197.26,true,86.72,3395,110.14,player-06989,DEL,42,32,305.38,90.42,7.71,612.78,8,16
278,204.16,true,98,3361,107.8,player-06990,DEF,42,31,301.42,99,9.03,613.37,7,15
241,252.09,true,65.94,4069,115.33,player-06991,POR,38,62,234.19,66.16,3.62,601.61,15,23
331,216.27,true,77.54,5560,115.54,player-06992,DEF,38,89,245.84,71.19,4.37,577.64,15,26
491,246.58,true,50.93,8305,116.04,player-06993,DEF,38,122,155.78,47.29,3.18,518.4,16,23
229,216.61,true,75.38,3774,114.5,player-06994,MC,38,56,275.49,75.82,3.78,606.6,14,22
115,209.01,true,83.78,1973,117.15,player-06995,MC,38,21,313.01,84.42,2.64,639.17,15,20
150,245.18,true,85.52,2455,114.22,player-06996,DEL,38,35,270.36,77.02,3.32,629.76,15,22
145,220.82,true,90.09,2374,112.7,player-06997,DEF,38,33,297.67,86.54,3.95,631.19,13,21
420,210,true,77.74,7027,115.4,player-06998,MC,38,107,226,71.22,2.64,551.39,15,20
55,230.36,true,83.19,925,113.72,player-06999,DEL,38,11,319.8,91.37,3.78,663.89,14,22
149,221.95,true,80.7,2422,114.61,player-07000,DEF,38,34,293.84,85.51,3.74,630.39,16,25
534,208.62,true,67.29,2032,122.27,player-07001,POR,11,115,307.17,94.8,4.94,638.05,17,29
872,284.16,true,67.09,3595,121.16,player-07002,DEF,11,186,204.03,60.67,3.42,609.35,18,24
817,222.34,true,83.35,3340,123,player-07003,DEF,11,178,268.35,80.83,4.6,613.68,18,29
1427,205.45,true,62.65,6592,121.74,player-07004,MC,11,291,231.9,64.66,2.87,559.08,16,22
554,261.43,true,66.3,2117,120.66,player-07005,MC,11,122,254.16,73.05,2.45,636.25,20,26
1217,236.47,true,60.58,5469,121.42,player-07006,DEL,11,247,221.19,67.7,3.78,579.08,21,30
649,222.59,true,82.05,2489,120.91,player-07007,DEF,11,140,285.47,80.76,4.78,628.97,18,30
1260,212.79,true,62.73,5687,123.76,player-07008,MC,11,255,238.91,65.94,3.91,575.45,20,29
1523,221.86,true,60.12,7045,123.43,player-07009,DEL,11,310,205.84,62.96,4.29,551.13,20,31
1188,229.35,true,72.2,5317,122.38,player-07010,DEF,11,241,229.54,65,3.89,581.28,20,29
696,192.86,true,64.69,7666,119.76,player-07011,POR,05,73,224.93,64.94,4.31,537.55,14,24
827,207.24,true,54.14,9068,115.78,player-07012,DEF,05,85,148.39,45.68,4.94,471.41,13,25
608,211.6,true,55.96,6740,115.6,player-07013,DEF,05,62,229.2,63.69,5.7,556.39,14,27
655,197.4,true,57.98,7205,117.98,player-07014,MC,05,65,232.84,69.47,4.05,548.23,14,23
793,217.94,true,53.09,8718,118.39,player-07015,MC,05,81,163.16,50.22,4.37,499.5,15,26
667,227.48,true,56.31,7337,119.57,player-07016,DEL,05,69,198.38,55.85,5.16,545.43,14,24
835,191.5,true,45.53,9153,116.97,player-07017,DEF,05,86,147.26,41.59,4.54,455.74,14,25
845,208.88,true,31.7,9227,114.87,player-07018,MC,05,87,106.14,31.1,5.58,429.89,13,24
,218.43,false,41.64,,117.11,player-07019,DEL,05,,148.67,49.62,5.59,484.21,12,22
851,200.96,true,35.27,9254,117.03,player-07020,DEF,05,88,80.56,25,5.09,398.55,14,24
98,250.33,true,67.46,4005,111.88,player-07021,POR,39,98,240.65,68.07,2.01,602.87,13,16
25,274.65,true,78.4,1036,118.03,player-07022,DEF,39,25,267.97,76.84,2.41,660.65,17,22
44,272.61,true,71.98,1835,116.42,player-07023,DEF,39,44,252.54,70.81,2.52,641.57,16,21
5,265.51,true,81.47,528,118.95,player-07024,MC,39,5,293.97,85.97,2.75,678.43,17,23
14,267.46,true,73.26,783,115.33,player-07025,MC,39,14,285.85,79.31,3.06,668.65,17,24
29,288.36,true,70.92,1324,118.83,player-07026,DEL,39,29,245.55,72.43,2.52,652.74,16,21
15,256.41,true,80.8,800,115.47,player-07027,DEF,39,15,296.22,79.89,3.62,668.1,15,23
127,249.39,true,66.05,5303,115.08,player-07028,MC,39,127,217.03,61.63,2.75,581.5,17,23
28,256.15,true,74.3,1280,117.59,player-07029,DEL,39,28,280.04,81.88,2.87,653.78,16,22
118,261.73,true,60.77,4892,115.07,player-07030,DEF,39,118,211.6,62.84,3,588.4,15,21
57,271.87,true,72.26,970,122.51,player-07031,POR,45,34,268.19,79.77,6.99,662.57,15,23
128,262.78,true,73.44,2173,122.77,player-07032,DEF,45,67,249.44,72.65,8.35,634.99,14,22
59,277.67,true,75.3,992,120.56,player-07033,DEF,45,35,263.5,78.68,7.42,661.73,14,23
139,291.83,true,69.08,2332,121.02,player-07034,MC,45,71,219.1,64.94,4.89,631.95,14,19
299,273.93,true,69.78,4734,123.36,player-07035,MC,45,126,193.55,57.62,4.76,590.84,16,22
200,256.75,true,63.85,3307,120.82,player-07036,DEL,45,96,236.72,66.33,6.9,614.29,14,23
63,286.54,true,66.76,1058,121.79,player-07037,DEF,45,37,251.49,68.73,3.94,659.82,15,21
461,266.99,true,60.69,7420,120.83,player-07038,MC,45,164,155.73,47.47,3.3,543.55,13,19
135,285.79,true,78.52,2278,119.27,player-07039,DEL,45,70,227.74,67.68,4.36,632.8,13,19
102,286.13,true,67.09,1675,121.15,player-07040,DEF,45,55,237.6,65.56,5.42,644.87,13,19
124,192.87,true,91.87,5169,114.75,player-07041,POR,26,124,276.31,86.37,2.99,583.93,12,16
70,217.83,true,87.1,2640,113.1,player-07042,DEF,26,70,295.17,82.03,3.75,626.1,11,17
65,198.72,true,98,2394,114.26,player-07043,DEF,26,65,317.93,91.28,3.78,630.91,12,18
64,183.77,true,98,2335,111.28,player-07044,MC,26,64,336.86,97.01,5.31,631.91,9,15
55,205.26,true,86.71,2072,113.66,player-07045,MC,26,55,318.23,99,4.09,637.15,12,19
34,190.65,true,98,1312,109.94,player-07046,DEL,26,34,352.45,99,4.93,653.04,10,16
86,195.73,true,87.6,3537,114.29,player-07047,DEF,26,86,300.4,85.2,3.3,610.42,12,17
,220.26,false,95.99,,107.66,player-07048,MC,26,,295.91,94.74,4.26,623.83,9,12
75,188.21,true,95.1,2994,107.81,player-07049,DEL,26,75,323.46,99,4.93,619.48,10,16
58,192.61,true,96.74,2165,114.54,player-07050,DEF,26,58,328.03,92.14,4.17,635.19,11,17
109,225.88,true,67.18,6621,116.04,player-07051,POR,07,109,216.69,64.9,2.92,558.61,13,18
28,249.32,true,64.42,2311,114.41,player-07052,DEF,07,28,268.52,78.94,3.82,632.25,12,19
135,218.39,true,56.74,7929,113.9,player-07053,DEF,07,135,197.49,56.3,4.9,529.78,11,21
137,207.67,true,60.52,8078,119.62,player-07054,MC,07,137,198.39,57.44,4.05,525.68,14,23
,224.46,false,73.64,,113.66,player-07055,MC,07,,207.25,70.81,3.26,545.36,11,16
87,240.45,true,59.88,5578,117.43,player-07056,DEL,07,87,219.46,60.85,3.14,577.34,14,20
142,213.44,true,52.01,8350,115.84,player-07057,DEF,07,142,187.33,50.71,4.14,516.62,12,20
123,239.76,true,60.83,7206,116.11,player-07058,MC,07,123,192.36,57.71,3.64,548.23,13,20
129,219.23,true,57.73,7574,117.78,player-07059,DEL,07,129,203.31,58.04,3.3,540.32,13,19
96,236.68,true,53.39,6033,115.13,player-07060,DEF,07,96,217.62,67.79,3.64,569.43,13,20
100,241.47,true,81.57,2498,122.18,player-07061,POR,28,100,265.17,78,1.39,628.83,14,16
245,223.39,true,70.61,5810,120.34,player-07062,DEF,28,245,229.68,69.02,3.26,573.4,11,16
87,246.78,true,74.57,2163,121.84,player-07063,DEF,28,87,266.62,81.41,2.55,635.24,13,17
,236.02,false,66.28,,120.16,player-07064,MC,28,,243.56,69.67,0.85,599.74,13,14
143,234.84,true,74.31,3623,121.62,player-07065,MC,28,143,252.37,72.79,2.49,608.83,13,17
94,242.88,true,76.07,2328,121.77,player-07066,DEL,28,94,267.34,79.72,2.14,631.99,12,15
285,216.88,true,69.79,6952,122.74,player-07067,DEF,28,285,212.86,65.92,2.77,552.48,14,19
,200.89,false,85.73,,119.02,player-07068,MC,28,,299.07,86.88,2.85,618.98,11,14
,200.33,false,54.5,,114.84,player-07069,DEL,28,,152.09,47.39,3.22,467.27,9,13
67,246.16,true,73.9,1594,116.9,player-07070,DEF,28,67,283.51,83.14,3.69,646.57,10,15
,232.21,false,93.03,,121.68,player-07071,POR,11,,303.13,99,2.64,657.01,18,24
609,225.16,true,91.1,2334,121.4,player-07072,DEF,11,133,285.38,87.72,2.83,631.94,19,26
389,204.4,true,98,1384,120.07,player-07073,DEF,11,82,326.67,93.51,3.35,651.15,19,28
631,192.07,true,89.71,2424,122.78,player-07074,MC,11,137,315.53,96.13,2.83,630.38,19,26
35,229.54,true,98,108,118.48,player-07075,MC,11,5,360.38,99,3.71,708.4,18,28
1310,218.61,true,69.35,5968,120.2,player-07076,DEL,11,268,231.63,63.7,2.94,570.44,18,25
525,214.7,true,90.85,2005,120.04,player-07077,DEF,11,114,303.78,88.32,3.35,638.52,19,28
299,197.65,true,91.51,1020,124.9,player-07078,MC,11,63,338.52,95.23,1.88,661.07,19,23
456,202.2,true,90.3,1723,121.16,player-07079,DEL,11,96,320.53,91.99,2.75,643.9,17,23
765,217.91,true,85.65,3073,122.16,player-07080,DEF,11,164,278.01,79.42,3.34,618.09,17,25
116,198.26,true,96.06,1736,108.08,player-07081,POR,40,19,337.34,99,5.74,643.68,11,25
138,208.43,true,90,1961,110.46,player-07082,DEF,40,20,320.58,99,4.43,639.46,12,21
,206.69,false,96.93,,108.79,player-07083,DEF,40,,262.04,89.6,4.9,577.52,11,21
112,220.79,true,98,1632,105.32,player-07084,MC,40,18,319.68,93.54,5.64,645.78,9,20
289,199.01,true,98,3470,105.95,player-07085,MC,40,28,306.77,96.34,6.87,611.73,10,22
223,208.04,true,90.61,2945,110.25,player-07086,DEL,40,23,301.9,87.71,5.14,620.18,12,24
103,209.87,true,95.26,1547,108.7,player-07087,DEF,40,17,328.99,99,5.14,647.55,11,22
83,223.97,true,98,1254,105.51,player-07088,MC,40,14,325.07,99,6.33,654.55,8,21
58,216.18,true,93.82,916,108.89,player-07089,DEL,40,11,339.13,95.53,5.14,664.2,10,20
90,236.11,true,98,1373,104.29,player-07090,DEF,40,15,311.18,93,5.97,651.58,10,24
,224.73,false,63.49,,119.77,player-07091,POR,35,,197.52,57.7,1.57,542.03,18,21
,209,false,67.8,,120.67,player-07092,DEF,35,,245.75,67.04,2.41,575.42,17,22
,251.89,false,57.72,,120.42,player-07093,DEF,35,,239.58,66.39,2.52,611.9,16,21
,248.74,false,66.5,,120.8,player-07094,MC,35,,246.15,70.31,1.5,615.69,19,22
,191.9,false,53.37,,121.46,player-07095,MC,35,,184.3,51.35,1.96,497.66,18,22
,197.57,false,62.78,,121.06,player-07096,DEL,35,,148.61,43.87,1.88,467.24,19,23
,185.14,false,59.43,,121.29,player-07097,DEF,35,,172.26,48.44,1.64,478.69,17,20
,220.93,false,54.39,,116.73,player-07098,MC,35,,173.16,57.19,2.01,510.82,13,16
,229.84,false,56.28,,120.28,player-07099,DEL,35,,200.11,57.54,2.14,550.22,16,20
,226.96,false,72.84,,119.81,player-07100,DEF,35,,250.59,74.96,1.25,597.36,16,18
745,200.08,true,76.29,7354,122.87,player-07101,POR,46,291,222.11,66.32,3.96,545.06,17,24
776,200.65,true,65.57,7639,121.41,player-07102,DEF,46,305,216.27,61.01,4.52,538.33,15,23
747,221.7,true,60.71,7394,121.25,player-07103,DEF,46,293,201.13,61.56,4.22,544.09,15,22
410,197.99,true,77.23,4119,122.71,player-07104,MC,46,158,279.99,82.26,4,600.7,18,26
804,194.49,true,71.02,7962,121.44,player-07105,MC,46,316,212.87,61.43,4.65,528.8,18,29
,185.37,false,73.93,,120.59,player-07106,DEL,46,,196.06,63.48,4.37,502.02,16,24
585,194.87,true,64.22,5858,120.7,player-07107,DEF,46,225,257.07,70.32,4.33,572.64,16,24
526,224.55,true,63.29,5329,123.98,player-07108,MC,46,202,232.55,63.88,2.31,581.07,18,23
688,200.25,true,68.78,6838,121.93,player-07109,DEL,46,270,232.6,67.37,3.47,554.78,16,24
377,192.38,true,86.74,3830,122.9,player-07110,DEF,46,150,290.43,83.3,3.89,605.7,15,24
1870,211.2,true,49.05,9061,115.98,player-07111,POR,11,378,145.32,42.6,2.94,472.51,18,25
1502,224.3,true,55.55,6911,117.76,player-07112,DEF,11,306,211.02,58.24,2.22,553.08,19,24
1715,199.18,true,61.29,8079,118.24,player-07113,DEF,11,345,208.26,58.22,2.36,525.68,21,27
1412,216.37,true,57.98,6499,118.31,player-07114,MC,11,288,226.06,63.45,2.47,560.74,23,30
1807,195.94,true,51.02,8624,119.87,player-07115,MC,11,362,188.69,51.86,2.36,504.5,21,27
1292,225.7,true,63.83,5850,115.21,player-07116,DEL,11,264,231.87,69.59,2.72,572.78,23,31
1166,212.09,true,67.83,5223,119.12,player-07117,DEF,11,236,251.63,73.36,2.73,582.84,20,27
1307,236.39,true,56,5954,118.46,player-07118,MC,11,266,215.87,65.82,2.87,570.71,16,22
1876,232.08,true,30,9105,120.01,player-07119,DEL,11,379,113.37,31.21,2.52,465.46,16,21
1886,225.04,true,45.53,9169,115.9,player-07120,DEF,11,381,111.05,35.06,2.83,451.99,19,26
142,217.01,true,76.66,5919,118.66,player-07121,POR,39,142,235.76,73.26,3.95,571.43,13,21
116,230.64,true,66.85,4806,117.37,player-07122,DEF,39,116,241.84,69.18,4.05,589.85,14,23
65,232.35,true,72.09,2675,117.87,player-07123,DEF,39,65,275.15,77.85,3.47,625.37,14,21
128,239.21,true,76.2,5359,117.16,player-07124,MC,39,128,224.33,68.64,3.82,580.7,12,19
88,262.05,true,63.94,3603,120.12,player-07125,MC,39,88,227.02,69.69,3,609.19,15,21
153,223.21,true,66.88,6409,119.4,player-07126,DEL,39,153,219.75,62.45,3.99,562.35,16,26
103,256.17,true,63.47,4338,117.83,player-07127,DEF,39,103,223.1,67.78,3.78,597.1,14,22
146,229.27,true,65.31,6014,118.85,player-07128,MC,39,146,221.53,67.55,4.49,569.65,13,23
110,230.65,true,67.28,4694,116.03,player-07129,DEL,39,110,244.85,68.65,4.43,591.52,12,21
100,259.56,true,66.49,4202,120.31,player-07130,DEF,39,100,219.48,61.83,3.14,599.35,14,20
,198.96,true,61.81,7425,115.93,player-07131,POR,51,74,228.58,66.09,6.72,543.46,12,25
,208.57,true,72.48,5507,118.22,player-07132,DEF,51,55,251.72,71.56,6.61,578.51,13,27
,198.38,true,69.83,6299,113.95,player-07133,DEF,51,60,252.22,74.33,6.91,564.55,12,26
,206.65,true,72.26,6604,113.13,player-07134,MC,51,65,239.05,68.13,7.08,558.83,12,27
,203.04,true,70.7,5998,114.14,player-07135,MC,51,57,252.73,69.91,6.31,569.91,12,23
,223.33,true,59.17,8374,111.85,player-07136,DEL,51,91,180.56,51.4,7.01,515.74,10,21
,170.86,true,60.77,9235,116.2,player-07137,DEF,51,95,138.53,43.08,6.72,425.59,12,25
,196.41,true,73.12,6338,115.43,player-07138,MC,51,61,251.99,69.2,6.86,563.84,11,23
,198.16,true,69.55,7724,116.46,player-07139,DEL,51,83,221.33,64.45,6.14,535.95,11,20
,189.24,true,67.07,7604,112.14,player-07140,DEF,51,80,238,69.03,5.4,539.38,9,19
96,257.35,true,65.37,3812,110.36,player-07141,POR,39,96,238.25,69.61,4.76,605.96,14,26
73,254.01,true,72.29,2905,111.87,player-07142,DEF,39,73,255.08,75.53,4.72,620.96,13,24
123,229.09,true,64.61,5083,113.78,player-07143,DEF,39,123,242.4,65.87,4.05,585.28,14,23
76,229.24,true,70.56,3098,112.23,player-07144,MC,39,76,276.12,78.03,4.69,617.59,12,22
117,244.47,true,65.36,4812,113.69,player-07145,MC,39,117,231.57,66.53,4.31,589.73,14,24
125,225.14,true,68.49,5100,113.23,player-07146,DEL,39,125,246.64,76.25,4.31,585,14,24
63,247.14,true,69.21,2647,113.13,player-07147,DEF,39,63,265.75,73.24,4.31,626.02,14,24
102,218.37,true,71.86,4270,113.59,player-07148,MC,39,102,266.3,77.82,4.05,598.26,14,23
162,223.58,true,65.38,6869,115.47,player-07149,DEL,39,162,214.87,62.11,3.64,553.93,13,20
171,210.98,true,63.98,7515,114.68,player-07150,DEF,39,171,215.86,61.83,4.23,541.52,13,22
597,159.93,true,78.72,7981,113.61,player-07151,POR,36,158,254.82,76.43,4.03,528.36,11,18
606,179.22,true,60.94,8097,115.25,player-07152,DEF,36,162,230.82,65.05,3.08,525.28,12,17
508,179.27,true,74.01,6543,116.56,player-07153,DEF,36,123,264.01,77.41,3.3,559.84,13,19
670,157.05,true,67.17,8974,111.93,player-07154,MC,36,196,211.27,65.15,3.89,480.25,10,16
455,173.48,true,86.68,5902,117.08,player-07155,MC,36,101,281.27,83.94,3.35,571.83,13,19
637,179.87,true,58.25,8539,118.38,player-07156,DEL,36,178,210.7,61.74,2.77,508.95,14,19
551,165.97,true,66.93,7219,115.05,player-07157,DEF,36,140,266.86,80.75,3.11,547.88,12,17
,211.15,false,69.85,,109.77,player-07158,MC,36,,238.09,75.52,3.71,559.01,9,14
582,193.99,true,64.39,7702,116.96,player-07159,DEL,36,154,225.45,65.46,1.9,536.41,14,17
,215.93,false,68.56,,113.3,player-07160,DEF,36,,231.74,76.5,1.81,560.98,10,12
111,231.6,true,67.55,2835,122.13,player-07161,POR,28,111,268.5,76.69,2.22,622.23,19,24
249,232.38,true,58.81,5958,121.4,player-07162,DEF,28,249,216.79,60.19,1.5,570.57,19,22
294,249.73,true,72.28,7133,120.61,player-07163,DEF,28,294,179.19,55.36,2.41,549.52,17,22
269,253.91,true,50.72,6450,120.15,player-07164,MC,28,269,187.6,52.58,2.83,561.66,19,26
208,225.79,true,66.09,5049,118.96,player-07165,MC,28,208,241.03,76.82,2.41,585.78,17,22
59,235.52,true,69.36,1354,122.04,player-07166,DEL,28,59,294.52,86.18,2.64,652.09,18,24
85,236.79,true,75.42,2124,121.12,player-07167,DEF,28,85,278.19,78.88,2.22,636.1,19,24
117,228.3,true,73.7,2915,120.09,player-07168,MC,28,117,272.39,85.39,2.94,620.77,18,25
209,271.81,true,49.67,5080,121.61,player-07169,DEL,28,209,191.92,51.95,2.31,585.33,18,23
116,236.2,true,67.15,2911,121.52,player-07170,DEF,28,116,263.12,78.87,2.22,620.84,19,24
392,205.52,true,72.89,4521,113.93,player-07171,POR,47,49,274.87,80.68,5.14,594.32,13,26
275,243.68,true,72.29,3329,107.98,player-07172,DEF,47,30,262.29,73.08,4.92,613.95,12,23
338,220.15,true,78.93,3945,114.17,player-07173,DEF,47,41,269.55,82.4,4.72,603.87,13,24
292,225.04,true,67.76,3500,115.39,player-07174,MC,47,34,270.76,77.96,4.05,611.18,14,23
673,220.3,true,57.67,7397,111.66,player-07175,MC,47,90,212.05,61.97,4.92,544.01,12,23
305,205.14,true,82.79,3657,114.06,player-07176,DEL,47,37,289.08,79.75,4.94,608.29,13,25
604,174.12,true,78.09,6690,110.97,player-07177,DEF,47,77,272.09,78.37,5.14,557.19,12,24
711,208.3,true,57.65,7803,115.51,player-07178,MC,47,95,210.11,57.91,4.14,533.93,12,20
379,218.29,true,70.91,4430,114.63,player-07179,DEL,47,46,262.6,71.8,5.5,595.52,13,28
605,202.84,true,69.7,6695,113.88,player-07180,DEF,47,78,240.41,69.25,5.14,557.13,14,28
269,150.14,true,85.35,4456,117.78,player-07181,POR,48,166,327.23,99,2.11,595.15,14,15
390,166.36,true,81.15,6029,117.92,player-07182,DEF,48,231,285.19,79.85,3.1,569.47,14,17
516,171.01,true,75.97,7758,117.54,player-07183,DEF,48,292,246.51,71.2,2.36,535.05,14,18
169,178.3,true,96.33,2916,117.54,player-07184,MC,48,113,324.92,91.95,1.88,620.76,16,19
,142.07,false,80.68,,113.22,player-07185,MC,48,,280.4,89.51,1.64,535.7,13,14
364,157.83,true,82.02,5665,118.73,player-07186,DEL,48,216,299.31,80.74,3.2,575.87,16,20
656,132.28,true,70.25,9128,114.53,player-07187,DEF,48,371,213.65,64.89,0.81,460.46,14,15
496,182.8,true,70.92,7491,119.63,player-07188,MC,48,282,239.6,71.77,1.81,542.03,15,18
489,148.66,true,76.65,7409,118.75,player-07189,DEL,48,280,276.38,76.08,3.56,543.79,14,18
612,158.09,true,67.7,8827,117.09,player-07190,DEF,48,350,216.71,65.3,3.1,491.89,14,17
,249.23,false,63.23,,110.16,player-07191,POR,01,,192.13,59.44,2.64,551.51,9,12
,246.84,false,58.3,,115.3,player-07192,DEF,01,,189.61,64.05,1.68,551.75,11,13
,234.61,false,77.97,,109.71,player-07193,DEF,01,,244.81,77.94,2.14,589.14,8,10
,208.25,false,65.03,,112.02,player-07194,MC,01,,216.83,67.8,2.14,537.11,8,10
,265.04,false,59.79,,112.73,player-07195,MC,01,,215.45,68.45,2.45,593.21,10,13
,260.77,false,62.3,,108.97,player-07196,DEL,01,,224.42,81.14,2.1,594.16,9,11
,244.79,false,58.85,,111.16,player-07197,DEF,01,,174.36,55.66,1.96,530.31,9,11
,271.21,false,76.61,,111.87,player-07198,MC,01,,259.62,77.78,1.05,642.7,10,11
,244.55,false,51.5,,111.61,player-07199,DEL,01,,190.45,59,2.64,546.61,9,12
,268.26,false,63.41,,114.6,player-07200,DEF,01,,212.75,65.5,1.68,595.61,11,13
1219,210.11,true,70.15,5479,117.54,player-07201,POR,23,71,251.3,69.35,4.78,578.94,18,26
1232,235.75,true,72.91,5547,116.15,player-07202,DEF,23,74,225.95,66.73,5.43,577.85,18,30
1750,206.82,true,60.07,8294,114.94,player-07203,DEF,23,131,197.12,58.67,3.99,518.87,16,26
1239,217.25,true,71.95,5602,114.08,player-07204,MC,23,75,245.59,67.49,5.42,576.92,20,34
1116,218.39,true,68.03,4983,117.44,player-07205,MC,23,63,250.95,67.91,4.92,586.78,19,29
939,240.17,true,63.11,4037,116.01,player-07206,DEL,23,57,246.18,66.64,5.14,602.36,19,30
544,237.53,true,74.21,2076,114.99,player-07207,DEF,23,27,284.58,78.55,4.78,637.09,18,30
1422,239.89,true,61.78,6546,115.72,player-07208,MC,23,97,204.17,58.32,4.29,559.78,16,24
1580,241.78,true,59.55,7406,113.6,player-07209,DEL,23,116,188.48,53.41,3.74,543.86,16,25
1626,203.98,true,65.6,7677,114.52,player-07210,DEF,23,122,218.68,66.78,4.74,537.18,17,28
,237.26,true,76.37,3924,121.21,player-07211,POR,51,44,245.74,73.27,3.94,604.21,15,21
,241.98,true,81.08,2010,119.39,player-07212,DEF,51,25,277.08,77.89,4.49,638.46,13,23
,249.41,true,84.7,1688,119.87,player-07213,DEF,51,22,275.26,81.55,4.91,644.54,14,23
,266.8,true,84.58,848,118.51,player-07214,MC,51,9,281.18,81.85,4.42,666.5,14,21
,250.69,true,79.72,2494,119.78,player-07215,MC,51,34,258.38,81,4.23,628.86,13,22
,245.71,true,82.14,1515,117.67,player-07216,DEL,51,19,284.65,80.34,3.95,648.04,13,21
,271.71,true,74.82,3476,120.8,player-07217,DEF,51,39,219.15,66.39,3.77,611.67,14,19
,252.77,true,88.79,279,116.7,player-07218,MC,51,2,322.03,96.2,4.57,691.5,11,19
,242.98,true,85.79,4822,115.53,player-07219,DEL,51,51,231.1,70.87,5.64,589.61,11,20
,252.26,true,83.36,997,116.37,player-07220,DEF,51,11,293.04,81.42,4.37,661.67,11,19
131,249.37,true,94.67,397,116.96,player-07221,POR,21,18,318.02,95.41,4.28,684.35,17,29
529,215.15,true,82.67,2017,116.56,player-07222,DEF,21,53,306.63,91.24,4.14,638.34,15,25
671,251.99,true,76.92,2601,117.16,player-07223,DEF,21,65,257.64,77.24,4.62,626.78,16,29
942,239.72,true,68.36,4042,117.9,player-07224,MC,21,92,244.6,71.27,4.47,602.22,17,30
167,247.11,true,93.76,510,117.49,player-07225,MC,21,23,314.59,88.97,4.78,679.19,15,28
121,261.63,true,89.65,360,118.87,player-07226,DEL,21,17,306.15,90.55,4.47,686.66,17,30
247,264.71,true,83.72,775,118.77,player-07227,DEF,21,29,285.34,77.24,4.33,668.83,18,31
273,259.95,true,78.15,922,115.4,player-07228,MC,21,31,288.63,78.13,4.21,663.98,16,27
416,234.2,true,83.26,1493,118.33,player-07229,DEL,21,40,295.96,92.29,3.89,648.49,15,24
282,226.71,true,90.42,960,116.18,player-07230,DEF,21,33,320.01,93.18,3.6,662.9,17,26
207,284.66,true,68.56,2592,118.01,player-07231,POR,27,49,224.38,64.23,4.76,627.05,14,26
9,304.79,true,79.09,91,118.16,player-07232,DEF,27,3,288.1,81.8,4.58,711.05,15,27
294,304.01,true,65.49,3576,120.55,player-07233,DEF,27,69,185.04,56.02,4.14,609.6,15,25
184,320.07,true,76.64,2378,120.58,player-07234,MC,27,45,190.44,56.88,4.76,631.1,14,26
69,320.89,true,65.08,857,118.75,player-07235,MC,27,19,226.37,69.25,4.62,666.02,16,29
232,287,true,66.52,2823,121.25,player-07236,DEL,27,57,214.14,64.01,4.05,622.39,14,23
1,309.06,true,88.33,2,119.15,player-07237,DEF,27,1,323.88,93.4,4.94,752.1,13,25
21,297.01,true,70.19,224,120.01,player-07238,MC,27,6,278.84,86.07,4.14,695.85,15,25
53,302.36,true,81.74,664,118.39,player-07239,DEL,27,14,252.21,76.67,4.76,672.96,14,26
54,285.48,true,75.12,666,120.65,player-07240,DEF,27,15,266.78,76.12,4.14,672.91,15,25
721,243.14,true,78.99,2881,118.04,player-07241,POR,23,41,260.34,77.78,3.95,621.52,13,21
153,255.87,true,83.82,458,117.8,player-07242,DEF,23,8,307.95,87.74,3.69,681.61,12,18
595,234.63,true,77.98,2253,118.64,player-07243,DEF,23,31,280.1,77.97,3.32,633.36,15,22
677,260.43,true,66.69,2615,117.76,player-07244,MC,23,37,248.32,74.35,4.05,626.51,14,23
320,223.71,true,85.68,1106,116.08,player-07245,MC,23,18,318.6,91.07,4.13,658.39,11,17
582,209.12,true,86.84,2213,116.45,player-07246,DEL,23,30,308.55,87.72,3.78,634.12,14,22
197,235.91,true,86.11,614,119.91,player-07247,DEF,23,9,319.08,90.09,3,674.9,15,21
738,237.75,true,72.53,2953,119.05,player-07248,MC,23,42,263.26,75.29,3.32,620.05,15,22
1005,249.54,true,59.79,4395,119.69,player-07249,DEL,23,58,226.88,64.26,3.64,596.1,13,20
147,260.41,true,79.27,447,118.74,player-07250,DEF,23,7,302.93,86.41,3.09,682.09,13,18
1401,197.36,true,52.98,6455,122.98,player-07251,POR,11,285,241.13,70.11,2.62,561.46,20,24
1729,220.62,true,49.8,8165,124.17,player-07252,DEF,11,348,178.22,52.82,3.32,523.02,19,25
1475,174.44,true,67.8,6795,123.57,player-07253,DEF,11,299,257.51,69.45,1.96,555.52,18,22
1648,196.72,true,63.75,7778,121.21,player-07254,MC,11,326,216.71,62.69,1.81,534.64,20,24
1361,214.13,true,61.69,6229,122.78,player-07255,MC,11,278,228.92,65.58,2.74,565.83,22,27
1287,204.9,true,65.09,5829,122.17,player-07256,DEL,11,263,246.06,75.26,1.96,573.12,18,22
1668,206.78,true,60.67,7870,121.92,player-07257,DEF,11,332,203.04,60.99,3.21,531.74,18,23
974,201.96,true,76.32,4226,124.04,player-07258,MC,11,199,273,75.35,3.42,599.01,18,24
1749,201.01,true,54.4,8289,121.8,player-07259,DEL,11,352,196.22,54.98,2.22,519.03,19,24
1650,203.99,true,55.3,7789,122.6,player-07260,DEF,11,327,207.74,58.11,1.44,534.32,20,23
273,196.68,true,80.23,4421,115.49,player-07261,POR,19,23,283.47,82.32,6.89,595.65,10,25
233,191.74,true,83.68,3811,117.3,player-07262,DEF,19,19,296.92,83.2,5.14,605.97,12,24
385,196.02,true,73.17,6263,119.07,player-07263,DEF,19,33,250.15,76.65,6.34,565.25,11,24
203,190.77,true,80.28,3332,120.42,player-07264,MC,19,15,302.73,93.96,6.09,613.93,12,25
411,194.98,true,75.85,6708,120.8,player-07265,MC,19,40,241.02,69.95,6.49,556.8,11,25
432,211.35,true,61.68,6939,118.72,player-07266,DEL,19,43,222.73,62.06,6.24,552.81,12,26
227,199.07,true,79.38,3758,116.61,player-07267,DEF,19,18,291.15,85.74,5.97,606.83,10,24
192,177.21,true,86.17,3197,121,player-07268,MC,19,13,317.87,92.75,4.49,616.08,13,23
400,190.03,true,65.46,6527,118.59,player-07269,DEL,19,37,251.61,71.53,4.03,560.22,11,18
562,173.34,true,67.46,9009,118.38,player-07270,DEF,19,57,185.47,58.71,5.74,477.19,11,25
663,183.44,true,69.51,6603,123.52,player-07271,POR,46,257,251.91,67.94,1.5,558.87,19,22
907,196.21,true,52.19,9141,122.21,player-07272,DEF,46,351,139.29,40.72,1.74,457.72,21,25
670,174.3,true,77.63,6679,123.03,player-07273,DEF,46,259,259.99,73.77,1.81,557.32,20,24
874,188.61,true,65.09,8810,121.13,player-07274,MC,46,337,183.71,54.32,1.68,493.46,22,26
827,164.53,true,68.58,8232,120.65,player-07275,MC,46,327,235.9,65.65,0.62,521.08,20,21
826,208.88,true,64.07,8217,123.56,player-07276,DEL,46,326,188.93,57.61,1.74,521.38,21,25
,178.41,false,69.87,,121.94,player-07277,DEF,46,,185.84,62.34,1.5,486.19,19,22
800,194.88,true,64.51,7914,119.2,player-07278,MC,46,314,216.13,67.62,0.67,530.22,18,19
899,154.55,true,64.29,9067,118.43,player-07279,DEL,46,347,198.67,60.85,1.19,471.64,17,19
,198.44,false,69.29,,121.65,player-07280,DEF,46,,221.7,71.21,1.01,541.79,21,23
38,209.69,true,88.26,934,114.08,player-07281,POR,01,3,339.83,99,4.18,663.59,15,22
352,196.44,true,72.38,5520,114.39,player-07282,DEF,01,65,267.54,77.63,3.84,578.38,17,27
267,214.35,true,76.27,4431,115.44,player-07283,DEF,01,50,265.73,74.88,3,595.52,15,21
260,205.21,true,75.21,4281,115.87,player-07284,MC,01,48,276.96,79.43,4.49,598.04,16,25
412,197.49,true,69.9,6301,117.26,player-07285,MC,01,76,249.74,77.62,3.94,564.49,18,26
430,177.87,true,68.65,6560,116.43,player-07286,DEL,01,81,265.24,74.61,5.09,559.54,13,22
509,188.27,true,63.37,7682,115.94,player-07287,DEF,01,103,232.85,70.39,4.09,537.05,17,25
586,200.99,true,81.9,8577,114.21,player-07288,MC,01,118,192.05,60.49,4.89,507.25,15,25
387,201.36,true,65.1,5966,115.17,player-07289,DEL,01,72,253.94,69.95,4.26,570.46,16,24
261,210.89,true,73.86,4342,115.54,player-07290,DEF,01,49,270.6,73.25,2.14,597.03,16,20
250,195.12,true,82.03,4150,116.95,player-07291,POR,48,156,288.16,79.74,2.49,600.23,13,17
,228.14,false,89.19,,112.11,player-07292,DEF,48,,274.79,88.16,2.46,615.03,11,13
613,172.92,true,72.35,8828,113.79,player-07293,DEF,48,351,205.18,64.86,2.14,491.89,12,15
329,188.93,true,77.08,5211,114.66,player-07294,MC,48,199,279.45,81.16,2.7,583.04,12,16
262,185.14,true,85.97,4352,117.15,player-07295,MC,48,162,294.64,91.94,2.29,596.93,13,15
366,195.58,true,94.7,5684,114.73,player-07296,DEL,48,218,265.24,81.59,2.25,575.55,12,15
607,166.89,true,69.57,8767,118.7,player-07297,DEF,48,348,210.6,63.98,1.39,496.19,14,16
534,178.04,true,67.12,7963,114.91,player-07298,MC,48,302,235.86,67.54,2.81,528.8,11,15
529,201.23,true,62.81,7890,116.56,player-07299,DEL,48,298,213.31,65.19,2.14,531.1,12,15
,154.73,false,71.14,,113.09,player-07300,DEF,48,,230.56,66.87,3.71,498.38,9,14
164,212.8,true,74.99,4643,106.73,player-07301,POR,22,32,272.9,77.88,5.4,592.43,9,19
96,226.75,true,94.23,2737,103.73,player-07302,DEF,22,18,293.48,88.63,5.61,623.96,8,16
244,206.6,true,70.87,6933,104.33,player-07303,DEF,22,49,241.9,70.22,5.43,552.83,8,17
163,198.35,true,92.72,4526,101.51,player-07304,MC,22,31,294.37,89.95,6.85,594.23,7,16
,199.1,false,80.39,,101.68,player-07305,MC,22,,264.88,82.63,5.51,565.67,7,14
172,222.99,true,71.39,4997,106.66,player-07306,DEL,22,36,256.86,71.95,5.4,586.51,9,19
97,209.53,true,84.91,2747,107.44,player-07307,DEF,22,19,306.75,99,5.66,623.71,9,18
,227.69,false,84.16,,102.89,player-07308,MC,22,,259.87,83.15,5.8,590.45,7,13
,208.5,false,73.77,,102.01,player-07309,DEL,22,,233.26,69.66,5.14,543.77,7,14
,237.32,false,84.28,,100.89,player-07310,DEF,22,,270.3,85.22,5.57,608.52,7,14
183,203.28,true,66.31,4617,123.99,player-07311,POR,28,183,265.48,76.64,4.04,592.75,24,36
79,219.38,true,87.28,1978,122.45,player-07312,DEF,28,79,297.23,82.86,5.5,639.05,22,32
360,199.75,true,70.17,8219,122.07,player-07313,DEF,28,360,199.5,62.12,3.1,521.32,19,27
236,185.47,true,82.73,5641,125.41,player-07314,MC,28,236,265.39,80.3,3.03,576.27,22,28
189,212.46,true,80.51,4729,123.27,player-07315,MC,28,189,255.21,72.59,3.66,590.94,20,28
289,194.62,true,80.53,7008,124.61,player-07316,DEL,28,289,232.48,73.86,4.38,551.7,24,30
312,192.02,true,73.1,7357,122.99,player-07317,DEF,28,312,229.99,68.74,3.65,544.99,24,37
256,200.31,true,68.31,6200,123.64,player-07318,MC,28,256,242.48,69.02,3.47,566.42,22,33
280,196.11,true,74.79,6825,123.59,player-07319,DEL,28,280,235.35,71.1,5.99,555.05,21,33
234,192.82,true,74.84,5574,122.91,player-07320,DEF,28,234,261.66,77.83,3.69,577.38,20,28
166,250.21,true,82.74,2107,117.25,player-07321,POR,27,38,268.94,77.36,5.64,636.4,9,20
378,264.93,true,79.32,4843,120.91,player-07322,DEF,27,85,203.41,64.9,4.03,589.24,11,18
427,218.69,true,68.89,5470,116.59,player-07323,DEF,27,94,243.8,74.38,4.51,579.08,9,16
372,234.9,true,76.8,4721,117.78,player-07324,MC,27,83,238.34,70.15,4.88,591.01,10,19
483,237.43,true,75,6234,118.17,player-07325,MC,27,102,210.15,61.62,4.9,565.75,11,21
407,233.15,true,81.57,5149,119.33,player-07326,DEL,27,91,231.72,73.31,4.03,584.19,11,18
117,242.94,true,84.13,1452,112.33,player-07327,DEF,27,31,294.12,84.7,5.13,649.38,8,15
404,211.33,true,86.98,5132,119.94,player-07328,MC,27,90,253.14,78.02,4.35,584.42,11,19
112,222.06,true,96.24,1344,119.88,player-07329,DEL,27,28,310.37,92.9,4.64,652.31,11,20
226,217.84,true,85.01,2761,115.4,player-07330,DEF,27,55,290.11,82.41,5.21,623.36,9,18
222,218.03,true,77.14,3668,119.99,player-07331,POR,02,50,270.11,80.68,3.83,608.12,12,19
476,214.03,true,67.07,7627,118.64,player-07332,DEF,02,117,205.87,62.65,2.81,538.55,11,15
422,205.51,true,63.03,6812,118.62,player-07333,DEF,02,102,231.17,66.76,3.67,555.3,11,17
394,205.76,true,66.14,6419,117.29,player-07334,MC,02,94,239.1,67.81,4.03,562.15,11,18
435,206.19,true,65.4,6974,118.04,player-07335,MC,02,105,227.89,63.02,4.03,552.12,11,18
,221.75,false,68.69,,115.18,player-07336,DEL,02,,237.34,67.89,3,574.27,10,14
507,226.22,true,55.43,8180,113.25,player-07337,DEF,02,127,183.07,54.16,4.14,522.53,9,15
414,230.35,true,60.61,6739,121.05,player-07338,MC,02,100,205.01,62.02,3.3,556.4,13,19
550,218.91,true,52.16,8823,117.97,player-07339,DEL,02,136,155.48,46.48,3.82,492.36,12,19
459,253.86,true,61.43,7362,116.42,player-07340,DEF,02,111,174.62,53.13,3.47,544.9,10,15
129,220.96,true,60.8,6698,108.64,player-07341,POR,06,54,227.42,64.79,6.23,557.01,9,23
179,219.33,true,43.25,8780,107.42,player-07342,DEF,06,81,168.47,49.77,5.14,495.22,8,16
157,202.34,true,61.47,7919,110.65,player-07343,DEF,06,68,217.01,62.54,5.14,530.01,9,18
60,245.18,true,73.86,3216,107.56,player-07344,MC,06,19,263,77.22,5.7,615.73,8,18
183,212.76,true,47.32,9032,111.28,player-07345,MC,06,85,151.35,49.65,5.14,475.39,9,18
123,221.99,true,71.15,6442,106.84,player-07346,DEL,06,50,232.98,72.5,6.25,561.8,7,18
145,236.87,true,59.25,7476,105.13,player-07347,DEF,06,61,200.43,58.79,6.46,542.42,7,19
184,198.82,true,43.05,9056,110.63,player-07348,MC,06,86,163.6,45.61,5.85,473.05,9,21
159,200.61,true,60.61,7996,110.7,player-07349,DEL,06,70,216.69,61.32,5.14,528,9,18
164,200.6,true,70.37,8127,107.58,player-07350,DEF,06,73,216.1,66.52,5.76,524.28,7,16
574,211.65,true,77.34,5767,116.24,player-07351,POR,12,119,246.12,69.37,3.47,574,14,21
296,208.4,true,71.45,3029,117.72,player-07352,DEF,12,58,292.64,82.65,3.47,618.76,16,24
240,211.62,true,78.26,2560,116.79,player-07353,DEF,12,49,299.29,83.82,3.74,627.7,16,25
607,217.95,true,59.47,6022,117.15,player-07354,MC,12,128,234.47,65.94,4.14,569.57,15,25
104,228.2,true,82.65,1117,116.64,player-07355,MC,12,17,313.22,86.43,3.62,658.05,15,23
473,216.43,true,68.72,4718,119.22,player-07356,DEL,12,94,255.42,74.61,3.6,591.07,17,26
795,199.73,true,63.35,7866,115.25,player-07357,DEF,12,167,217.09,59.11,3.32,532.07,15,22
856,214.17,true,58.34,8588,120.17,player-07358,MC,12,181,172.14,53.9,3.32,506.48,15,22
840,187.6,true,68.77,8433,113.11,player-07359,DEL,12,175,212.7,68.47,3.67,513.42,11,17
803,209.79,true,58.98,7957,117.27,player-07360,DEF,12,169,201.88,57.43,3.78,528.94,14,22
457,238.09,true,65.78,7345,122.15,player-07361,POR,45,162,185.05,57.16,3.18,545.29,16,23
35,261.63,true,80.27,600,120.49,player-07362,DEF,45,21,293.33,84.27,2.52,675.45,16,21
509,236.24,true,51.92,8214,122.57,player-07363,DEF,45,172,162.62,48.18,3.1,521.42,19,27
452,240.56,true,62.85,7252,122.15,player-07364,MC,45,160,184.46,52.69,3.47,547.16,16,24
52,243.9,true,83,837,120.82,player-07365,MC,45,31,302.06,85.05,2.64,666.78,18,24
,236.24,false,62.08,,122.57,player-07366,DEL,45,,148.2,47.89,3.59,507,19,29
527,241.37,true,58.32,8536,123.33,player-07367,DEF,45,177,144.39,44.27,3.34,509.08,17,25
337,243.36,true,60.59,5460,122.25,player-07368,MC,45,135,213.57,57.66,3.22,579.19,18,26
246,249.66,true,61.39,3985,121.38,player-07369,DEL,45,106,232.26,62.64,3.62,603.3,15,23
447,220.56,true,70.35,7198,121.44,player-07370,DEF,45,158,206.26,60.14,3.99,548.27,16,26
733,222.81,true,50.76,8131,117.81,player-07371,POR,24,85,183.51,49.9,4.58,524.14,15,27
314,221.87,true,73.52,3756,116.06,player-07372,DEF,24,25,268.92,76.42,5.47,606.84,14,30
798,204.15,true,49.5,8783,116.53,player-07373,DEF,24,91,174.44,47.22,4.76,495.11,14,26
670,214.65,true,53.54,7367,113.89,player-07374,MC,24,78,216.29,66.53,5.7,544.83,12,27
285,211.39,true,67.9,3426,114.4,player-07375,MC,24,20,286.57,84.18,4.94,612.36,13,25
653,176.81,true,74.08,7175,117.6,player-07376,DEL,24,77,254.29,73.27,4.97,548.7,15,29
694,214.27,true,63.91,7638,116.72,player-07377,DEF,24,81,207.35,61.08,4.95,538.34,14,27
846,204.7,true,38.4,9231,117.52,player-07378,MC,24,98,105.42,29.7,5.14,427.65,15,30
606,220.77,true,67.09,6702,115.94,player-07379,DEL,24,66,220.25,61.61,4.94,556.97,13,25
372,202.26,true,73,4388,117.62,player-07380,DEF,24,33,276.31,74.52,4.76,596.18,14,26
,204.57,false,95.66,,118.43,player-07381,POR,28,,314.12,99,3.9,637.12,10,12
226,220.28,true,75.4,5456,121.94,player-07382,DEF,28,226,237.04,76.12,0.81,579.26,14,15
58,219.44,true,98,1352,121.37,player-07383,DEF,28,58,311.35,99,2.78,652.16,13,15
43,220.28,true,98,844,121.94,player-07384,MC,28,43,324.34,96.1,1.91,666.56,14,15
159,230.29,true,85.49,3969,121.33,player-07385,MC,28,159,251.92,80.89,1.53,603.54,13,15
34,202.49,true,96.22,687,121.51,player-07386,DEL,28,34,348.2,99,3.45,672.21,12,15
,184.47,false,85.53,,118.69,player-07387,DEF,28,,285.16,83.56,2.02,588.33,11,13
,236.11,false,82,,120.85,player-07388,MC,28,,287.24,87.52,2.4,644.19,11,13
,208.07,false,86.58,,120.73,player-07389,DEL,28,,272.78,87.57,1.81,601.58,11,12
,228.67,false,92.94,,119.8,player-07390,DEF,28,,307.76,99,2.74,656.22,12,13
148,262.46,true,76.03,1530,121.36,player-07391,POR,08,74,263.95,73.84,2.64,647.77,15,20
342,253.19,true,63.39,3277,123.27,player-07392,DEF,08,160,238.3,71.09,2.87,614.75,16,22
,236.35,false,68.24,,121.39,player-07393,DEF,08,,241.47,69.06,2.36,599.21,14,18
448,253.12,true,73.11,4196,121.31,player-07394,MC,08,203,225.02,67.69,1.9,599.44,14,17
229,262.54,true,59.32,2098,120.56,player-07395,MC,08,117,253.51,74.59,2.36,636.61,14,18
,247.55,false,83.61,,120.84,player-07396,DEL,08,,272,82.4,2,640.39,14,17
544,252.72,true,59.19,4968,123.56,player-07397,DEF,08,245,210.68,59.21,2.52,586.96,16,21
798,224.56,true,57.12,7355,116.83,player-07398,MC,08,364,203.68,57.21,2.01,545.06,13,16
,224.31,false,77.1,,119.98,player-07399,DEL,08,,255.34,74.73,2.92,599.63,13,18
149,228.88,true,78.08,1531,121.81,player-07400,DEF,08,75,297.08,81.29,2.64,647.76,15,20
166,222.96,true,65.59,7064,116.88,player-07401,POR,39,166,210.84,64.68,4.33,550.67,18,31
196,205.25,true,52.48,8894,118.86,player-07402,DEF,39,196,163.07,46.25,3.81,487.18,19,30
19,198.47,true,93.45,859,119.91,player-07403,DEF,39,19,347.63,95.96,4.2,666.01,19,32
35,211.3,true,84.91,1551,118.7,player-07404,MC,39,35,317.47,86.75,3.84,647.47,17,27
42,219.9,true,73.1,1672,114.25,player-07405,MC,39,42,310.74,99,4.33,644.89,18,31
106,212.95,true,77.58,4513,118.03,player-07406,DEL,39,106,263.39,77.78,3.93,594.37,18,29
61,219.94,true,79.34,2542,116.7,player-07407,DEF,39,61,291.33,80.58,4.51,627.97,18,32
77,220.04,true,75.94,3241,117.04,player-07408,MC,39,77,278.33,77.25,4.37,615.4,15,26
71,230.21,true,76.95,2868,119.22,player-07409,DEL,39,71,272.33,76.37,3.71,621.75,18,28
160,245.27,true,66.52,6712,118.82,player-07410,DEF,39,160,192.63,59.3,4.28,556.72,17,29
806,227.04,true,54.65,7452,112.41,player-07411,POR,43,213,203.42,58.33,5.66,542.86,14,20
656,209.88,true,64.72,5963,106.03,player-07412,DEF,43,167,254.61,76.19,3.67,570.51,11,17
348,244.35,true,66.42,3337,110.31,player-07413,DEF,43,75,259.21,79.41,3.98,613.86,13,18
853,206.19,true,66.47,7966,112.45,player-07414,MC,43,228,210.1,63.25,3.62,528.74,13,17
511,235.25,true,69.58,4749,110.82,player-07415,MC,43,126,244.57,72.87,3.3,590.63,13,19
692,229.1,true,58.99,6353,108.63,player-07416,DEL,43,178,225.69,65.5,2.64,563.41,12,16
667,227.46,true,63.55,6089,105.32,player-07417,DEF,43,170,235.59,67.38,3.26,568.37,11,16
862,224.2,true,58.7,8033,112.01,player-07418,MC,43,230,190.43,54.62,3.3,526.64,13,19
838,228.45,true,52.12,7809,109.53,player-07419,DEL,43,223,195.87,55.34,5.78,533.85,12,17
411,232.36,true,70.82,3894,106.98,player-07420,DEF,43,97,265.33,80.33,6.67,604.67,11,18
436,147.78,true,83.37,5630,115.84,player-07421,POR,27,98,312.75,92.98,3.27,576.37,13,18
430,153.88,true,89.8,5511,116.27,player-07422,DEF,27,97,308.31,89.97,4.23,578.46,13,22
125,183.03,true,97.93,1529,118.21,player-07423,DEF,27,32,346.55,98.11,3.47,647.79,14,21
,159.92,false,89.49,,115.82,player-07424,MC,27,,263.2,85.29,4.49,538.93,13,23
395,172.37,true,94.28,4995,118.35,player-07425,MC,27,88,295.81,91.28,3.95,586.53,13,21
217,186.52,true,94,2693,117.09,player-07426,DEL,27,53,321.38,88.19,4.05,624.99,14,23
534,159.78,true,83.23,6978,118.77,player-07427,DEF,27,108,273.52,82.69,4.23,552.07,13,22
464,171.66,true,77.74,6034,120.08,player-07428,MC,27,100,277.69,79.43,3.14,569.42,14,20
285,158.95,true,84.78,3516,117.7,player-07429,DEL,27,65,334.25,97.32,3.95,610.9,13,21
63,204.17,true,98,785,118.98,player-07430,DEF,27,17,345.47,99,4.23,668.62,13,22
429,247.79,true,64.15,4268,120.49,player-07431,POR,03,178,229.99,67.16,1.72,598.27,16,19
449,231.92,true,75.96,4507,117.93,player-07432,DEF,03,189,244.59,73.87,0.76,594.44,15,16
128,254.7,true,79.81,1359,119.91,player-07433,DEF,03,50,277.43,79.22,1.72,652.04,16,19
30,250.28,true,85,339,120.06,player-07434,MC,03,10,317.57,93.98,0.91,687.91,16,16
71,250.92,true,82.08,773,118.95,player-07435,MC,03,29,299.06,85.6,0.85,668.93,17,18
203,239.98,true,83.4,2099,120.52,player-07436,DEL,03,82,276.11,79.53,1.57,636.61,18,21
260,226.31,true,85.82,2759,121.76,player-07437,DEF,03,107,275.34,79.01,0.64,623.4,19,20
38,257.84,true,94.46,434,117.84,player-07438,MC,03,12,306.92,90.58,2.2,682.6,13,15
,201.39,false,70.36,,119.39,player-07439,DEL,03,,232.01,73.61,0.85,552.78,13,14
237,244.94,true,78.12,2541,121.44,player-07440,DEF,03,95,261.69,73.99,1.5,628.06,19,22
212,216.3,true,80.43,5128,120.19,player-07441,POR,28,212,248.02,79.01,1.81,584.51,15,18
124,208.91,true,75.54,3095,119.92,player-07442,DEF,28,124,288.84,85.92,2.41,617.67,17,22
136,210.45,true,74.34,3490,121.86,player-07443,DEF,28,136,278.96,80.84,1.81,611.28,20,24
244,196.31,true,67.88,5792,120.97,player-07444,MC,28,244,256.38,70.71,1.5,573.66,19,22
343,188.1,true,74.34,7915,120.69,player-07445,MC,28,343,221.43,66.62,0.7,530.22,17,18
144,229.88,true,74.44,3633,120.09,player-07446,DEL,28,144,258.7,74.97,2.04,608.67,17,21
165,191.65,true,71.95,4106,119.03,player-07447,DEF,28,165,290.21,86.32,2.04,600.89,17,21
304,191.62,true,74.02,7273,121.49,player-07448,MC,28,304,233.7,66.36,1.64,546.81,17,20
66,227.32,true,82.47,1562,121.17,player-07449,DEL,28,66,298.89,84.64,2.54,647.38,19,25
103,245.74,true,73.56,2576,119.93,player-07450,DEF,28,103,261.7,75.11,2.04,627.37,17,21
142,252.05,true,63.72,3611,119.33,player-07451,POR,28,142,237.69,64.34,2.52,609.07,16,21
371,227.36,true,48.11,8383,119.94,player-07452,DEF,28,371,168.2,49.92,2.52,515.5,16,21
177,214.58,true,69.95,4472,119.42,player-07453,DEF,28,177,260.97,71.05,2.41,594.97,17,22
115,210.59,true,82.57,2907,117.76,player-07454,MC,28,115,292.57,84.76,2.31,620.93,15,19
160,258.96,true,64.91,4001,121.38,player-07455,MC,28,160,222.56,67.42,1.5,602.9,19,22
77,255.9,true,68.09,1812,120.31,player-07456,DEL,28,77,265.82,74.12,1.5,642.03,19,22
232,222.8,true,76.82,5530,121.26,player-07457,DEF,28,232,234.17,69.57,2.14,578.23,20,25
134,256.94,true,58.59,3455,120.45,player-07458,MC,28,134,234.57,73.19,1.64,611.96,17,20
179,239.69,true,64.09,4542,120.46,player-07459,DEL,28,179,233.83,67.91,1.96,593.99,18,22
315,209.42,true,71.8,7399,119.71,player-07460,DEF,28,315,214.83,65.14,1.19,543.97,17,19
659,246.83,true,63.98,6012,127.08,player-07461,POR,08,297,195.81,56.81,2.36,569.72,21,27
398,254.42,true,61.95,3732,126.11,player-07462,DEF,08,184,226.67,62.39,2.73,607.21,20,27
335,266.43,true,67.91,3183,125.55,player-07463,DEF,08,156,224.34,62.25,2.28,616.32,22,28
477,276.21,true,64.18,4457,126.99,player-07464,MC,08,217,191.93,55.58,1.68,595.14,22,26
464,253.98,true,62.73,4303,127.45,player-07465,MC,08,212,216.14,64.19,1.62,597.57,23,27
684,247.14,true,60.46,6251,125.67,player-07466,DEL,08,312,192.63,55.14,1.99,565.44,22,27
394,221.93,true,63.03,3709,126.36,player-07467,DEF,08,182,259.24,72.01,1.34,607.53,22,25
614,250.54,true,68.14,5634,126.62,player-07468,MC,08,278,199.16,60.77,1.62,576.32,23,27
570,252.54,true,58.08,5173,125.99,player-07469,DEL,08,259,205.36,58.68,1.5,583.89,19,22
829,241.87,true,67.79,7699,124.84,player-07470,DEF,08,374,169.83,52.09,2.28,536.54,22,28
157,302.29,true,82.67,1639,119.59,player-07471,POR,03,63,223.74,67.21,1.25,645.62,16,18
6,331.81,true,63.29,93,120.57,player-07472,DEF,03,3,258.24,70.98,2.94,710.62,17,21
10,308.81,true,76.87,113,118.26,player-07473,DEF,03,5,280.63,82.49,1.88,707.69,15,18
9,324.18,true,71.2,110,120.78,player-07474,MC,03,4,263.19,72.33,2.59,708.15,17,20
12,318.57,true,69.2,134,118.12,player-07475,MC,03,6,268.87,72.78,3.13,705.56,18,23
65,299.23,true,67.64,702,119.26,player-07476,DEL,03,24,253.05,77.18,2.7,671.55,19,23
399,291.97,true,66.25,4040,116.75,player-07477,DEF,03,163,193.53,58.04,2.36,602.26,14,18
72,319.12,true,71.67,780,122.05,player-07478,MC,03,30,227.56,66.39,2.36,668.73,19,22
220,306.75,true,62.7,2295,121.3,player-07479,DEL,03,89,204.37,60.67,0.76,632.42,15,16
53,283.4,true,76.37,594,119.98,player-07480,DEF,03,19,272.38,80.32,1.26,675.76,16,18
1036,202.65,true,82.21,4559,115.96,player-07481,POR,41,205,275.08,77.23,2.87,593.69,16,22
1612,189.71,true,67.77,7628,119.27,player-07482,DEF,41,323,229.57,62.72,2.31,538.55,18,23
1627,215.42,true,59.75,7689,116.32,player-07483,DEF,41,325,205.16,61.72,2.64,536.89,18,24
999,191.28,true,83.86,4375,117.21,player-07484,MC,41,197,287.91,85.29,2.06,596.4,21,26
1234,209.66,true,73.76,5553,117.91,player-07485,MC,41,243,250.19,68.64,2.83,577.76,19,26
1698,212.46,true,60.65,7999,117.83,player-07486,DEL,41,342,197.65,57.28,2.04,527.94,17,21
990,203.65,true,73.61,4309,116.24,player-07487,DEF,41,196,277.62,78.57,2.31,597.5,18,23
449,212.1,true,84.29,1677,120.89,player-07488,MC,41,82,311.8,93.32,1.87,644.79,15,17
1456,191.5,true,70.61,6726,117.41,player-07489,DEL,41,287,247.68,66.8,2.87,556.6,16,22
1872,194.32,true,43.68,9080,117.29,player-07490,DEF,41,378,158.18,42.66,2.64,469.78,18,24
674,242.92,true,78.05,2606,116.9,player-07491,POR,29,157,266.81,86.57,3.88,626.64,12,15
1365,219.67,true,72.5,6241,113.69,player-07492,DEF,29,288,232.23,73.07,3.47,565.59,10,15
298,213.67,true,83.16,1014,118.12,player-07493,DEF,29,69,329.45,94.39,5.02,661.24,12,19
369,245.96,true,79.54,1297,117.41,player-07494,MC,29,89,290.08,81.11,5.09,653.44,12,20
754,231.35,true,73.27,3026,118.37,player-07495,MC,29,170,269.06,78.98,4.3,618.78,13,19
1163,232.49,true,71.33,5214,117.24,player-07496,DEL,29,253,233.26,69.05,4.21,582.99,12,17
1610,197.86,true,65.62,7619,118.33,player-07497,DEF,29,314,222.76,62.23,2.64,538.96,12,16
1283,246.57,true,68.03,5814,116.96,player-07498,MC,29,278,209.79,65.12,4.82,573.33,12,19
62,278.3,true,87.91,170,113.42,player-07499,DEL,29,19,310.4,93.13,5.92,702.12,10,17
818,219.74,true,75.09,3341,118.61,player-07500,DEF,29,184,275.32,78.41,4.09,613.67,14,20
177,249.31,true,73.83,2364,111.25,player-07501,POR,34,13,270.84,75.08,5.76,631.4,15,30
746,249.08,true,65.64,8236,110.48,player-07502,DEF,34,54,161.37,52.92,6.52,520.93,12,28
815,231.53,true,56.13,8936,114.47,player-07503,DEF,34,59,138.02,42.32,5.96,484.01,14,29
593,256.35,true,56.08,6605,109.96,player-07504,MC,34,40,192.51,54.61,5.52,558.83,12,26
43,264.03,true,64.85,705,107.15,player-07505,MC,34,4,300.29,96.1,6.16,671.47,13,28
644,232.42,true,75.8,7102,111.7,player-07506,DEL,34,47,206.03,65.08,5.69,550.14,13,25
698,227.82,true,60.35,7698,105.64,player-07507,DEF,34,50,203.12,59.52,6.76,536.58,12,30
603,249.68,true,56.97,6686,112.52,player-07508,MC,34,42,195.06,59.27,6.09,557.26,12,25
467,227.95,true,63.88,5261,111.54,player-07509,DEL,34,29,242.73,73.96,5.47,582.22,14,30
502,268.21,true,59.09,5674,115.04,player-07510,DEF,34,34,192.5,57.24,4.92,575.75,12,23
275,221.37,true,61.77,7814,110.63,player-07511,POR,22,53,201.72,61.28,5.81,533.73,13,30
327,191.69,true,46.76,9209,110.94,player-07512,DEF,22,65,137.1,43.1,6.39,439.73,12,32
225,219.33,true,65.25,6570,112.74,player-07513,DEF,22,45,227.3,70.02,6.27,559.37,12,31
308,231.99,true,64.36,8685,113.3,player-07514,MC,22,58,155.74,46.51,5.7,501.02,12,27
201,223.26,true,67.95,5985,112.77,player-07515,MC,22,41,234.07,72.03,5.81,570.1,13,30
174,225.5,true,68.64,5010,113.78,player-07516,DEL,22,37,247.05,70.22,5.73,586.34,15,34
251,229.77,true,67.77,7160,110.15,player-07517,DEF,22,51,209.06,62.96,6.81,548.99,10,30
169,238.76,true,71.9,4914,110.39,player-07518,MC,22,35,238.91,68.89,6.14,588.05,12,30
107,241.26,true,78.69,2958,115.2,player-07519,DEL,22,22,263.56,74.08,4.43,620.01,12,21
193,238.76,true,69.49,5730,110.39,player-07520,DEF,22,39,225.47,71.85,5.31,574.61,14,29
391,207.57,true,82.12,3689,116.6,player-07521,POR,17,75,283.61,78.92,3.59,607.77,19,29
624,221.93,true,65.79,5738,116.83,player-07522,DEF,17,113,235.78,63.82,4.61,574.54,21,31
153,218.85,true,82.32,1558,118.9,player-07523,DEF,17,25,309.68,84.35,5.12,647.43,15,22
281,213.96,true,79.39,2604,117.46,player-07524,MC,17,54,295.31,81.2,3.89,626.73,20,29
308,212.96,true,79.66,2997,119.19,player-07525,MC,17,61,287.28,80.27,3.57,619.43,17,23
113,247.26,true,87.94,1061,118.3,player-07526,DEL,17,20,294.2,83.24,2.64,659.76,18,24
379,217.47,true,74.14,3593,117.99,player-07527,DEF,17,74,273.93,74.15,3.66,609.38,20,28
141,222.92,true,83.26,1413,121.77,player-07528,MC,17,24,305.67,82.44,3.95,650.36,20,26
88,210.95,true,82.16,823,119.32,player-07529,DEL,17,16,336.98,98.7,4.72,667.25,18,26
496,212.67,true,81.99,4653,120.33,player-07530,DEF,17,93,259.19,73.24,4.11,592.2,19,25
313,213.12,true,50.19,8819,123.81,player-07531,POR,50,159,155.96,43.54,4.89,492.89,15,21
246,210.2,true,61.85,7024,122.18,player-07532,DEF,50,125,219.11,61.64,3.76,551.48,18,22
240,212.17,true,68.28,6890,122.29,player-07533,DEF,50,124,219.12,63.18,5.01,553.58,18,23
256,216.07,true,63.86,7300,123.76,player-07534,MC,50,130,206.4,59.1,3.76,546.23,18,22
296,233.65,true,57.87,8391,123.77,player-07535,MC,50,152,157.82,47.89,3.32,515.24,15,22
306,196.13,true,51.85,8657,121.54,player-07536,DEL,50,156,185,56.35,4.61,502.67,14,18
216,228.3,true,60.6,6322,125.66,player-07537,DEF,50,113,210.22,64.84,3.72,564.19,16,22
220,226.99,true,65.28,6444,123.76,player-07538,MC,50,115,211,60.41,4.11,561.75,19,25
231,233.14,true,54.32,6669,124.06,player-07539,DEL,50,122,200.32,55.81,3.8,557.52,19,27
257,240.43,true,55.4,7302,125.66,player-07540,DEF,50,131,180.11,53.71,5.39,546.19,18,25
61,243.98,true,75.84,4301,119.47,player-07541,POR,07,61,234.17,67.49,6.19,597.63,16,29
11,254.18,true,79.52,1403,119.34,player-07542,DEF,07,11,277.09,85.67,4.21,650.61,16,27
4,290.65,true,75.83,502,119.72,player-07543,DEF,07,4,269.21,81.61,4.47,679.58,17,30
29,271.15,true,63.96,2495,120.5,player-07544,MC,07,29,237.21,69.38,4.62,628.86,16,29
71,255.16,true,59.79,4895,120.14,player-07545,MC,07,71,213.03,59.79,4.81,588.33,16,30
6,240.76,true,86.73,788,120.47,player-07546,DEL,07,6,307.28,88.45,6.4,668.51,17,32
24,242.14,true,80.27,2210,116.47,player-07547,DEF,07,24,275.54,79.35,4.81,634.14,16,30
32,242.45,true,71.41,2616,118.11,player-07548,MC,07,32,265.94,72.41,4.23,626.5,13,22
40,232.5,true,78.06,3503,118.8,player-07549,DEL,07,40,259.81,74.96,6.16,611.11,15,27
17,261.2,true,74.79,1779,119.53,player-07550,DEF,07,17,262.08,76.06,4.54,642.8,14,25
109,231.91,true,72.9,3053,117.32,player-07551,POR,50,58,269.16,76.24,5.56,618.38,18,35
101,253.46,true,70.65,2817,117.06,player-07552,DEF,50,57,251.97,70.11,5.7,622.49,17,34
182,232.37,true,66.64,5335,118.14,player-07553,DEF,50,99,230.52,69.52,5.1,581.02,18,32
120,245.55,true,70.86,3420,119.53,player-07554,MC,50,66,247.35,69.82,5.11,612.44,19,34
152,235.5,true,71.75,4255,118.62,player-07555,MC,50,84,244.35,72.28,5.58,598.46,16,31
262,232.21,true,68.35,7410,119.98,player-07556,DEL,50,134,191.58,57.51,4.62,543.77,16,29
44,235.74,true,76.73,1364,120.56,player-07557,DEF,50,29,295.54,82.58,4.14,651.84,18,30
156,246.28,true,63.7,4322,117.57,player-07558,MC,50,87,233.46,67.78,3.89,597.32,15,24
167,232.54,true,60.66,4846,119.83,player-07559,DEL,50,92,236.75,68.45,4.28,589.12,17,29
269,232.22,true,69.16,7631,116.77,player-07560,DEF,50,139,189.5,57.69,3.99,538.49,16,26
222,258.34,true,65.64,2939,113.62,player-07561,POR,05,24,248.29,71.78,4.53,620.25,12,18
800,241.07,true,60.27,8799,111.8,player-07562,DEF,05,83,141.39,45.42,5.35,494.26,11,19
153,259.7,true,82.56,2180,107.24,player-07563,DEF,05,13,267.83,81.76,4.26,634.77,9,15
526,255.2,true,57.93,5853,113.23,player-07564,MC,05,56,204.32,57.89,5.09,572.74,12,20
755,251.58,true,57.35,8344,112.64,player-07565,MC,05,77,152.62,47.12,4.21,516.84,12,17
470,218.36,true,66.19,5295,109.38,player-07566,DEL,05,49,253.88,75.47,6.09,581.61,10,20
144,253.81,true,69.99,2047,113.9,player-07567,DEF,05,12,269.92,73.75,5.74,637.62,12,23
198,221.55,true,80.05,2609,113.38,player-07568,MC,05,18,291.65,83.45,4.87,626.58,12,19
495,248.84,true,63.42,5599,108.59,player-07569,DEL,05,53,219.55,65.34,5.64,576.98,10,18
371,248.51,true,66.34,4383,108.94,player-07570,DEF,05,39,238.83,74.68,4.58,596.28,10,18
154,237.92,true,49.71,7844,117.36,player-07571,POR,10,89,177.33,50.15,6.7,532.61,14,29
144,249.17,true,54.76,7247,119.98,player-07572,DEF,10,84,178.07,51.94,4.81,547.23,16,30
31,236.48,true,66.18,1841,115.69,player-07573,DEF,10,22,289.35,90.12,5.54,641.51,12,22
55,247.26,true,72.92,3122,117.02,player-07574,MC,10,38,253.01,77.45,7.83,617.29,14,26
127,232.26,true,58.5,6628,117.12,player-07575,MC,10,75,209.07,61.55,7.74,558.45,15,28
93,217.3,true,73.47,4813,119.5,player-07576,DEL,10,58,252.93,74.27,4.92,589.73,15,25
112,230.25,true,58.51,5980,119.68,player-07577,DEF,10,69,220.28,62.21,7.66,570.21,16,30
141,239.77,true,62.03,7106,114.97,player-07578,MC,10,82,195.3,59.88,5.96,550.04,12,24
104,250.33,true,61.83,5544,117.15,player-07579,DEL,10,63,210.44,58.05,6.22,577.92,15,28
24,251.46,true,72.96,1532,114.88,player-07580,DEF,10,17,281.41,85.41,7.21,647.75,15,29
416,201.89,true,81.48,4745,117.3,player-07581,POR,09,33,271.48,79.22,6.04,590.66,11,22
156,191.87,true,93.06,2192,118.04,player-07582,DEF,09,14,324.59,95.77,5.59,634.5,12,22
824,180.07,true,62.97,9036,114.6,player-07583,DEF,09,93,180.46,54.04,6.75,475.13,9,21
684,195.24,true,68.44,7516,117.11,player-07584,MC,09,64,229.14,69.13,6.04,541.49,11,22
666,172.97,true,70.91,7335,117.43,player-07585,MC,09,60,255.04,79.57,5.14,545.44,12,20
643,203.42,true,75.68,7090,116.47,player-07586,DEL,09,57,230.38,68.62,4.46,550.26,11,16
91,233.64,true,84.57,1380,116.18,player-07587,DEF,09,7,301.63,82.83,4.64,651.44,11,20
186,199.21,true,86.79,2464,119.25,player-07588,MC,09,16,311.16,93.1,5.36,629.61,11,23
672,199.03,true,67.87,7378,118.89,player-07589,DEL,09,61,226.64,67.33,3.82,544.56,12,19
381,212.66,true,82.72,4440,114.91,player-07590,DEF,09,30,267.84,77.09,5.38,595.42,10,21
124,203.29,true,64.04,7019,120.29,player-07591,POR,31,124,227.98,63.33,4.21,551.56,16,27
166,172.57,true,51.8,8700,121.33,player-07592,DEF,31,166,206.58,60.79,4.43,500.48,16,28
138,198.07,true,68.13,7625,121.11,player-07593,DEF,31,138,219.49,61.84,4.83,538.67,17,32
169,175.25,true,65.11,8802,122,player-07594,MC,31,169,196.83,57.99,4.97,494.07,15,29
125,199.83,true,67.79,7047,120.62,player-07595,MC,31,125,230.63,65.29,4.05,551.08,14,23
153,201.97,true,51.96,8363,120.02,player-07596,DEL,31,153,193.98,53.27,5.14,515.97,14,28
141,185.06,true,59.24,7670,122.1,player-07597,DEF,31,141,230.27,62.96,3.34,537.44,17,25
130,189.42,true,61.94,7179,121.31,player-07598,MC,31,130,237.93,67.91,4.31,548.67,14,24
,206.57,false,59.88,,121.23,player-07599,DEL,31,,207.37,67.45,3.84,535.16,17,27
137,186.58,true,61.97,7500,120.02,player-07600,DEF,31,137,235.3,65.01,3.84,541.9,17,27
393,243.88,true,58.18,6562,122.44,player-07601,POR,35,296,193.18,55.34,1.25,559.51,16,18
437,245.18,true,52.05,7380,122.25,player-07602,DEF,35,325,177.08,53.05,1.5,544.52,19,22
509,213.5,true,52.24,8589,122.44,player-07603,DEF,35,383,170.52,53.68,1.19,506.45,17,19
300,251.71,true,53.24,4957,123.1,player-07604,MC,35,220,212.32,59.93,1.57,587.14,18,21
379,257.02,true,58.13,6341,120.32,player-07605,MC,35,284,186.39,54.42,1.81,563.73,15,18
520,229.8,true,47.6,8842,121.05,player-07606,DEL,35,393,140.43,42.44,1.25,491.28,16,18
395,243.17,true,50.5,6612,122.48,player-07607,DEF,35,298,193.09,52.47,1.19,558.74,17,19
,234.26,false,53.58,,122.07,player-07608,MC,35,,123.12,40.62,1.25,479.45,16,18
497,245.83,true,52.46,8416,123.55,player-07609,DEL,35,373,145.03,42.06,0.67,514.4,18,19
454,229.34,true,51.93,7680,121.07,player-07610,DEF,35,337,186.7,54.55,1.72,537.11,16,19
444,265.93,true,46.86,6899,112.09,player-07611,POR,48,260,175.25,48.58,3.47,553.27,12,18
305,254.94,true,49.1,5005,114.22,player-07612,DEF,48,188,217.24,62.33,3.64,586.41,13,20
406,245.99,true,58.32,6227,113.9,player-07613,DEF,48,240,205.95,61.11,3.3,565.84,13,19
577,264.57,true,43.25,8447,112.36,player-07614,MC,48,330,135.86,41.98,3.47,512.79,12,18
441,244.81,true,53.01,6859,114.4,player-07615,MC,48,259,194.99,54.62,2.49,554.2,13,17
381,284.95,true,47.08,5881,113.36,player-07616,DEL,48,227,173.85,55.17,3.08,572.16,12,17
636,251.98,true,38.66,9004,115.17,player-07617,DEF,48,362,110.11,34.62,3.14,477.27,14,20
360,221.63,true,66.3,5608,115.22,player-07618,MC,48,214,239.92,65.74,2.36,576.78,14,18
553,236.37,true,49.44,8196,115.94,player-07619,DEL,48,312,169.76,51.14,2.64,522.08,15,20
544,273.95,true,46.3,8098,115.5,player-07620,DEF,48,308,135.83,39.43,3.32,525.28,15,22
1226,181.08,true,89.55,5515,124.2,player-07621,POR,11,248,273.16,83.13,2.87,578.43,16,22
688,169,true,83.72,2704,125.94,player-07622,DEF,11,148,329.76,92.74,1.64,624.7,17,20
292,179.27,true,98,995,125.17,player-07623,DEF,11,62,357.27,99,1.14,661.71,18,20
931,178.86,true,88.59,3988,127.04,player-07624,MC,11,195,297.36,87.97,1.57,603.27,18,21
893,195.08,true,70.37,3769,125.04,player-07625,MC,11,190,286.55,80.61,2.04,606.67,17,21
854,206.52,true,83.39,3526,127.1,player-07626,DEL,11,182,277.1,78.95,2.31,610.72,18,23
1245,193.68,true,83.67,5628,124.93,player-07627,DEF,11,252,257.77,78.13,2.04,576.38,17,21
1272,175.2,true,82.51,5780,124.75,player-07628,MC,11,258,273.88,78.89,2.41,573.83,17,22
982,153.13,true,88.06,4251,124.79,player-07629,DEL,11,201,320.62,91.48,1.2,598.54,16,17
1345,162.6,true,81.85,6140,123.62,player-07630,DEF,11,274,281.15,80.2,1.64,567.36,17,20
1075,249.3,true,67.85,4788,117.64,player-07631,POR,41,211,223.18,67.7,2.49,590.11,13,17
868,256.12,true,67.34,3583,117.28,player-07632,DEF,41,174,236.12,71.69,2.64,609.52,12,16
1656,244.05,true,57.36,7807,117.64,player-07633,DEF,41,332,172.18,53.1,2.49,533.87,13,17
751,256.19,true,67.16,3007,117.17,player-07634,MC,41,140,245.89,73.85,2.49,619.25,13,17
1264,247.72,true,75.59,5742,114.94,player-07635,MC,41,249,211.82,64.87,3.47,574.48,12,18
491,240.28,true,80.21,1866,116.88,player-07636,DEL,41,92,284.01,80.98,3.31,641.17,13,19
535,237.92,true,85.57,2040,115.29,player-07637,DEF,41,101,284.59,89.04,3.14,637.8,12,16
1436,218.35,true,70.94,6643,113.36,player-07638,MC,41,279,226.32,68.75,3.26,558.02,11,16
524,245.56,true,76.5,1999,115.14,player-07639,DEL,41,99,277.95,79.7,3.08,638.64,12,17
1540,225.35,true,59.09,7145,113.59,player-07640,DEF,41,311,210.47,59.93,2.81,549.4,11,15
722,194.07,true,69.13,7176,121.45,player-07641,POR,46,281,233.16,67.17,2.49,548.68,13,17
,201.29,false,68.4,,120.13,player-07642,DEF,46,,248.89,75.86,2.14,570.32,12,15
673,188.8,true,68.95,6737,123.32,player-07643,DEF,46,261,244.28,68.96,2.77,556.41,14,19
652,199.01,true,77.97,6528,117.68,player-07644,MC,46,253,243.53,76.5,2.64,560.22,12,16
352,206.22,true,80.72,3640,123.11,player-07645,MC,46,139,279.21,82.05,0.88,608.54,15,16
641,194.37,true,69.97,6376,123.32,player-07646,DEL,46,249,245.37,66.81,2.64,563.06,15,20
,179.51,false,92.9,,113.11,player-07647,DEF,46,,300.71,86.6,3.54,593.34,10,14
790,200.58,true,61.66,7815,119.58,player-07648,MC,46,309,213.49,64.03,2.92,533.65,13,18
,168.56,false,78.5,,121.1,player-07649,DEL,46,,259.74,78.77,3.26,549.41,11,16
418,203.96,true,71.31,4193,121.45,player-07650,DEF,46,159,274.04,76.52,2.49,599.45,13,17
876,232.64,true,52.14,8826,119.73,player-07651,POR,12,189,139.89,41.43,3.32,492.25,15,22
424,240.31,true,69.93,4246,118.75,player-07652,DEF,12,88,239.55,71.13,4.49,598.62,13,23
692,200.51,true,64.89,6864,116.66,player-07653,DEF,12,145,236.92,67.08,4.64,554.08,11,20
543,248.29,true,64.69,5440,118.13,player-07654,MC,12,111,213.07,63.56,4.63,579.49,14,22
834,238.41,true,48.46,8341,116.95,player-07655,MC,12,174,161.58,48.65,5.14,516.94,12,20
877,194,true,56.69,8834,119.79,player-07656,DEL,12,190,177.83,56.18,3.49,491.63,14,18
848,210.71,true,51.74,8532,117.84,player-07657,DEF,12,179,180.6,49.48,4.48,509.15,15,23
581,238.68,true,61.5,5831,118.67,player-07658,MC,12,121,215.75,64.56,4.44,573.1,15,23
736,226.55,true,66.71,7270,111.86,player-07659,DEL,12,156,208.44,66.91,5.71,546.85,9,16
614,260.21,true,65.02,6158,119.73,player-07660,DEF,12,129,187.15,55.02,3.98,567.09,13,18
21,198.97,true,98,907,113.21,player-07661,POR,30,21,352.51,99,4.43,664.69,16,28
31,199.92,true,89.42,1296,114.12,player-07662,DEF,30,31,339.41,91.54,4.21,653.46,16,27
32,177.88,true,94.9,1335,115.55,player-07663,DEF,30,32,359.08,99,3.34,652.51,17,25
118,179.47,true,83.49,5287,113.74,player-07664,MC,30,118,288.51,78.59,6,581.72,16,28
73,203.62,true,75.84,3473,116.6,player-07665,MC,30,73,291.48,85.27,2.94,611.7,18,25
148,183.26,true,80.31,6615,117.01,player-07666,DEL,30,148,258.42,78.72,4.37,558.69,15,26
109,189,true,76.93,4887,117.1,player-07667,DEF,30,109,282.4,76.18,5.17,588.5,17,26
198,199.26,true,64.44,8216,114.94,player-07668,MC,30,198,207.2,60.86,3.34,521.4,17,25
60,185.1,true,92.86,2614,115.75,player-07669,DEL,30,60,325.67,93.49,3.99,626.52,16,26
70,200.34,true,78.23,3375,115.25,player-07670,DEF,30,70,297.54,88.88,3.71,613.13,18,28
492,213.44,true,65.33,6349,127.45,player-07671,POR,32,137,222.62,67.65,1.32,563.51,15,17
442,224.21,true,63.49,5721,127.75,player-07672,DEF,32,125,222.77,61.04,2.87,574.73,15,18
580,227.13,true,50.7,7688,126.68,player-07673,DEF,32,162,183.12,49.76,3.25,536.93,15,19
416,220.27,true,72.01,5309,127.15,player-07674,MC,32,119,234.02,67.15,3.27,581.45,17,22
525,226.01,true,59.76,6803,128.14,player-07675,MC,32,146,201.27,60.9,1.25,555.43,16,18
524,226.57,true,54.89,6735,126.09,player-07676,DEL,32,145,203.77,57.56,1.39,556.43,14,16
569,231.89,true,56.93,7474,127.61,player-07677,DEF,32,159,182.93,55.46,1.19,542.43,17,19
608,228.54,true,52.74,8108,127.09,player-07678,MC,32,169,169.38,50.12,3.25,525.01,15,19
516,234.87,true,57.7,6613,127.31,player-07679,DEL,32,142,196.57,58.45,2.72,558.74,16,19
565,228.59,true,55.32,7440,124.47,player-07680,DEF,32,158,190.12,56.48,2.49,543.19,13,17
295,269.43,true,62.84,4840,117.34,player-07681,POR,38,78,202.49,62.9,4.43,589.26,19,30
324,260.92,true,55.31,5421,116.18,player-07682,DEF,38,86,202.73,61.16,5.58,579.82,16,31
413,270.04,true,58.18,6949,114.75,player-07683,DEF,38,106,167.74,49.09,5.93,552.53,17,36
41,285.06,true,77.67,737,118.14,player-07684,MC,38,9,267.25,75,5.45,670.45,15,28
259,278.29,true,61.8,4344,114.93,player-07685,MC,38,68,203.78,60.19,4.99,597,17,33
349,288.92,true,54.46,5910,117.69,player-07686,DEL,38,93,164.95,48.38,5.38,571.56,19,36
174,256.25,true,70.21,2957,117.24,player-07687,DEF,38,41,246.54,72.56,5,620.03,19,37
284,260.63,true,54.67,4690,115.39,player-07688,MC,38,76,215.55,65.5,5.26,591.57,17,31
159,276.01,true,62.93,2672,115.46,player-07689,DEL,38,37,233.98,71.25,4.92,625.45,17,29
266,240.46,true,66.83,4432,118.69,player-07690,DEF,38,71,236.37,64.49,3.81,595.52,19,30
310,285.82,true,80.49,1068,115.28,player-07691,POR,23,16,258.55,79.21,5.51,659.65,13,24
129,290.71,true,78.03,388,114.69,player-07692,DEF,23,5,279.48,77.66,4.87,684.88,14,23
201,284.88,true,78.09,622,116.45,player-07693,DEF,23,10,273.32,81.65,4.31,674.65,14,24
1253,289.98,true,81.3,5669,117.67,player-07694,MC,23,76,168.2,52.33,3,575.85,15,21
10,281.14,true,98,32,118.2,player-07695,MC,23,1,328.86,94.94,3.5,728.2,13,19
120,259.97,true,89.11,358,119.83,player-07696,DEL,23,4,307.05,87.58,4.4,686.85,13,19
269,288.98,true,67.26,891,117.1,player-07697,DEF,23,15,258.95,76.41,5.09,665.02,13,22
580,248.6,true,85.57,2205,112.94,player-07698,MC,23,29,272.7,80.45,4.36,634.23,11,19
670,258.5,true,68.11,2588,117.8,player-07699,DEL,23,36,250.88,69.87,4.59,627.18,13,20
13,274.24,true,92.92,41,115.76,player-07700,DEF,23,2,336.12,91.52,4.63,726.12,14,22
705,238.23,true,46.13,7733,121.11,player-07701,POR,42,76,176.28,54.25,4.93,535.63,16,27
510,269.93,true,53.52,5727,118.72,player-07702,DEF,42,62,186.01,53.68,4.95,574.66,14,27
92,241.83,true,80.14,1382,121.42,player-07703,DEF,42,13,288.15,79.54,5.28,651.4,17,31
458,260.78,true,57.24,5184,119.25,player-07704,MC,42,55,203.56,56.83,4.95,583.59,14,27
357,272.4,true,58.83,4165,117.8,player-07705,MC,42,46,209.81,62.45,4.95,600.01,14,27
394,257.83,true,61.47,4527,120.13,player-07706,DEL,42,51,216.28,58.9,5.28,594.23,17,31
327,259.02,true,61.72,3870,118.97,player-07707,DEF,42,42,227.06,62.49,5.3,605.05,15,31
591,221.49,true,58.16,6586,119.84,player-07708,MC,42,70,217.85,63.27,4.91,559.17,14,23
235,248.7,true,64.4,3091,121.52,player-07709,DEL,42,26,247.53,75.15,4.68,617.75,14,22
333,258.11,true,67.19,3908,117.55,player-07710,DEF,42,43,228.76,72.29,4.6,604.42,12,18
317,260.14,true,66.28,3244,118.15,player-07711,POR,03,124,237,67.42,1.9,615.3,14,17
217,260.1,true,72.85,2260,116.05,player-07712,DEF,03,87,257.03,79.73,2.92,633.18,13,18
,303.3,false,50.52,,112.69,player-07713,DEF,03,,129.8,44.93,2.45,545.79,10,13
819,253.65,true,47.76,8175,113.76,player-07714,MC,03,326,155.23,46.63,3.26,522.64,11,16
528,263.34,true,56.25,5343,116.23,player-07715,MC,03,220,201.35,57.23,2.14,580.92,12,15
407,274.45,true,58.54,4080,119.94,player-07716,DEL,03,165,206.93,60.66,1.81,601.32,15,18
802,267.91,true,48.46,7956,116.29,player-07717,DEF,03,319,144.85,46.74,2.14,529.05,12,15
625,262.17,true,59.8,6235,117.04,player-07718,MC,03,251,186.54,55.44,2.14,565.75,12,15
,255.33,false,63.26,,113.04,player-07719,DEL,03,,201.91,60.53,3,570.28,10,14
442,274.13,true,61.1,4437,118.62,player-07720,DEF,03,185,202.71,58.44,2.64,595.45,12,16
134,251.59,true,74.03,1402,120.77,player-07721,POR,03,54,278.26,82.33,3,650.62,15,21
485,249.81,true,62.78,4869,118.64,player-07722,DEF,03,205,220.36,63.94,2.92,588.81,13,18
319,251.17,true,70.91,3258,118.54,player-07723,DEF,03,126,245.45,73.04,2.36,615.15,14,18
385,251.38,true,71.59,3925,119.32,player-07724,MC,03,153,233.5,68.27,1.9,604.21,14,17
364,222.85,true,78.01,3706,116.88,player-07725,MC,03,144,267.81,75.66,1.47,607.55,13,15
617,215.14,true,64.73,6185,119.71,player-07726,DEL,03,250,231.83,71.17,2.36,566.67,14,18
66,286.08,true,77.64,733,117.92,player-07727,DEF,03,25,266.63,78.85,2.14,670.63,12,15
537,213.34,true,69.62,5402,117.6,player-07728,MC,03,222,249.06,74.58,2.01,580,13,16
707,264.5,true,61.58,7057,120.41,player-07729,DEL,03,284,165.87,53.55,0.81,550.78,14,15
890,239.63,true,51.33,8982,119.46,player-07730,DEF,03,356,120.43,35.95,2.36,479.52,14,18
1503,193.51,true,69.75,6929,121.46,player-07731,POR,41,305,237.91,67.99,1.32,552.88,15,17
1406,210.5,true,68.92,6483,119.7,player-07732,DEF,41,274,230.79,63.82,1.9,560.99,14,17
1657,204.53,true,61.93,7811,122.06,player-07733,DEF,41,333,207.15,63.13,0.73,533.74,16,17
1385,202.48,true,68.4,6344,123.52,player-07734,MC,41,269,237.59,67.99,1.25,563.6,16,18
843,224.21,true,75.47,3460,120.92,player-07735,MC,41,164,266.77,74.18,1.9,611.9,14,17
1186,203.3,true,62.09,5310,123.17,player-07736,DEL,41,234,254.98,74.72,1.72,581.45,16,19
959,224.57,true,71.94,4147,121.91,player-07737,DEF,41,189,253.81,74.38,1.32,600.28,15,17
1509,215.94,true,59.18,6965,121.27,player-07738,MC,41,307,215.09,59.93,1.9,552.3,14,17
1743,208.23,true,64.39,8253,120.54,player-07739,DEL,41,353,191.81,59.84,1.39,520.59,14,16
1732,191.14,true,65.41,8184,121.4,player-07740,DEF,41,348,209.88,65.51,0.81,522.42,14,15
124,191.62,true,84.19,3521,117.5,player-07741,POR,50,67,301.74,87.86,4.58,610.86,10,17
155,208.43,true,78.22,4315,122.44,player-07742,DEF,50,86,266.51,76.26,4.05,597.38,14,23
159,231.49,true,68.07,4419,125.15,player-07743,DEF,50,89,239.05,70.65,3.47,595.69,12,18
86,242.88,true,74.37,2639,121.19,player-07744,MC,50,50,262.03,76.65,3.82,626.11,12,19
202,250.03,true,60.16,5987,121.04,player-07745,MC,50,108,199,58.8,2.64,570.07,12,16
173,221.31,true,76.41,5009,123.2,player-07746,DEL,50,95,241.85,68.36,3.14,586.36,14,20
25,260.72,true,80.76,912,121.1,player-07747,DEF,50,18,282.56,79.35,4.14,664.37,12,20
87,219.73,true,78.3,2643,119.46,player-07748,MC,50,51,286.88,80.73,4.64,626.07,11,20
119,218,true,75.74,3419,124.28,player-07749,DEL,50,65,270.2,87.64,2.81,612.49,13,17
114,222.1,true,75.63,3144,123.23,player-07750,DEF,50,63,271.59,83.1,4.43,616.93,12,21
,216.81,false,62.21,,109.3,player-07751,POR,29,,146.45,49.32,2.64,472.56,9,12
1884,187.06,true,55.74,9144,113.23,player-07752,DEF,29,360,157.22,47.76,2.81,457.51,11,15
,189.3,false,66.16,,113.23,player-07753,DEF,29,,245.2,70.14,2.28,547.73,11,14
,213.77,false,60.42,,110.03,player-07754,MC,29,,193.46,64.32,1.05,517.26,10,11
1779,196.22,true,59.63,8442,115.28,player-07755,MC,29,344,201.5,57.55,2.64,513,12,16
,213.76,false,71.39,,111.42,player-07756,DEL,29,,128.42,41.9,1.81,453.6,10,12
,199.52,false,62.89,,114.33,player-07757,DEF,29,,167.16,54.4,0.14,481.02,11,11
,197.32,false,48.7,,112,player-07758,MC,29,,145.97,46.72,1.05,455.3,10,11
,187.93,false,56.16,,114.12,player-07759,DEL,29,,181.14,56.87,1.68,483.19,11,13
,173.35,false,61.22,,105.71,player-07760,DEF,29,,197.4,66.22,3.47,476.45,8,12
,221.49,false,71.7,,113.92,player-07761,POR,18,,193.93,62.03,3,529.34,10,14
,258.48,false,58.71,,104.69,player-07762,DEF,18,,154.97,51.81,4.07,518.14,7,11
,247.3,false,67.99,,111.87,player-07763,DEF,18,,233.09,68.4,3.71,592.26,9,14
,247.3,false,53.65,,111.87,player-07764,MC,18,,167.4,54.43,3.71,526.57,9,14
,247.17,false,62.19,,102.55,player-07765,MC,18,,182.51,61.22,2.36,532.23,7,9
,221.49,false,60.5,,111.38,player-07766,DEL,18,,209.86,61.09,3.71,542.73,9,14
,273.25,false,64.81,,114.06,player-07767,DEF,18,,214.87,67.42,1.81,602.17,10,12
,238.54,false,50.85,,112.13,player-07768,MC,18,,155.52,50.26,3.22,506.2,9,13
,200.18,false,62.62,,103.36,player-07769,DEL,18,,220.44,70.39,3.14,523.97,7,10
,210.09,false,68.55,,108.66,player-07770,DEF,18,,219.36,72.12,2.87,538.11,8,11
1889,189.57,true,50.13,9182,117.8,player-07771,POR,23,148,141.78,42.59,4.49,449.16,13,18
1694,220.67,true,61.13,7989,116.67,player-07772,DEF,23,127,190.84,55.53,2.92,528.18,13,18
1392,217.49,true,63.01,6414,117.45,player-07773,DEF,23,95,227.32,65.56,4.87,562.26,13,19
1577,210.16,true,61.15,7388,118.08,player-07774,MC,23,115,216.01,62.07,2.92,544.26,13,18
1684,215.48,true,58.84,7942,117.4,player-07775,MC,23,126,196.56,59.61,3.64,529.44,13,20
1683,221.35,true,66.01,7937,118,player-07776,DEL,23,125,190.23,57.48,5.35,529.57,14,22
1773,201.64,true,54.67,8419,116.43,player-07777,DEF,23,134,196.28,55.25,4.14,514.35,12,20
1816,217.85,true,50.93,8690,119.13,player-07778,MC,23,138,163.85,48.35,2.64,500.84,15,20
1088,219.6,true,65.88,4858,118.43,player-07779,DEL,23,61,250.95,67.93,4.89,588.98,15,22
1548,201.95,true,71.15,7227,116.55,player-07780,DEF,23,108,229.21,67.04,5.04,547.71,12,18
16,279.13,true,81.18,559,119.38,player-07781,POR,30,16,278.34,76.59,3.93,676.85,18,29
116,282.4,true,44.1,5152,120.66,player-07782,DEF,30,116,181.06,53.55,3.71,584.13,18,28
123,278.91,true,53.47,5593,122.89,player-07783,DEF,30,123,175.24,49.14,3.14,577.04,14,20
185,219.93,true,58.18,7780,120.48,player-07784,MC,30,185,194.18,61.17,3.47,534.59,14,21
44,280.33,true,61.09,1643,121.41,player-07785,MC,30,44,243.79,73.7,3.18,645.53,16,23
41,267.28,true,69.58,1579,119.94,player-07786,DEL,30,41,259.69,71.07,3.6,646.91,17,26
146,222.35,true,69.09,6485,123.14,player-07787,DEF,30,146,215.46,64.32,1.57,560.96,18,21
149,224.66,true,62.45,6627,121.6,player-07788,MC,30,149,212.21,58.84,2.04,558.47,17,21
114,275.31,true,55.78,5118,119.57,player-07789,DEL,30,114,189.82,54.06,3.6,584.69,17,26
115,254.19,true,60.09,5151,120.87,player-07790,DEF,30,115,209.07,58.95,2.54,584.14,19,25
17,255.58,true,90.43,182,120.1,player-07791,POR,32,6,324.85,99,3.6,700.54,17,26
6,247.53,true,98,68,120.94,player-07792,DEF,32,2,349.46,96.41,4.81,717.93,16,30
12,249.25,true,98,130,120.54,player-07793,DEF,32,4,336.22,97.71,4.21,706.01,16,27
74,250.57,true,87.3,921,121.69,player-07794,MC,32,17,291.78,89.03,4.99,664.04,17,33
2,260.03,true,98,31,119.4,player-07795,MC,32,1,348.89,99,4.28,728.32,17,29
47,242.62,true,91.48,596,122.51,player-07796,DEL,32,10,310.56,85.51,3.74,675.69,16,25
111,253.63,true,82.29,1337,120.69,player-07797,DEF,32,30,278.15,77.52,4.37,652.47,15,26
108,226.75,true,84.34,1314,120.65,player-07798,MC,32,29,305.62,82.88,4.78,653.02,15,28
195,239.03,true,89.95,2511,120.73,player-07799,DEL,32,57,268.88,83.16,4.94,628.64,13,25
11,248.3,true,83.47,107,121.94,player-07800,DEF,32,3,338.19,99,4.54,708.43,14,25
803,231.97,true,52.42,8829,114.1,player-07801,POR,05,84,145.74,44.53,3.26,491.81,11,16
751,236.05,true,44.33,8293,117.33,player-07802,DEF,05,76,165.51,47.8,4.09,518.89,14,20
448,238.87,true,75.71,5050,114.9,player-07803,DEF,05,47,232.01,72.73,4.14,585.78,12,20
544,224.05,true,63.01,6117,114.62,player-07804,MC,05,57,229.23,66.13,5.09,567.9,13,22
387,231,true,67.45,4473,111,player-07805,MC,05,41,252.95,74.86,4.03,594.94,11,18
580,242.3,true,70.83,6476,116.66,player-07806,DEL,05,59,202.17,60.66,3.77,561.13,14,19
628,196.84,true,65.57,6934,116.84,player-07807,DEF,05,63,239.14,66.64,3.47,552.83,12,18
664,229.96,true,54.7,7309,117.36,player-07808,MC,05,68,198.77,58.63,4.36,546.09,13,19
778,228.65,true,41.14,8574,116.4,player-07809,DEL,05,79,162.42,48,2.49,507.46,13,17
766,219.33,true,53.37,8471,116.68,player-07810,DEF,05,78,176.01,48.41,5.14,512.02,12,20
406,202.06,true,77.12,3821,118.69,player-07811,POR,08,186,285.1,78.87,3.1,605.85,19,27
381,201.4,true,84.68,3634,121.32,player-07812,DEF,08,174,285.93,86.2,2.83,608.66,19,26
607,198.31,true,88,5512,117.05,player-07813,DEF,08,276,263.1,76.95,3,578.45,20,28
69,219.79,true,96.54,632,118.46,player-07814,MC,08,35,335.87,92.18,2.9,674.12,21,29
273,209.09,true,82.72,2507,120.27,player-07815,MC,08,133,299.36,81.51,3.22,628.72,18,26
55,206.3,true,89.55,538,120.21,player-07816,DEL,08,27,351.22,97.68,2.55,677.74,22,29
514,185.15,true,93.42,4768,121.93,player-07817,DEF,08,232,283.27,82.58,2.73,590.36,20,27
504,149.81,true,92.26,4695,120.06,player-07818,MC,08,229,321.64,99,3.74,591.52,16,25
324,168.53,true,92.96,3089,121.65,player-07819,DEL,08,151,327.66,96.66,4.54,617.85,14,25
,176.94,false,90.3,,122.87,player-07820,DEF,08,,267.08,86.43,2.64,566.89,18,24
480,202.17,true,70.65,7333,116.26,player-07821,POR,20,113,227.05,68.09,4.49,545.48,16,25
625,180.96,true,53.19,8912,113.83,player-07822,DEF,20,140,190.79,52.48,4.63,485.58,14,22
458,198.21,true,66.21,7029,118.73,player-07823,DEF,20,104,234.42,68.39,4.26,551.36,16,24
628,177.52,true,68.02,8949,117.03,player-07824,MC,20,143,188.27,58.54,4.49,482.81,16,25
461,209.48,true,70.26,7068,113.05,player-07825,MC,20,106,228.12,63.32,4.44,550.64,15,23
604,162.35,true,80.55,8728,112.99,player-07826,DEL,20,136,223.62,68.04,4.67,498.96,15,24
101,214.1,true,98,1856,117.46,player-07827,DEF,20,24,309.75,90.4,2.75,641.31,17,23
319,208.64,true,66.5,5109,115.88,player-07828,MC,20,66,260.3,71.54,4.09,584.82,17,25
454,173.56,true,75.82,6993,111.12,player-07829,DEL,20,103,267.25,78.73,4.37,551.93,14,21
,192.37,false,65.1,,113.98,player-07830,DEF,20,,239.33,66.65,3.14,545.68,14,20
288,220.79,true,58.88,8199,111.77,player-07831,POR,50,146,189.38,61.77,5.14,521.95,9,18
292,257.05,true,51.18,8332,113.28,player-07832,DEF,50,150,146.93,44.69,5.14,517.26,12,24
282,232.61,true,53.99,7995,113.27,player-07833,DEF,50,143,182.14,52.89,4.88,528.02,10,19
274,241.98,true,51.58,7787,118.45,player-07834,MC,50,141,173.93,50.4,4.14,534.35,12,20
263,283.92,true,48.38,7453,112.91,player-07835,MC,50,135,146.03,45.99,5.36,542.86,11,23
286,254.09,true,48.14,8133,114.89,player-07836,DEL,50,145,155.07,46.6,4.9,524.05,11,21
219,256.25,true,55.63,6424,113.15,player-07837,DEF,50,114,192.57,60.37,5.52,561.96,12,26
259,242.7,true,51.12,7402,115.15,player-07838,MC,50,132,186.08,53.78,4.43,543.93,12,21
186,230.28,true,65.62,5521,113.45,player-07839,DEL,50,103,234.64,66.12,4.88,578.37,10,19
278,249.23,true,46.15,7893,117.18,player-07840,DEF,50,142,164.27,46.2,4.14,530.68,12,20
,239.67,false,50.32,,115.86,player-07841,POR,12,,136.46,43.96,3.95,492,13,21
396,228.53,true,71.2,4020,112.65,player-07842,DEF,12,81,261.4,77,4.64,602.57,11,20
635,215.53,true,62.11,6340,119.75,player-07843,DEF,12,135,228.46,64.7,2.52,563.75,16,21
175,266.89,true,77.8,1786,117.44,player-07844,MC,12,38,258.21,77.42,4.54,642.54,14,25
556,256.84,true,73.28,5567,115.66,player-07845,MC,12,116,204.96,61.54,4.14,577.47,15,25
334,256.02,true,68.6,3409,117.2,player-07846,DEL,12,66,239.38,66.89,4.31,612.6,14,24
338,258.83,true,62.92,3466,117.49,player-07847,DEF,12,67,235.52,66.42,3.99,611.84,16,26
468,231.51,true,66.66,4670,116.7,player-07848,MC,12,93,243.64,70.98,3.95,591.85,13,21
749,209.07,true,63.29,7415,114.69,player-07849,DEL,12,159,219.88,67.59,4.43,543.64,12,21
535,193.7,true,79.07,5391,118.91,player-07850,DEF,12,108,267.53,76.88,3.3,580.14,13,19
96,223.72,true,71.96,5621,109.77,player-07851,POR,31,96,243.02,70.58,5.3,576.51,15,31
63,222.79,true,77.2,3402,113.43,player-07852,DEF,31,63,276.47,77.48,5.31,612.69,14,29
70,231.1,true,68.55,3914,110.67,player-07853,DEF,31,70,262.57,82.76,5.47,604.34,14,30
53,235.03,true,71.21,2928,113.13,player-07854,MC,31,53,272.25,73.98,5.14,620.41,15,30
134,228.31,true,62.76,7274,110.99,player-07855,MC,31,134,207.5,59.69,5.45,546.8,15,32
77,231.61,true,74.53,4364,113.27,player-07856,DEL,31,77,251.78,70.25,4.76,596.67,14,26
123,183.5,true,71.49,6938,114.62,player-07857,DEF,31,123,254.71,72.7,5.47,552.82,14,30
140,199.3,true,70.1,7667,116.13,player-07858,MC,31,140,222.11,67.41,5.14,537.53,14,28
109,203.37,true,78.9,6077,115.74,player-07859,DEL,31,109,249.41,71.7,4.54,568.52,14,25
133,243.56,true,54.84,7230,113.01,player-07860,DEF,31,133,191,53.24,5.62,547.57,14,31
523,176.62,true,91.76,1989,116.9,player-07861,POR,21,51,345.32,95.99,4.04,638.84,12,19
922,211.69,true,85.02,3932,120.14,player-07862,DEF,21,88,272.24,79.68,1.9,604.07,14,17
1031,191.52,true,89.13,4538,119.41,player-07863,DEF,21,102,283.11,81.73,3.47,594.04,14,21
,223.91,false,95.09,,113.29,player-07864,MC,21,,311.15,99,4.73,648.35,9,12
691,169.41,true,98,2716,116.01,player-07865,MC,21,72,338.93,96.02,4.33,624.35,11,17
1312,197.23,true,87.59,5999,119.42,player-07866,DEL,21,132,253.26,75.56,3.3,569.91,13,19
1168,197.74,true,84.73,5238,118.11,player-07867,DEF,21,121,266.73,80.85,3.12,582.58,12,17
748,230.28,true,82.81,2992,121.02,player-07868,MC,21,77,268.28,75.43,2.77,619.58,14,19
526,169.84,true,98,2007,117.63,player-07869,DEL,21,52,351.03,97.07,3.79,638.5,12,17
363,204.83,true,98,1274,120.41,player-07870,DEF,21,38,328.71,99,3.64,653.95,13,20
350,244.18,true,62.55,5622,123.12,player-07871,POR,45,137,209.21,64.23,4.04,576.51,16,23
45,264.67,true,77.64,781,123.18,player-07872,DEF,45,26,280.87,76.03,3.62,668.72,15,23
244,251.97,true,68.48,3955,125.04,player-07873,DEF,45,105,226.73,63.66,2.54,603.74,19,25
510,240.89,true,61.91,8291,124.03,player-07874,MC,45,173,154.01,46.8,3.18,518.93,16,23
371,221.34,true,60.31,6005,123.45,player-07875,MC,45,142,225.03,61.66,4,569.82,16,23
377,219.86,true,64.96,6088,124.36,player-07876,DEL,45,144,224.2,64.17,2.22,568.41,19,24
436,228.73,true,60.02,6979,122.32,player-07877,DEF,45,155,201.02,56.38,3.77,552.07,16,22
123,219.92,true,88.01,2128,122.21,player-07878,MC,45,63,293.85,87.8,2.02,635.98,15,18
70,255.21,true,72.23,1160,123.68,player-07879,DEL,45,42,278.11,78.18,2.87,656.99,16,22
236,212.87,true,70.92,3890,124.03,player-07880,DEF,45,103,267.8,77.42,4.12,604.7,17,25
1323,209.32,true,65.09,6047,123.79,player-07881,POR,21,134,235.97,67.74,3.47,569.07,18,27
1444,221.82,true,63.49,6672,124.18,player-07882,DEF,21,147,211.48,60.52,3.1,557.48,19,27
1317,231.98,true,68.92,6035,122.78,player-07883,DEF,21,133,214.55,62,3.18,569.3,16,23
1293,219.83,true,64.5,5861,123.17,player-07884,MC,21,130,229.55,62.91,3.99,572.55,16,26
1203,219.5,true,75.43,5400,123.92,player-07885,MC,21,123,236.61,74.45,3.1,580.02,19,27
1419,208.13,true,63.38,6518,123.69,player-07886,DEL,21,144,228.54,65.16,3.14,560.36,14,20
1125,213.44,true,71.62,5041,122.77,player-07887,DEF,21,114,249.68,72.37,3.89,585.89,15,24
1042,208.88,true,68.94,4595,123.19,player-07888,MC,21,106,261,76.29,2.54,593.07,19,25
1339,237.73,true,53.46,6109,123.89,player-07889,DEL,21,137,206.43,55.88,2.64,568.05,18,24
1281,197.1,true,67.68,5807,124.32,player-07890,DEF,21,129,252.03,71.51,3.6,573.45,17,26
171,250.62,true,75.71,1773,124.91,player-07891,POR,46,68,267.45,77.45,2.82,642.98,18,22
,274.92,false,66.5,,121.76,player-07892,DEF,46,,247,67.12,2.78,643.68,16,19
258,232.75,true,79.87,2735,123.86,player-07893,DEF,46,100,267.38,79.33,1.14,624,18,20
76,237.67,true,82.9,809,123.68,player-07894,MC,46,36,306.38,82.63,3.77,667.73,16,22
165,229.59,true,78.56,1717,123.16,player-07895,MC,46,66,291.24,84.75,3.9,643.98,14,19
95,252.57,true,75.87,998,125.9,player-07896,DEL,46,43,283.2,76.38,2.22,661.67,19,24
181,252.15,true,79.54,1844,124.27,player-07897,DEF,46,73,265.06,80.52,3.5,641.48,18,24
262,262.9,true,76.06,2765,123.15,player-07898,MC,46,101,237.18,69.5,3.87,623.23,17,24
360,237.93,true,76.01,3685,124.8,player-07899,DEL,46,142,245.12,70.43,3.61,607.85,17,23
506,228.82,true,74.02,5097,124.18,player-07900,DEF,46,190,232.01,72.13,1.81,585.01,15,18
12,247.09,true,86.25,731,112.86,player-07901,POR,39,12,310.73,99,4.23,670.68,13,22
1,246.54,true,98,51,113.03,player-07902,DEF,39,1,363.14,98.68,3.95,722.71,13,21
54,235.07,true,87.15,2272,112.78,player-07903,DEF,39,54,285.1,83.32,3.34,632.95,13,19
46,238.46,true,92.01,1875,110.89,player-07904,MC,39,46,291.59,89.58,3.17,640.93,12,16
52,217.17,true,98,2157,108.62,player-07905,MC,39,52,309.55,92.38,4.52,635.34,11,19
21,225.67,true,91.9,942,112.27,player-07906,DEL,39,21,325.42,92.58,3.26,663.36,13,18
105,221.93,true,85.55,4444,108.74,player-07907,DEF,39,105,264.71,82.76,3.78,595.38,11,17
23,235.48,true,86.07,1028,114.54,player-07908,MC,39,23,310.74,92.95,3.14,660.76,14,20
22,249.46,true,84.74,958,111.88,player-07909,DEL,39,22,301.6,84.37,4.14,662.95,12,20
99,214.14,true,84.89,4039,108.97,player-07910,DEF,39,99,279.17,81.49,3.73,602.27,11,17
201,247.7,true,68.16,2552,119.22,player-07911,POR,15,65,260.87,74.6,4.91,627.8,17,25
58,251.91,true,80.5,708,119.66,player-07912,DEF,15,22,299.77,83.42,5.31,671.34,16,25
236,242.38,true,80.66,2882,118.06,player-07913,DEF,15,77,261.06,74.13,5.64,621.51,17,28
92,253.47,true,82.17,1135,117.34,player-07914,MC,15,32,286.7,86.12,5.5,657.51,18,29
299,244.97,true,82.74,3688,118.14,player-07915,MC,15,93,244.67,71.73,5.64,607.79,17,28
158,272.92,true,72.33,2004,121.65,player-07916,DEL,15,55,243.95,77.94,4.44,638.53,16,22
132,252.58,true,85.54,1599,119.69,player-07917,DEF,15,45,274.15,84.89,6.99,646.43,17,27
151,251.68,true,82.57,1871,118.43,player-07918,MC,15,52,270.92,81.96,5.79,641.03,16,27
94,246.12,true,75.76,1151,118.31,player-07919,DEL,15,33,292.79,81.99,4.89,657.21,15,22
4,273.8,true,87.17,65,119.24,player-07920,DEF,15,1,325.29,88.94,4.14,718.33,15,25
,208.7,false,65.64,,115.45,player-07921,POR,29,,204.56,68.7,0.91,528.71,12,13
,206.67,false,76.73,,114.73,player-07922,DEF,29,,258.35,75.51,0.91,579.75,12,13
,206.25,false,82.71,,113.16,player-07923,DEF,29,,238.7,74.98,0.97,558.11,11,12
,208.7,false,74.27,,115.45,player-07924,MC,29,,157.89,55.44,0.91,482.04,12,13
,206.31,false,76.18,,113.17,player-07925,MC,29,,247.06,78.39,0.97,566.54,11,12
,181.3,false,83.45,,109.27,player-07926,DEL,29,,236.91,79.67,1.05,527.48,10,11
,186.09,false,76.58,,115.4,player-07927,DEF,29,,258.54,79.69,0.91,560.03,12,13
,186.09,false,69.29,,115.4,player-07928,MC,29,,231.76,72.99,0.91,533.25,12,13
,200.32,false,69.68,,112.19,player-07929,DEL,29,,157.17,54.25,0.97,469.68,11,12
,195.5,false,64.57,,109.53,player-07930,DEF,29,,210.03,68.42,1.05,515.06,10,11
306,300.36,true,51.45,4829,113.43,player-07931,POR,19,24,175.77,51.57,5.43,589.55,8,17
449,286.25,true,40.62,7220,117.17,player-07932,DEF,19,45,144.44,42.01,4.85,547.85,9,17
,261.43,false,33.01,,115.37,player-07933,DEF,19,,126.79,40.9,4.43,503.59,8,14
309,292.06,true,48.39,4886,116.28,player-07934,MC,19,25,180.19,55.58,4.51,588.52,9,16
217,302.36,true,50.75,3557,116.73,player-07935,MC,19,17,190.94,55.3,5.4,610.02,9,19
359,290.18,true,44.61,5776,119.25,player-07936,DEL,19,31,164.43,50.49,4.58,573.86,10,18
446,296.68,true,45,7195,115.47,player-07937,DEF,19,44,136.13,42.2,4.14,548.29,9,15
545,282.45,true,30,8798,116.69,player-07938,MC,19,54,95.14,29.34,4.14,494.28,9,15
258,285.57,true,60.36,4244,119.05,player-07939,DEL,19,22,194.07,58.43,3.89,598.69,10,16
493,272.23,true,37.08,7928,114.46,player-07940,DEF,19,51,143.12,44.05,5.14,529.81,8,16
130,184.46,true,83.92,5939,116.19,player-07941,POR,30,130,270.37,79.22,5.14,571.01,14,28
124,205.19,true,69.56,5642,111.57,player-07942,DEF,30,124,259.51,73.16,5.14,576.27,13,26
90,188.95,true,84.87,4318,109.42,player-07943,DEF,30,90,298.98,84.23,6.88,597.35,14,29
117,166.96,true,85.33,5271,109.9,player-07944,MC,30,117,305.2,97.78,7.04,582.06,14,30
106,214.11,true,81.49,4794,115.56,player-07945,MC,30,106,260.36,79.25,6.51,590.03,13,25
68,199.26,true,82.11,3344,113.05,player-07946,DEL,30,68,301.34,87.34,5.14,613.65,14,28
126,153.37,true,89.84,5711,110.67,player-07947,DEF,30,126,310.87,88.85,5.33,574.91,13,27
74,206.91,true,85.43,3597,110.61,player-07948,MC,30,74,291.76,87,5.5,609.28,13,28
45,211.8,true,84.51,1658,112.71,player-07949,DEL,30,45,320.8,90.84,4.49,645.32,13,23
66,208.92,true,86.47,3044,111.12,player-07950,DEF,30,66,298.51,88.57,4.76,618.55,14,26
508,181.42,true,63.9,8575,119.47,player-07951,POR,35,382,206.51,58.98,1.9,507.41,14,17
476,194.93,true,64.46,8003,124.33,player-07952,DEF,35,357,208.49,61.72,1.25,527.75,16,18
505,187.03,true,62.91,8541,120.89,player-07953,DEF,35,379,200.84,59.97,1.39,508.76,14,16
366,184.96,true,69.89,6159,124.3,player-07954,MC,35,272,257.81,74.16,1.19,567.07,17,19
512,172.54,true,64.35,8707,122.63,player-07955,MC,35,386,204.82,59.4,2.04,500,17,21
486,180.63,true,63.52,8250,121.03,player-07956,DEL,35,366,219.01,61.69,1.9,520.67,14,17
513,174.7,true,66.96,8732,121.96,player-07957,DEF,35,387,202.07,65.04,1.81,498.73,15,18
443,154.04,true,66.43,7505,119.51,player-07958,MC,35,330,268.21,82.5,2.15,541.75,13,16
460,182.48,true,64.05,7755,122.89,player-07959,DEL,35,342,229.74,63.53,0.73,535.11,16,17
221,186.8,true,80.01,3645,122.09,player-07960,DEF,35,169,299.51,91.68,2.39,608.4,14,17
561,247.8,true,83.51,2142,123.89,player-07961,POR,11,124,263.94,77.28,4.61,635.63,24,31
543,254.57,true,73.08,2075,123.43,player-07962,DEF,11,118,259.09,74.01,3.81,637.1,21,30
488,238.23,true,81.68,1850,124.92,player-07963,DEF,11,103,278.24,78.51,3.2,641.39,22,29
258,258.96,true,74.67,845,125.07,player-07964,MC,11,51,282.5,79.23,4.04,666.53,25,30
759,260.71,true,67.3,3052,124.72,player-07965,MC,11,163,232.98,69.78,3.75,618.4,23,33
810,214.49,true,74.31,3315,126.79,player-07966,DEL,11,175,272.84,78.23,2.98,614.13,22,28
130,230.24,true,91.4,390,127.25,player-07967,DEF,11,22,327.29,90.01,4.21,684.77,21,28
350,233.63,true,82.94,1209,123.15,player-07968,MC,11,70,298.78,84.4,3.55,655.56,19,26
112,254.09,true,84.03,324,124.78,player-07969,DEL,11,18,310.16,89.08,5.58,689.03,21,31
792,226.55,true,79.34,3249,125.98,player-07970,DEF,11,170,262.76,79.04,2.72,615.28,23,31
125,181.71,true,83.11,5709,119.49,player-07971,POR,30,125,273.85,77.31,3.71,575.04,18,28
186,147.85,true,83.08,7810,116.1,player-07972,DEF,30,186,269.81,79.77,4.47,533.76,17,30
141,182.36,true,74.72,6247,118.48,player-07973,DEF,30,141,264.66,79.19,3.84,565.49,17,27
207,161.28,true,63.21,8469,116.68,player-07974,MC,30,207,234.13,67.39,3.93,512.08,18,29
221,168.71,true,57.03,9025,116.93,player-07975,MC,30,221,190.48,56.31,4.38,476.12,19,33
216,145.37,true,60.59,8893,116.28,player-07976,DEL,30,216,225.69,66.52,4.01,487.33,19,31
199,147.63,true,74.17,8235,114.08,player-07977,DEF,30,199,259.23,74.09,4.69,520.95,18,33
223,169.26,true,65.92,9037,117.37,player-07978,MC,30,223,188.45,58.76,4.51,475.08,18,32
103,181.7,true,77.06,4608,116.55,player-07979,DEL,30,103,294.64,84.14,4.33,592.89,18,31
189,176.36,true,56.34,7943,119.66,player-07980,DEF,30,189,233.38,67.02,4.21,529.4,16,27
72,262.14,true,84.2,206,122.48,player-07981,POR,14,10,312.88,91.33,1.35,697.49,17,19
75,260.95,true,98,214,122.3,player-07982,DEF,14,11,313.56,91.53,2.22,696.81,19,24
155,257.31,true,87.82,464,120.06,player-07983,DEF,14,21,303.93,87.72,2.52,681.3,16,21
38,270.08,true,90.92,115,121.68,player-07984,MC,14,4,315.78,88.49,2.75,707.55,17,23
194,251.97,true,92.78,601,121.08,player-07985,MC,14,26,302.4,85.82,1.64,675.45,17,20
140,272.14,true,86.46,423,122.69,player-07986,DEL,14,20,288.2,82.84,3.06,683.03,17,24
32,259.81,true,94.82,97,122.87,player-07987,DEF,14,2,327.27,95.13,2.75,709.95,17,23
46,246.61,true,98,135,120.22,player-07988,MC,14,5,338.7,95.09,2.98,705.53,14,19
95,266.57,true,81.27,263,121.98,player-07989,DEL,14,16,304.52,86.25,2.64,693.07,15,20
,264.57,false,96.86,,121.34,player-07990,DEF,14,,289.03,96.2,2.14,674.94,16,20
551,188.04,true,62.51,8146,110.29,player-07991,POR,20,129,225.29,65.96,4.35,523.62,11,19
646,196.11,true,49.64,9065,108.7,player-07992,DEF,20,149,167.11,49.05,4.88,471.91,10,19
659,197.47,true,38.47,9146,109.17,player-07993,DEF,20,154,150.61,44.02,4.58,457.24,10,18
670,191.35,true,40.61,9212,108.25,player-07994,MC,20,159,139.21,40.88,5.4,438.81,9,19
655,181.41,true,43.75,9126,110.21,player-07995,MC,20,153,169.16,48.43,4.26,460.78,10,17
673,183.52,true,35.07,9242,111.79,player-07996,DEL,20,160,126.4,34.79,4.03,421.72,11,18
666,188.99,true,49.22,9194,110.7,player-07997,DEF,20,158,146.08,45.34,4.35,445.77,11,19
663,197.39,true,49.28,9176,107.79,player-07998,MC,20,157,145.45,41.57,5.14,450.64,9,18
641,186.16,true,50.11,9029,107.82,player-07999,DEL,20,147,181.71,52.99,5.14,475.69,9,18
,207.22,false,54.82,,108.14,player-08000,DEF,20,,174.88,52.13,3.89,490.24,10,16
444,198.27,true,66.66,7169,114.88,player-08001,POR,45,157,235.71,72.23,4.26,548.86,10,17
395,213.99,true,60.37,6425,117.24,player-08002,DEF,45,151,230.71,68.46,3.47,561.95,12,18
369,220.82,true,68.95,5981,117.99,player-08003,DEF,45,141,231.39,65.79,3.47,570.2,12,18
512,220.14,true,58.66,8316,110.94,player-08004,MC,45,175,186.92,59,3.47,518,10,15
166,233.22,true,63.74,2793,119.5,player-08005,MC,45,84,270.08,77.64,3.47,622.79,14,21
277,218.44,true,70.47,4451,119.32,player-08006,DEL,45,120,257.46,79.88,2.49,595.22,13,17
283,222.03,true,72.73,4495,117.89,player-08007,DEF,45,121,254.68,74.15,3.3,594.6,13,19
494,205.11,true,66.28,7933,115.38,player-08008,MC,45,170,209.24,65.02,2.14,529.73,12,15
393,234.27,true,65.93,6416,119.68,player-08009,DEL,45,150,208.26,62.01,3.47,562.21,14,21
266,246.93,true,73.09,4326,114.58,player-08010,DEF,45,116,235.76,70.51,3.26,597.27,11,16
842,175.32,true,67.2,7821,123.71,player-08011,POR,08,378,234.25,71.02,2.41,533.28,17,22
779,191.15,true,71.6,7177,120.39,player-08012,DEF,08,354,237.13,69.46,2.77,548.68,14,19
584,185.6,true,70.07,5301,121.57,player-08013,DEF,08,267,274.35,84.04,2.41,581.52,17,22
783,188.12,true,73.66,7239,116.38,player-08014,MC,08,357,242.91,75.59,2.49,547.42,13,17
870,194.89,true,61.97,8109,119.87,player-08015,MC,08,384,210.25,60.73,3,525.01,15,21
720,162.98,true,76.82,6538,120.81,player-08016,DEL,08,325,276.13,76.52,3.06,559.92,17,24
802,190.34,true,65.08,7427,120.35,player-08017,DEF,08,365,232.73,66.38,3,543.41,15,21
352,182.83,true,81.24,3366,120.77,player-08018,MC,08,164,309.69,86.69,2.64,613.28,15,20
771,206.61,true,66.84,7116,119.64,player-08019,DEL,08,352,223.65,64.46,2.77,549.9,14,19
321,195.64,true,80.26,3065,121.66,player-08020,DEF,08,150,300.91,81.77,2.27,618.21,15,19
884,176.35,true,65.1,8888,122.34,player-08021,POR,46,340,189.29,58.91,1.93,487.98,23,28
524,226.49,true,53.38,5318,123.36,player-08022,DEF,46,201,231.42,67.21,3.26,581.27,22,32
769,215.49,true,58.42,7584,121.35,player-08023,DEF,46,302,203.17,57.01,3.14,540,21,30
793,207.69,true,57.44,7848,120.83,player-08024,MC,46,311,204.02,57.23,2.95,532.54,23,32
773,234.46,true,62.52,7621,122.41,player-08025,MC,46,303,182.03,54.32,2.72,538.9,23,31
783,210.39,true,58.58,7723,123.13,player-08026,DEL,46,307,202.44,55.64,3.26,535.96,22,32
715,195.51,true,63.34,7118,123.45,player-08027,DEF,46,279,230.9,64.62,2.22,549.87,19,24
404,216.4,true,67.77,4075,125.27,player-08028,MC,46,157,259.74,70.74,2.28,601.41,22,28
807,228.72,true,50.39,8025,121.47,player-08029,DEL,46,319,176.67,50.87,3.1,526.85,19,27
608,213.23,true,73.49,6059,120.22,player-08030,DEF,46,235,235.46,69.9,3.1,568.91,19,27
31,228.18,true,96.03,545,126.46,player-08031,POR,45,18,322.73,91.93,3.43,677.37,24,33
75,255.09,true,78.2,1210,126.75,player-08032,DEF,45,45,273.7,77.33,3.45,655.54,24,33
60,247.21,true,79.15,1010,126.22,player-08033,DEF,45,36,287.91,78.03,3,661.35,20,28
270,212.07,true,72.97,4354,126.69,player-08034,MC,45,117,258.11,71.94,3.55,596.87,19,26
354,254.95,true,63.31,5677,127.3,player-08035,MC,45,138,193.41,55.25,3.22,575.66,24,32
53,247.82,true,85.66,853,127,player-08036,DEL,45,32,291.49,86.62,3.45,666.31,24,33
264,174.99,true,70.83,4287,126.6,player-08037,DEF,45,114,296.32,89.67,2.36,597.91,21,27
36,268.51,true,73.12,621,126.21,player-08038,MC,45,22,280.04,82.21,3.24,674.76,24,32
30,244.17,true,85.5,504,125.7,player-08039,DEL,45,17,309.64,83.51,1.81,679.51,20,24
134,248.09,true,74.21,2268,127.11,player-08040,DEF,45,69,257.77,72.1,2.64,632.97,21,28
540,231.17,true,50.85,7072,125.52,player-08041,POR,32,149,193.94,57.29,2.75,550.62,17,23
612,254.53,true,44.38,8163,125.11,player-08042,DEF,32,170,143.44,42.74,3.24,523.09,20,29
413,252.73,true,57.47,5286,125.97,player-08043,DEF,32,117,203.03,59.51,2.95,581.73,23,32
359,279.01,true,67.24,4576,124.29,player-08044,MC,32,104,190.03,57.06,2.83,593.33,19,26
,244.59,false,47.41,,124.87,player-08045,MC,32,,187.61,60.95,3.04,557.06,22,31
596,259.49,true,39.83,7961,125.21,player-08046,DEL,32,166,144.11,40.07,3.47,528.81,18,27
398,259.51,true,55.28,5068,125.09,player-08047,DEF,32,111,200.87,56.66,2.55,585.47,22,29
423,260.36,true,45.64,5397,123.83,player-08048,MC,32,122,195.87,58.46,3.14,580.06,21,30
521,242.5,true,58.55,6703,124.76,player-08049,DEL,32,143,189.71,53.86,3.04,556.97,22,31
340,258.96,true,58.66,4336,124.06,player-08050,DEF,32,98,214.17,60.75,2.54,597.18,19,25
237,246.29,true,90.68,2202,118.2,player-08051,POR,43,48,269.78,81.88,4.81,634.28,16,30
109,229.52,true,84.63,1025,120.82,player-08052,DEF,43,25,310.57,83.76,4.51,660.91,18,32
45,242.27,true,86.83,441,120.93,player-08053,DEF,43,11,319.13,86.07,3.93,682.33,18,29
144,216.04,true,86.85,1492,119,player-08054,MC,43,32,313.47,89.74,3.62,648.51,15,23
9,234.5,true,94.16,61,120.06,player-08055,MC,43,3,364.21,98.59,4.62,718.77,16,29
404,241.19,true,70.62,3816,118.5,player-08056,DEL,43,96,246.21,68.55,4.21,605.9,16,27
49,242.48,true,85.24,497,120.69,player-08057,DEF,43,13,316.79,87.31,4.14,679.96,18,30
7,264.59,true,89.08,44,122.5,player-08058,MC,43,1,338.47,91.62,3.32,725.56,15,22
8,253,true,94.6,50,119.07,player-08059,DEL,43,2,351.46,94.89,4.37,723.53,15,26
115,237.43,true,83.8,1069,119.98,player-08060,DEF,43,27,302.23,88.47,4.05,659.64,14,23
149,223.74,true,66.39,6183,119.67,player-08061,POR,39,149,223.28,66.87,4.28,566.68,17,29
72,267.03,true,75.9,2870,119.36,player-08062,DEF,39,72,235.35,69.7,4.28,621.74,17,29
174,256.06,true,48.36,7785,119.13,player-08063,DEF,39,174,159.18,44.6,4.38,534.37,19,33
144,229.82,true,57.05,5964,120.68,player-08064,MC,39,144,219.99,64.26,4.83,570.49,17,32
186,253.86,true,52.16,8411,116.56,player-08065,MC,39,186,144.12,42.39,4.33,514.55,18,31
101,260.69,true,61.69,4217,120.69,player-08066,DEL,39,101,217.7,60.14,3.89,599.08,20,32
112,245.36,true,64.1,4704,120.85,player-08067,DEF,39,112,225.15,67.45,3.81,591.35,19,30
172,253.83,true,55.86,7581,121.67,player-08068,MC,39,172,164.63,51.32,4.01,540.13,19,31
109,268.01,true,59.67,4664,120.07,player-08069,DEL,39,109,203.87,55.4,4.01,591.96,19,31
163,255.66,true,49.96,7013,119.39,player-08070,DEF,39,163,176.6,50.09,4.43,551.64,16,28
276,202.8,true,72.97,3407,117.35,player-08071,POR,27,63,292.48,81.92,3.78,612.63,14,22
171,237.41,true,76.96,2212,113.49,player-08072,DEF,27,41,283.23,80.85,4.72,634.13,13,24
373,221.93,true,71.14,4731,117.77,player-08073,DEF,27,84,251.21,72.5,3.84,590.91,17,27
229,228.82,true,78.38,2781,114.91,player-08074,MC,27,56,279.25,78.14,4.37,622.97,15,26
97,226.12,true,80.89,1164,117.56,player-08075,MC,27,26,313.26,90.14,3.47,656.94,18,27
495,235.8,true,65.08,6402,117.15,player-08076,DEL,27,104,209.55,58.93,3.47,562.49,18,27
247,236.1,true,77.4,2995,114.84,player-08077,DEF,27,59,268.53,77.59,4.14,619.47,15,25
284,242.89,true,81.67,3513,119.49,player-08078,MC,27,64,248.61,73.86,2.77,610.99,14,19
202,210.7,true,84.73,2558,116.02,player-08079,DEL,27,48,301,96.16,5.03,627.72,10,18
458,208.54,true,67.08,5942,121.36,player-08080,DEF,27,99,241.06,67.53,2.77,570.96,14,19
318,225.2,true,76.19,3055,123.34,player-08081,POR,08,147,269.82,79.93,1.09,618.36,19,21
145,248.67,true,78.74,1495,122.46,player-08082,DEF,08,72,277.28,83.31,1.39,648.41,21,24
35,242.72,true,88.74,327,121.32,player-08083,DEF,08,16,324.67,88.38,1.44,688.71,20,23
99,221.99,true,84.58,933,122.24,player-08084,MC,08,49,319.36,94.45,1.05,663.6,20,22
503,206.1,true,79.63,4693,124.08,player-08085,MC,08,228,261.36,73.4,1.14,591.54,18,20
528,203.58,true,72.97,4872,123.45,player-08086,DEL,08,238,261.7,78.54,1.09,588.73,19,21
370,213.3,true,81.47,3534,123.79,player-08087,DEF,08,170,273.44,78.48,1.09,610.53,19,21
227,228.03,true,79.46,2088,123.34,player-08088,MC,08,116,285.47,76.99,1.14,636.84,18,20
500,188.73,true,78.62,4684,118.51,player-08089,DEL,08,226,284.44,83.21,1.57,591.68,14,16
846,231.24,true,61.3,7883,122.34,player-08090,DEF,08,380,177.66,49.89,1.57,531.23,18,21
231,201.03,true,68.94,5527,123.75,player-08091,POR,28,231,253.49,72.82,3.14,578.28,21,30
230,236.4,true,61.88,5508,126.21,player-08092,DEF,28,230,215.9,60.33,3.78,578.51,21,33
96,239.57,true,70.27,2433,122.56,player-08093,DEF,28,96,268.06,77,3.62,630.19,15,23
333,225.45,true,58.46,7694,125.61,player-08094,MC,28,333,185.68,53.8,2.73,536.75,20,27
335,217.81,true,58.64,7762,126.04,player-08095,MC,28,335,191.09,55.16,3.14,534.94,21,30
211,236,true,73.27,5106,125.22,player-08096,DEL,28,211,223.68,66.68,3.67,584.9,22,34
381,218.26,true,42.39,8619,125.28,player-08097,DEF,28,381,161.14,43.46,3.67,504.68,22,34
252,231.21,true,59.55,6023,124.07,player-08098,MC,28,252,214.29,60.52,3.14,569.56,21,30
125,232.9,true,69.59,3139,125.66,player-08099,DEL,28,125,258.44,76.36,3.26,617.01,22,32
253,225.75,true,66.22,6039,122.7,player-08100,DEF,28,253,220.78,62.19,3.93,569.22,18,29
37,233.8,true,86.97,1591,117.94,player-08101,POR,39,37,294.85,85.22,3.32,646.59,15,22
38,246.86,true,89.67,1622,117.54,player-08102,DEF,39,38,281.56,82.86,3,645.96,13,18
4,259.15,true,84.76,440,119.65,player-08103,DEF,39,4,303.56,82.49,2.81,682.36,14,19
86,244.19,true,71.43,3563,119.87,player-08104,MC,39,86,245.81,70.3,2.77,609.87,14,19
60,214.85,true,79.04,2526,120.42,player-08105,MC,39,60,293.1,90.36,2.52,628.37,16,21
139,209.45,true,68.87,5768,117.88,player-08106,DEL,39,139,246.66,71.29,2.77,573.99,14,19
66,236.64,true,76.72,2700,120.32,player-08107,DEF,39,66,267.84,80.17,3.14,624.8,14,20
31,253.57,true,81.01,1405,118.96,player-08108,MC,39,31,278.07,80.68,2.94,650.6,13,18
6,231.02,true,87.76,539,120.2,player-08109,DEL,39,6,326.5,92.43,2.42,677.72,15,19
20,246.31,true,92.86,915,118.38,player-08110,DEF,39,20,299.57,90.7,1.98,664.26,14,16
,227.78,false,95.24,,116.6,player-08111,POR,41,,297.13,99,2.74,641.51,12,13
,235.75,false,90.18,,113.75,player-08112,DEF,41,,304.65,89.71,2.61,654.16,11,13
,216.37,false,90.08,,112.23,player-08113,DEF,41,,298.38,88.73,2.52,626.98,11,13
397,244.84,true,86.95,1418,119.55,player-08114,MC,41,72,285.84,90.5,0.86,650.22,15,15
,271.82,false,73.04,,112.3,player-08115,MC,41,,235.91,73.41,0.97,620.03,11,12
,246.76,false,90.55,,115.68,player-08116,DEL,41,,295.68,86.13,1.5,658.12,12,13
693,224.6,true,85.55,2721,116.73,player-08117,DEF,41,128,282.89,87.93,2.02,624.21,13,15
,208.25,false,98,,108.53,player-08118,MC,41,,320.65,99,3.4,637.44,10,11
,241.55,false,91.65,,113.88,player-08119,DEL,41,,317.73,93.08,2.17,673.16,12,13
,233.14,false,74.37,,116.33,player-08120,DEF,41,,202.07,67.6,0.14,551.55,12,12
107,223.92,true,83.5,4229,121.67,player-08121,POR,26,107,253.35,75.21,1.47,598.93,13,15
11,255.73,true,98,455,119.38,player-08122,DEF,26,11,306.63,93.64,3.08,681.74,12,15
5,231.85,true,86.91,357,121.3,player-08123,DEF,26,5,333.82,95.15,2.98,686.97,14,19
77,232.35,true,74.66,3036,121.47,player-08124,MC,26,77,264.85,77.77,2.64,618.67,15,20
18,239.44,true,88.13,752,119.33,player-08125,MC,26,18,311.03,92.46,3.6,669.81,12,17
30,220.55,true,98,1217,118.92,player-08126,DEL,26,30,315.91,99,3.68,655.38,12,16
54,240.65,true,79.31,2039,119.67,player-08127,DEF,26,54,277.55,79.46,1.9,637.87,14,17
112,230.57,true,81.95,4368,119.33,player-08128,MC,26,112,246.68,69.3,2.92,596.59,13,18
10,270.57,true,86.88,439,117.65,player-08129,DEL,26,10,294.18,85.28,3.3,682.4,12,17
,237.42,false,98,,111.96,player-08130,DEF,26,,319.28,99,4.28,668.67,10,13
384,230.51,true,75.5,3643,119.83,player-08131,POR,43,88,258.11,75.14,2.36,608.44,14,18
700,219.14,true,56.26,6420,122.38,player-08132,DEF,43,181,220.62,65.53,1.72,562.15,16,19
690,240.17,true,54.51,6346,121.68,player-08133,DEF,43,177,201.7,55.27,2.64,563.54,15,20
742,224.92,true,46.99,6766,122.57,player-08134,MC,43,196,208.46,59.33,2.04,555.95,17,21
745,243.79,true,59.35,6814,120.26,player-08135,MC,43,197,191.22,56.03,2.77,555.27,14,19
876,226.39,true,55.94,8166,121.83,player-08136,DEL,43,234,174.8,51.19,1.81,523.01,15,18
613,246.13,true,59.36,5589,120.86,player-08137,DEF,43,154,210.08,62.3,2.77,577.07,14,19
762,232.47,true,68.93,7043,121.06,player-08138,MC,43,200,197.62,62.79,1.47,551.15,13,15
931,229.18,true,56.94,8774,120.55,player-08139,DEL,43,247,145.92,45.61,1.47,495.65,13,15
,257.25,false,56.44,,117.01,player-08140,DEF,43,,170.93,51.35,2.45,545.18,10,13
12,293.62,true,73.15,1419,116.55,player-08141,POR,07,12,239.99,70.55,4.35,650.16,11,19
2,274.02,true,77.36,395,116.53,player-08142,DEF,07,2,293.87,84.86,3.89,684.42,15,24
104,254.05,true,62.34,6563,117.5,player-08143,DEF,07,104,187.94,55.7,3.64,559.49,13,20
42,286.32,true,61.76,3628,119.82,player-08144,MC,07,42,202.58,59.19,3.74,608.72,16,25
26,293.28,true,73.87,2221,118.61,player-08145,MC,07,26,222,71.5,4.37,633.88,15,26
25,293.72,true,62.65,2214,117.79,player-08146,DEL,07,25,222.59,66.82,4.76,634.1,14,26
20,299.56,true,69.46,1990,119.69,player-08147,DEF,07,20,219.58,64.21,4.14,638.83,15,25
3,299.87,true,67.92,414,117.37,player-08148,MC,07,3,266.19,72.48,4.14,683.44,12,20
49,261.82,true,69.6,3795,116.64,player-08149,DEL,07,49,227.83,65.31,3.64,606.29,13,20
97,273.89,true,50.59,6210,116.06,player-08150,DEF,07,97,176.27,47.9,3.3,566.23,13,19
136,232.56,true,74.97,2234,120.51,player-08151,POR,38,28,280.6,83.44,3.47,633.68,16,21
40,241.11,true,79.85,704,120.75,player-08152,DEF,38,8,309.63,86.84,3.19,671.49,15,18
350,259.73,true,66.71,5913,120.84,player-08153,DEF,38,94,190.95,55.81,3.3,571.52,15,19
522,234.25,true,52.86,8914,119.88,player-08154,MC,38,128,131.4,38.05,3.31,485.53,17,22
,249.49,false,77.34,,121.1,player-08155,MC,38,,296.02,96.31,2.64,666.61,15,20
240,267.49,true,66.98,4063,119.32,player-08156,DEL,38,61,215.01,65.54,4.04,601.83,13,18
219,220.71,true,76.83,3619,119.9,player-08157,DEF,38,51,268.25,76.43,3.7,608.86,15,20
326,275.72,true,69.84,5446,119.25,player-08158,MC,38,88,184.43,57.81,3.62,579.4,13,17
203,247.3,true,73.57,3358,122.14,player-08159,DEL,38,48,243.98,72.35,1.64,613.42,17,20
142,267.35,true,72.1,2296,118.98,player-08160,DEF,38,31,246.09,77.62,3.69,632.42,13,17
425,184.05,true,78.67,7213,117.24,player-08161,POR,38,110,246.75,72.51,3.84,548.04,17,27
197,208.06,true,78.19,3292,119.26,player-08162,DEF,38,47,287.19,81.9,2.75,614.5,17,23
237,210.92,true,72.93,4043,119.97,player-08163,DEF,38,60,271.34,73.88,3.47,602.22,16,24
384,238.33,true,70.52,6397,116.83,player-08164,MC,38,96,207.46,63.22,3.78,562.62,14,22
303,208.82,true,68.01,5116,117.1,player-08165,MC,38,82,258.81,71.84,3.99,584.72,16,26
165,200.9,true,90.09,2796,117.17,player-08166,DEL,38,38,304.67,90.42,3.6,622.74,17,26
167,231.95,true,75.76,2824,118.04,player-08167,DEF,38,39,272.4,74.17,3.62,622.39,15,23
436,160.86,true,70.81,7368,121.2,player-08168,MC,38,112,262.75,72.07,2.14,544.8,16,20
451,182.8,true,73.13,7617,119.29,player-08169,DEL,38,115,236.9,69.02,3.14,538.99,14,20
421,172.83,true,68.47,7040,118.3,player-08170,DEF,38,108,260.06,74.68,3.18,551.19,16,23
3,250.92,true,95.35,83,120.91,player-08171,POR,39,3,341.76,99,5.04,713.59,18,27
13,234.49,true,83.68,760,118.27,player-08172,DEF,39,13,316.75,91,4.31,669.52,14,24
39,237.61,true,77.71,1645,120.84,player-08173,DEF,39,39,287.04,83.66,5.85,645.5,17,29
81,206.91,true,76.54,3461,119.17,player-08174,MC,39,81,285.82,79.16,3.47,611.9,16,24
80,212.52,true,77.29,3345,117.68,player-08175,MC,39,80,283.4,77.06,4.58,613.6,15,27
36,243.73,true,70.33,1564,121.47,player-08176,DEL,39,36,282.17,77.59,4.07,647.36,17,28
27,225.84,true,82.96,1256,121.96,player-08177,DEF,39,27,306.57,88.67,3.47,654.38,16,24
59,249.26,true,75.8,2490,119.5,player-08178,MC,39,59,260.16,77.65,3.89,628.92,15,24
2,283.81,true,89.13,72,119.01,player-08179,DEL,39,2,312.9,91.1,4.31,715.72,14,24
57,240.47,true,84.24,2445,120.23,player-08180,DEF,39,57,269.18,82.96,4.58,629.89,15,27
803,238.91,true,72.04,3283,121.87,player-08181,POR,41,151,253.85,74.97,2.04,614.63,17,21
414,262.5,true,70.87,1483,122.8,player-08182,DEF,41,75,263.45,75.59,1.64,648.74,17,20
1443,246.81,true,60.73,6663,122.4,player-08183,DEF,41,282,188.43,56.29,1.64,557.63,17,20
440,250.31,true,71.79,1631,122.06,player-08184,MC,41,80,273.42,74.84,2.14,645.79,16,20
769,243.26,true,71.88,3088,121.97,player-08185,MC,41,144,252.68,76.7,1.72,617.9,16,19
1811,269.43,true,50.4,8648,122.3,player-08186,DEL,41,365,111.38,33.32,2.14,503.11,16,20
1268,241.96,true,52.48,5758,124.3,player-08187,DEF,41,250,207.92,58.16,1.14,574.19,18,20
1118,242.15,true,51.47,4993,123.08,player-08188,MC,41,222,221.31,65.26,1.64,586.54,17,20
1399,232.63,true,57.12,6448,122.46,player-08189,DEL,41,272,206.6,60.5,1.19,561.69,17,19
1491,260.31,true,57.05,6865,122.57,player-08190,DEF,41,302,171.17,51.94,1.19,554.04,17,19
271,266.44,true,59.94,4487,116.47,player-08191,POR,35,199,211.81,59.17,1.39,594.72,14,16
375,250.84,true,57.7,6297,117.32,player-08192,DEF,35,280,196.43,60.4,1.39,564.59,14,16
,255.35,false,69.67,,115.32,player-08193,DEF,35,,194.69,60.53,0.91,565.36,12,13
316,246.36,true,63.55,5297,118.23,player-08194,MC,35,233,216.99,62.82,1.25,581.58,16,18
207,247.5,true,65.95,3447,118.63,player-08195,MC,35,159,245.94,72.07,1.25,612.06,16,18
215,264.68,true,60.75,3592,118.28,player-08196,DEL,35,165,226.46,62.05,1.25,609.41,16,18
56,247.69,true,74.78,930,119.33,player-08197,DEF,35,45,296.68,85.97,0.86,663.7,17,18
,256.66,false,71.37,,113.63,player-08198,MC,35,,269.49,78.16,0.91,639.78,12,13
,202.72,false,77.99,,112.87,player-08199,DEL,35,,266.8,83.79,0.56,582.38,12,12
,267.59,false,52.3,,116.14,player-08200,DEF,35,,129.1,39.7,0.14,512.83,14,14
,234.57,false,84.09,,116.07,player-08201,POR,25,,252.63,83.26,6.09,603.26,10,20
25,224.92,true,94.27,235,115.41,player-08202,DEF,25,1,354.94,96.45,6.09,695.26,12,25
77,227.44,true,89.81,715,116.83,player-08203,DEF,25,8,326.85,92.3,6.09,671.12,12,25
112,255.74,true,85.71,1057,117.99,player-08204,MC,25,13,286.12,86.43,5.74,659.85,12,23
226,236.07,true,78.89,2087,118.34,player-08205,MC,25,24,282.45,81.87,5.33,636.85,12,21
300,211.64,true,84.52,2887,116.14,player-08206,DEL,25,38,293.64,87.84,6.09,621.42,10,20
340,230.54,true,85.18,3252,115.11,player-08207,DEF,25,43,269.54,82.28,4.91,615.2,10,19
116,217.79,true,79.27,1115,118.87,player-08208,MC,25,14,321.45,98.97,4.69,658.11,12,22
378,200.68,true,77.1,3587,114.83,player-08209,DEL,25,45,293.93,81.48,5.8,609.43,11,21
160,201.62,true,88.59,1609,117.83,player-08210,DEF,25,19,326.78,94.13,5.33,646.23,12,21
356,210.68,true,95.45,4154,111.9,player-08211,POR,09,27,277.6,83.39,3.57,600.18,12,18
141,225.78,true,88.98,1991,111.2,player-08212,DEF,09,11,301.84,84.32,2.88,638.82,12,16
,199.89,false,85.02,,102.15,player-08213,DEF,09,,251.06,82.25,4.2,553.1,8,13
53,220.57,true,98,863,110.77,player-08214,MC,09,4,334.5,98.37,3.4,665.83,12,15
,188.22,false,91.16,,105.83,player-08215,MC,09,,289.28,89.62,4.51,583.33,9,14
,198.51,false,91.75,,107.97,player-08216,DEL,09,,265.95,82.75,3.48,572.42,9,13
,222.35,false,91.93,,108.36,player-08217,DEF,09,,320.71,99,4.56,651.42,10,14
,190.33,false,70.65,,109.19,player-08218,MC,09,,234.7,74.35,1.81,534.22,10,12
48,218.88,true,98,806,108.91,player-08219,DEL,09,2,340.18,99,4.11,667.97,11,15
,201.82,false,98,,108.3,player-08220,DEF,09,,313.67,99,4.56,623.8,10,14
416,203.97,true,70.9,6995,117.59,player-08221,POR,35,310,230.35,65.86,2.01,551.91,13,16
52,231.94,true,85.96,887,119.13,player-08222,DEF,35,42,314.12,87.6,1.82,665.18,16,19
74,183.43,true,94.24,1272,117.61,player-08223,DEF,35,60,352.97,99,3.28,654,13,17
210,215.63,true,84.66,3481,116.27,player-08224,MC,35,162,279.62,83.67,1.73,611.52,13,15
390,170.69,true,76.94,6469,117.84,player-08225,MC,35,294,272.7,77.52,2.01,561.22,13,16
206,233.26,true,72.86,3413,120.16,player-08226,DEL,35,158,259.11,70.14,2.14,612.54,16,20
392,217.31,true,71.33,6561,118.26,player-08227,DEF,35,295,223.95,64.82,2.64,559.52,15,20
345,218.84,true,68.54,5834,116.36,player-08228,MC,35,255,237.82,67.64,2.64,573.02,12,16
21,229.55,true,98,348,119.38,player-08229,DEL,35,18,338.57,99,2.51,687.51,15,19
317,192.53,true,84.59,5312,118.41,player-08230,DEF,35,234,270.49,85.98,2.15,581.43,14,17
799,206.72,true,58.85,7900,120.35,player-08231,POR,03,318,203.5,61.96,3.08,530.57,12,17
867,213.38,true,48.29,8696,117.79,player-08232,DEF,03,349,169.38,52.79,3.89,500.55,10,16
837,226.03,true,57.41,8372,118.6,player-08233,DEF,03,335,171.13,51.53,2.81,515.75,11,15
912,214.31,true,34.52,9191,117.62,player-08234,MC,03,364,115.18,35.2,2.81,447.11,11,15
866,199.3,true,50.83,8692,120.06,player-08235,MC,03,348,181.47,53.64,2.14,500.82,12,15
875,215.9,true,44.75,8824,118.49,player-08236,DEL,03,350,157.95,49.24,3.67,492.34,11,17
642,222.94,true,64.45,6386,121.06,player-08237,DEF,03,256,218.85,66.12,3.08,562.84,12,17
761,209.93,true,53.12,7524,118.84,player-08238,MC,03,304,212.58,62,3.26,541.36,11,16
,197.91,false,56.49,,116.63,player-08239,DEL,03,,152.87,48.54,2.45,467.4,10,13
766,216.99,true,59.95,7576,115.68,player-08240,DEF,03,305,207.6,60.76,3.89,540.26,10,16
425,251.35,true,87.42,1554,121.39,player-08241,POR,14,44,274.72,81.8,4.88,647.46,18,26
1191,246.16,true,62.68,5330,119.79,player-08242,DEF,14,115,215.12,63.3,5.35,581.06,18,28
253,264.24,true,78.15,818,122.01,player-08243,DEF,14,34,281.17,77.77,5.79,667.42,16,26
92,280.14,true,89.86,255,118.48,player-08244,MC,14,15,294.95,89.65,5.53,693.56,19,31
644,277.47,true,64.85,2478,123.39,player-08245,MC,14,63,228.46,66.99,5.35,629.32,17,26
1329,255.48,true,56.28,6070,121.84,player-08246,DEL,14,131,191.43,54.25,4.49,568.75,19,29
1507,244.53,true,64.33,6946,126.69,player-08247,DEF,14,152,181.4,58.52,5.57,552.63,14,21
1154,227.09,true,66.5,5175,121.47,player-08248,MC,14,111,235.27,70.64,5.56,583.83,17,27
176,255.48,true,76.46,533,121.81,player-08249,DEL,14,24,300.69,95.38,5.74,677.99,17,28
168,282.01,true,77.22,513,121.1,player-08250,DEF,14,23,276.04,76.99,5.35,679.15,17,26
522,257.09,true,76.08,1988,124.81,player-08251,POR,41,98,256.95,74.22,1.64,638.85,17,20
575,239.07,true,80.65,2178,124.89,player-08252,DEF,41,109,270.89,77.23,2.86,634.85,18,22
108,267.9,true,97.77,296,123.46,player-08253,DEF,41,17,299.42,87.45,2.3,690.78,17,19
776,233.16,true,78.39,3146,123.9,player-08254,MC,41,145,259.84,74.17,2.94,616.89,17,21
340,237.54,true,76.57,1154,125.87,player-08255,MC,41,58,293.77,79.23,1.5,657.18,19,22
395,246.21,true,76.5,1411,124.45,player-08256,DEL,41,71,279.8,79.01,1.19,650.45,17,19
1545,227.1,true,76.24,7190,125.66,player-08257,DEF,41,315,195.62,58.45,3.17,548.38,18,23
445,240.97,true,89.37,1661,125.11,player-08258,MC,41,81,279.15,78.82,1.64,645.23,17,20
,231.54,false,74.44,,124.41,player-08259,DEL,41,,258.41,78.47,0.85,614.35,13,14
1714,211.71,true,67.71,8074,126.02,player-08260,DEF,41,345,188.01,56.22,2.3,525.74,20,23
47,305.07,true,59.82,1878,118.63,player-08261,POR,39,47,217.18,66.53,2.01,640.88,13,16
33,282.91,true,76.33,1467,116.77,player-08262,DEF,39,33,249.51,76.42,4.03,649.19,11,18
91,277.64,true,73.3,3682,120.12,player-08263,DEF,39,91,210.12,67.56,3.82,607.89,12,19
,298.07,false,65.37,,116.19,player-08264,MC,39,,169.52,56.6,4.58,583.79,10,18
131,263.99,true,53.59,5471,118.74,player-08265,MC,39,131,196.35,60.11,2.64,579.08,12,16
58,272.38,true,70.95,2458,119.65,player-08266,DEL,39,58,237.65,69.35,3.95,629.68,13,21
93,294,true,59.64,3747,121.09,player-08267,DEF,39,93,191.93,57.69,3.64,607.03,13,20
79,268.49,true,64.39,3302,119.59,player-08268,MC,39,79,226.29,62.97,3.08,614.37,12,17
48,285.82,true,61.28,1892,120.7,player-08269,DEL,39,48,234.07,63.36,4.23,640.59,13,22
32,289.89,true,73.36,1446,116.41,player-08270,DEF,39,32,243.27,70.01,3.67,649.57,11,17
133,222,true,74.75,6862,116.53,player-08271,POR,06,56,215.62,65.78,5.74,554.16,12,23
50,210.98,true,86.47,3011,112.85,player-08272,DEF,06,15,295.39,85.42,5.64,619.22,9,20
147,203.38,true,76.61,7492,114.65,player-08273,DEF,06,62,223.99,68.73,4.9,542.02,11,21
126,207.15,true,67.43,6600,113.64,player-08274,MC,06,52,238.17,74.84,6.61,558.96,10,23
62,218.81,true,74.09,3293,114.19,player-08275,MC,06,20,281.49,88.04,5.59,614.49,10,22
180,214.62,true,70.77,8864,115.93,player-08276,DEL,06,82,159.21,50.74,6,489.76,11,22
117,199.43,true,71.82,6313,111.64,player-08277,DEF,06,46,253.26,75.46,5.38,564.33,10,21
89,218.39,true,78.8,4722,114.97,player-08278,MC,06,35,257.64,81.1,5.8,591.01,11,21
137,191.22,true,76.79,6972,115.5,player-08279,DEL,06,58,245.44,73.66,5.88,552.16,10,19
136,208.82,true,65.85,6953,113.21,player-08280,DEF,06,57,230.45,68.8,5.14,552.48,11,22
75,235.61,true,98,1282,122.39,player-08281,POR,35,61,295.71,92.58,1.09,653.71,19,21
23,252.29,true,85.06,371,121.01,player-08282,DEF,35,20,312.62,87.38,1.44,685.92,20,23
18,254.49,true,94.61,300,120.91,player-08283,DEF,35,16,315.3,87.79,1.99,690.7,22,27
32,246.8,true,94.31,578,121.59,player-08284,MC,35,27,307.9,86.66,3.56,676.29,22,27
33,250.4,true,98,581,123.37,player-08285,MC,35,28,302.48,89.94,1.5,676.25,19,22
164,238.18,true,86.73,2794,121.51,player-08286,DEL,35,127,263.09,82.05,1.75,622.79,16,19
72,245.71,true,89.42,1242,120.87,player-08287,DEF,35,58,288.2,83.68,3.31,654.78,21,25
6,264.72,true,97.93,27,121.26,player-08288,MC,35,6,344.06,99,1.96,730.04,18,22
22,261.66,true,91.24,364,121.8,player-08289,DEL,35,19,302.89,83.45,1.39,686.35,21,24
3,267.06,true,89.48,19,120.68,player-08290,DEF,35,3,346.98,99,3.62,734.72,17,21
172,209.33,true,51.05,8114,112.34,player-08291,POR,26,172,203.12,61.56,4.35,524.79,11,19
142,216.36,true,63.11,6144,115.21,player-08292,DEF,26,142,235.76,65.74,3.78,567.32,14,22
150,215.33,true,64.33,6830,114,player-08293,DEF,26,150,225.64,61.71,5.52,554.97,13,21
187,228.13,true,56.28,8678,117.25,player-08294,MC,26,187,156.04,48.16,3.78,501.42,14,22
126,223.16,true,70.99,5197,113.48,player-08295,MC,26,126,246.8,69.48,4.23,583.43,13,22
148,224.36,true,64.32,6808,113.68,player-08296,DEL,26,148,217.34,63.53,3.64,555.38,13,20
196,208.48,true,44.6,9038,107.33,player-08297,DEF,26,196,159.22,44.85,4.85,475.03,9,17
169,200.82,true,57.04,7997,118.8,player-08298,MC,26,169,208.37,61.24,4.57,527.99,15,21
173,207,true,68.77,8193,111.85,player-08299,DEL,26,173,203.4,61.87,3.26,522.24,11,16
162,214.12,true,61.1,7375,113.73,player-08300,DEF,26,162,216.8,59.8,6.06,544.64,13,23
39,298.44,true,77.87,460,110.24,player-08301,POR,15,15,272.8,78.56,3.47,681.49,10,15
230,284.99,true,64.26,2790,112.69,player-08302,DEF,15,75,225.15,66.53,4.26,622.83,10,17
,296.71,false,74.04,,112.28,player-08303,DEF,15,,213.49,71.93,3.22,622.49,9,13
400,291.48,true,63.8,5079,111.44,player-08304,MC,15,116,182.44,55.53,4.58,585.36,10,18
76,321.23,true,66.46,967,108.13,player-08305,MC,15,26,233.35,76.18,4.14,662.71,9,15
62,290.23,true,70.95,777,111.14,player-08306,DEL,15,24,267.43,83.86,4.42,668.8,10,17
211,282.31,true,75.3,2646,111.38,player-08307,DEF,15,69,232.33,66.55,4.26,626.03,10,17
205,314.53,true,61.14,2569,112.76,player-08308,MC,15,68,200.23,57.85,4.03,627.51,11,18
505,267.57,true,58.15,6534,109.24,player-08309,DEL,15,141,183.25,56.17,4.51,560.06,9,16
71,300.01,true,65.51,873,113.57,player-08310,DEF,15,25,251.95,75.63,4.03,665.53,11,18
519,211.16,true,53.91,8417,103.34,player-08311,POR,16,42,199.89,61.03,7.28,514.4,10,35
523,208.32,true,59.44,8490,107.21,player-08312,DEF,16,43,195.49,61.48,6.81,511.02,11,33
310,218.71,true,77.09,4929,106.73,player-08313,DEF,16,21,262.29,76.82,7.11,587.73,10,33
559,224.33,true,61.57,8948,102.19,player-08314,MC,16,48,156.42,51.94,6.91,482.94,10,31
497,256.91,true,49.21,7982,104.9,player-08315,MC,16,37,166.54,48.83,6.93,528.34,9,28
570,195.17,true,55.13,9163,107.19,player-08316,DEL,16,50,151.28,45.7,6.7,453.64,11,32
560,193.19,true,57.97,8989,108.47,player-08317,DEF,16,49,177.09,52.32,6.9,478.75,11,34
285,224.09,true,79.49,4537,106.74,player-08318,MC,16,18,263.23,75.02,6.69,594.07,10,29
535,195.28,true,50.65,8668,108.59,player-08319,DEL,16,44,198.22,58.59,6.81,502.08,9,27
499,215.48,true,59.28,8019,107.27,player-08320,DEF,16,38,204.42,64.23,6.93,527.17,9,28
95,205.12,true,89.15,1422,120,player-08321,POR,37,34,325,93.1,3.62,650.12,12,17
167,215.07,true,87.99,2267,119.43,player-08322,DEF,37,49,298.48,85.5,4.74,632.98,10,18
451,201.05,true,87.6,5077,120.86,player-08323,DEF,37,101,263.46,80.08,3.83,585.37,12,19
139,205.78,true,84.17,1971,122.79,player-08324,MC,37,40,310.64,86.7,3.14,639.22,14,20
438,206.41,true,83.88,4935,121.59,player-08325,MC,37,98,259.67,76.22,4.23,587.67,13,22
124,195.96,true,94.95,1802,120.81,player-08326,DEL,37,38,325.47,98.34,4.08,642.25,12,19
29,219.83,true,94.02,462,122.32,player-08327,DEF,37,12,339.29,99,3.95,681.43,13,21
118,202.99,true,95.4,1758,120.57,player-08328,MC,37,35,319.83,96.01,3.91,643.39,12,18
62,220.55,true,91.08,941,120.87,player-08329,DEL,37,23,321.96,88.22,3.94,663.38,12,19
257,186.94,true,82.71,3211,121.6,player-08330,DEF,37,64,307.29,83.84,4.14,615.83,12,20
95,215.29,true,84.62,3866,118.23,player-08331,POR,26,95,271.6,84.37,2.67,605.12,13,17
140,205.63,true,77.43,6053,115.86,player-08332,DEF,26,140,247.49,74.31,3.26,568.98,11,16
,268.57,false,74.94,,116.19,player-08333,DEF,26,,258.16,77.71,2.28,642.91,11,14
152,227.87,true,59.69,6966,115.1,player-08334,MC,26,152,209.31,65.31,2.81,552.27,11,15
29,254.13,true,74.17,1197,117.84,player-08335,MC,26,29,284.04,86.5,2.37,656.01,13,16
37,246.53,true,73.54,1442,118.83,player-08336,DEL,26,37,284.24,87.17,2.87,649.61,14,19
2,251.6,true,87.13,186,119.44,player-08337,DEF,26,2,328.75,95.08,3.14,699.8,14,20
,208.67,false,81.06,,111.45,player-08338,MC,26,,265.75,82.27,3.18,585.87,10,14
156,224.4,true,59.64,7046,118.94,player-08339,DEL,26,156,207.77,57.21,3.3,551.11,13,19
101,231.67,true,67.97,4014,116.8,player-08340,DEF,26,101,254.21,76.15,3.08,602.68,12,17
,228.63,true,78.4,3505,112.09,player-08341,POR,51,40,270.36,81.32,5.42,611.08,9,19
,266.77,true,91.1,332,112.5,player-08342,DEF,51,3,309.11,90.15,4.86,688.38,10,18
,240.36,true,77.7,3115,114.9,player-08343,DEF,51,37,262.15,81.01,5.36,617.41,11,23
,242.65,true,84.5,1548,113.38,player-08344,MC,51,20,291.49,84.31,4.7,647.52,10,18
,220.96,true,87.71,1102,110.04,player-08345,MC,51,14,327.43,99,5.85,658.43,9,21
,230.4,true,79.6,1879,114.3,player-08346,DEL,51,24,296.18,81.84,4.9,640.88,10,19
,234.03,true,88.08,2035,114.91,player-08347,DEF,51,27,289.04,86.55,5.14,637.98,11,22
,254.56,true,82.22,1142,114,player-08348,MC,51,15,288.87,80.34,4.88,657.43,10,19
,227.41,true,80.31,2921,113.08,player-08349,DEL,51,35,280.22,82.29,4.02,620.71,10,16
,213.45,true,88.16,2316,112.43,player-08350,DEF,51,32,306.31,92.22,5.48,632.2,9,18
152,207.71,true,76.56,2175,120.13,player-08351,POR,37,44,307.14,86.45,2.89,634.98,20,25
820,214.84,true,66.72,8979,121.85,player-08352,DEF,37,151,143.15,43.58,4.82,479.84,15,19
157,228.28,true,72.8,2195,121.08,player-08353,DEF,37,45,285.07,81.05,4.27,634.44,19,23
171,204.02,true,86.35,2291,121.42,player-08354,MC,37,50,307.1,88.04,2.41,632.54,17,22
479,216.2,true,66.03,5406,120.8,player-08355,MC,37,108,242.93,65.97,2.49,579.93,21,25
63,245.2,true,91.18,946,121.69,player-08356,DEL,37,24,296.34,87.22,4.16,663.23,20,24
347,205.64,true,73.74,4081,119.39,player-08357,DEF,37,82,276.3,76.33,3.72,601.32,16,22
59,236.72,true,88.88,917,120.04,player-08358,MC,37,22,307.43,90.57,3.93,664.19,19,22
463,193.67,true,72.49,5232,119.42,player-08359,DEL,37,103,269.53,72.96,2.52,582.62,16,21
,255.79,false,92.84,,116.75,player-08360,DEF,37,,347.73,99,3.03,720.27,14,19
915,233.71,true,72.02,3891,123.39,player-08361,POR,41,184,247.6,73.96,3.91,604.7,17,24
737,241.86,true,78.48,2938,126.39,player-08362,DEF,41,137,252.04,78.26,3.59,620.29,15,20
1533,201.63,true,64.57,7112,123.23,player-08363,DEF,41,310,225.08,68.28,2.87,549.94,16,22
785,245.66,true,65.77,3193,126.03,player-08364,MC,41,146,244.44,68.74,3.08,616.12,19,24
492,260.44,true,77.24,1867,121.75,player-08365,MC,41,93,258.97,76.32,3.6,641.17,17,26
383,235.82,true,85.33,1356,125.18,player-08366,DEL,41,68,291.07,87.7,3.18,652.08,16,23
656,238.08,true,75.47,2510,125.42,player-08367,DEF,41,122,265.14,75.59,3.76,628.65,18,25
28,264.48,true,93.44,87,122.35,player-08368,MC,41,5,325.61,93.23,3.06,712.44,17,24
476,257.09,true,79.71,1799,123.01,player-08369,DEL,41,89,262.21,77.46,4.22,642.31,15,22
566,236.35,true,78.77,2150,123.35,player-08370,DEF,41,107,275.82,79.64,3.32,635.52,19,25
,181.84,false,81.56,,120.49,player-08371,POR,50,,265.76,83.47,2.57,568.09,11,14
83,180.74,true,86.81,2624,122.53,player-08372,DEF,50,48,323.1,88.53,3.42,626.37,13,19
176,154.71,true,83.45,5142,121.42,player-08373,DEF,50,97,308.19,92.18,3.31,584.32,12,16
111,197.22,true,89.46,3117,120.98,player-08374,MC,50,60,299.14,91.69,2.94,617.34,12,15
91,190.32,true,98,2684,118.76,player-08375,MC,50,52,316.09,99,4.45,625.17,11,17
118,164.21,true,89.23,3314,122.95,player-08376,DEL,50,64,326.98,96.36,3.37,614.14,13,18
198,180.42,true,89.75,5883,118.82,player-08377,DEF,50,107,272.91,83.14,3.69,572.15,10,15
158,174.04,true,89.45,4370,118.05,player-08378,MC,50,88,304.44,86.53,4.59,596.52,9,15
171,182.85,true,79.54,4985,119.14,player-08379,DEL,50,94,284.77,81.22,3.56,586.76,10,15
134,157.67,true,97.46,3772,121.91,player-08380,DEF,50,73,327.07,92.96,3.98,606.65,11,16
1451,232.79,true,61,6696,126.68,player-08381,POR,18,111,197.66,57.58,4.54,557.13,19,27
930,244.68,true,68.2,3986,125.84,player-08382,DEF,18,68,232.78,64.44,5.34,603.3,17,27
1009,246.39,true,67.34,4418,126.43,player-08383,DEF,18,72,222.88,62.53,4.78,595.7,18,30
813,228.45,true,66.8,3322,125.27,player-08384,MC,18,59,260.34,78.77,5.47,614.05,22,34
1076,242.13,true,61.52,4790,128.42,player-08385,MC,18,80,219.51,61.3,3.42,590.06,18,24
1043,244.91,true,62.93,4598,128.01,player-08386,DEL,18,76,220.1,66.01,3.22,593.02,22,29
640,219.5,true,75.96,2461,126.88,player-08387,DEF,18,45,283.28,77.1,5.62,629.65,20,31
1080,256.48,true,56.7,4821,125.03,player-08388,MC,18,81,208.12,60.56,4.63,589.62,19,31
556,241.39,true,76.84,2125,125.74,player-08389,DEL,18,40,268.93,77.54,5.75,636.06,20,32
1024,240.28,true,63.04,4506,126.34,player-08390,DEF,18,74,227.85,63.78,4.97,594.47,19,29
,234.4,false,98,,114.58,player-08391,POR,26,,311.53,96.78,4.38,660.51,10,14
63,212.54,true,80.87,2329,117.14,player-08392,DEF,26,63,302.28,91.49,3.9,631.96,11,16
,261.78,false,90.21,,113.4,player-08393,DEF,26,,250.53,81.3,2.57,625.71,10,13
,204.51,false,80.27,,110.25,player-08394,MC,26,,247.97,77.35,1.25,562.73,8,9
,238.2,false,87.98,,113.91,player-08395,MC,26,,302.76,89.12,3.75,654.86,10,14
,213.97,false,78.11,,116.9,player-08396,DEL,26,,248.43,74.9,3,579.3,10,14
,249.18,false,88.48,,116.51,player-08397,DEF,26,,303.12,92.76,2.91,668.8,11,13
,212.06,false,87.81,,118.08,player-08398,MC,26,,253.73,77.22,1.57,583.86,12,14
,246.87,false,87.62,,118.59,player-08399,DEL,26,,274.58,86.99,2.15,640.04,12,14
,240.03,false,92.61,,115.48,player-08400,DEF,26,,299.43,99,3.06,654.95,11,12
65,241.27,true,60.71,6446,115.37,player-08401,POR,33,65,205.06,57.3,5.41,561.7,11,19
100,241.97,true,51.09,8525,112.5,player-08402,DEF,33,100,155.26,43.83,5.59,509.73,12,22
61,253.59,true,63,6060,111.07,player-08403,DEF,33,61,204.25,61.56,3.89,568.91,10,16
94,240.74,true,56.8,8057,109.93,player-08404,MC,33,94,175.51,51.85,4.88,526.18,10,19
22,248.55,true,72.41,2854,111.65,player-08405,MC,33,22,261.75,76.64,5.8,621.96,11,21
58,250.73,true,76.85,5951,113.56,player-08406,DEL,33,58,206.5,62.09,5.14,570.79,12,20
56,246.36,true,57.8,5771,112.03,player-08407,DEF,33,56,215.54,59.82,6.04,573.93,11,22
84,248.47,true,56.6,7686,109.96,player-08408,MC,33,84,178.54,52.19,6.28,536.97,10,21
74,244.22,true,69.88,7200,113.11,player-08409,DEL,33,74,190.93,57.89,4.76,548.25,10,15
68,233.42,true,65.71,6870,111.75,player-08410,DEF,33,68,208.73,61.4,4.55,553.9,11,16
311,192.36,true,51.8,8792,111.21,player-08411,POR,22,59,191.17,52.74,7.28,494.74,8,28
303,200.64,true,54.87,8570,106.63,player-08412,DEF,22,56,200.25,60.27,6.94,507.53,8,25
321,216.35,true,47.16,8960,109.81,player-08413,DEF,22,62,155.8,47.84,7.06,481.96,8,26
318,214.09,true,44.48,8935,107.79,player-08414,MC,22,61,162.27,53.41,7.22,484.14,7,24
328,190.7,true,44.08,9218,111.91,player-08415,MC,22,66,132.17,41.92,7.18,434.78,8,27
281,214.16,true,60.44,7983,110.54,player-08416,DEL,22,54,203.63,59.12,7.47,528.34,8,30
304,210.77,true,53.32,8607,110.89,player-08417,DEF,22,57,183.53,52.2,7.06,505.19,8,26
324,207.26,true,45.9,9018,111.07,player-08418,MC,22,63,158.4,46.94,7.06,476.73,8,26
258,197.8,true,60.9,7358,108.35,player-08419,DEL,22,52,238.84,73.05,7.64,544.99,7,28
325,209.2,true,48.21,9074,108.17,player-08420,DEF,22,64,153.14,46.57,7.06,470.5,8,26
302,192.76,true,61.51,8505,120.47,player-08421,POR,50,155,197.27,61.46,5.5,510.5,13,28
322,181.79,true,67.61,8970,122.82,player-08422,DEF,50,164,176,53.19,4.21,480.6,16,27
254,200.88,true,58.89,7240,122.4,player-08423,DEF,50,129,224.11,61.42,4.81,547.39,16,30
253,194.19,true,61.35,7196,122.4,player-08424,MC,50,128,231.7,66.62,4.78,548.29,15,28
264,182.94,true,66.41,7487,120.72,player-08425,MC,50,136,238.43,69.14,5.31,542.08,14,29
195,188.88,true,80.53,5822,119.24,player-08426,DEL,50,105,265.1,75.42,5.33,573.22,13,27
309,190.55,true,58.51,8698,121.54,player-08427,DEF,50,158,188.41,54.21,5.62,500.5,14,31
294,188.35,true,60.33,8373,120.82,player-08428,MC,50,151,206.58,60.21,4.81,515.75,16,30
290,155.39,true,67.66,8245,121.26,player-08429,DEL,50,148,244.09,71.84,5.14,520.74,14,28
221,200.22,true,70.83,6473,118.35,player-08430,DEF,50,116,242.6,68.82,4.54,561.17,14,25
632,241.37,true,53.92,6961,117.1,player-08431,POR,47,85,193.86,56.66,3.78,552.33,14,22
710,221.2,true,51.59,7788,118.42,player-08432,DEF,47,94,194.73,55.07,4.78,534.35,15,28
300,258.95,true,72.83,3607,120.3,player-08433,DEF,47,35,229.88,67.25,3.78,609.12,14,22
819,236.07,true,57.99,8962,116.41,player-08434,MC,47,105,129.31,38.51,4.94,481.79,13,25
671,205.03,true,62.11,7370,115.29,player-08435,MC,47,89,224.43,68.14,5.14,544.74,13,26
410,235.41,true,64.09,4659,116.29,player-08436,DEL,47,56,240.39,67.4,5.34,592.08,12,25
328,244.99,true,60.37,3875,119.02,player-08437,DEF,47,40,240.95,70.98,4.23,604.96,13,22
812,249.46,true,49.54,8896,118.89,player-08438,MC,47,104,118.58,34.21,4.21,486.93,16,27
695,243.22,true,61.06,7650,117.89,player-08439,DEL,47,92,176.85,53.44,4.14,537.97,15,25
390,239.09,true,67.2,4515,118.14,player-08440,DEF,47,48,237.12,66.4,3.78,594.35,14,22
454,236.36,true,65.17,5110,106.49,player-08441,POR,09,39,241.97,71.17,5.14,584.82,10,20
412,247.88,true,67.19,4672,105.76,player-08442,DEF,09,32,238.2,73.55,5.14,591.83,10,20
536,226.61,true,73.11,5993,108.23,player-08443,DEF,09,50,235.15,72.12,5.14,569.99,11,22
420,243.86,true,65.85,4786,103.27,player-08444,MC,09,34,243,69.5,5.59,590.13,10,22
754,232.4,true,64.3,8331,108.47,player-08445,MC,09,73,176.48,53.77,4.64,517.34,11,20
128,250.95,true,82.96,1854,111.86,player-08446,DEL,09,9,278.51,78.34,4.14,641.32,12,20
756,247.85,true,54.64,8359,107.11,player-08447,DEF,09,74,161.12,46.78,4.92,516.09,12,23
504,240.43,true,81.33,5697,107.5,player-08448,MC,09,45,227.28,71.34,4.03,575.22,11,18
316,240.65,true,73.09,3779,109.79,player-08449,DEL,09,24,256.09,73.33,3.26,606.53,11,16
455,253.21,true,79.13,5111,101.8,player-08450,DEF,09,40,229.81,72.86,4.85,584.82,9,17
1141,221.89,true,65.65,5125,123.27,player-08451,POR,41,228,239.39,69.8,2.45,584.55,20,26
1489,182.59,true,82.23,6861,124.25,player-08452,DEF,41,301,247.34,72.51,2.73,554.18,20,27
1799,176.42,true,59.27,8580,123.48,player-08453,DEF,41,363,207.29,56.64,3.14,507.18,21,30
1447,198.48,true,62.96,6685,125,player-08454,MC,41,284,233.79,66.15,2.75,557.27,17,23
1442,184.59,true,60.36,6662,122.03,player-08455,MC,41,281,251.01,75.84,2.64,557.64,21,28
1470,209.22,true,58.66,6772,123.93,player-08456,DEL,41,291,222.72,61.92,2.45,555.87,20,26
1865,169,true,57.97,9027,124.26,player-08457,DEF,41,377,182.52,51.7,3.34,475.77,17,25
1288,166.18,true,73.16,5830,121.54,player-08458,MC,41,254,285.39,85.86,1.57,573.12,18,21
1457,192.29,true,67.79,6727,124.16,player-08459,DEL,41,288,240.13,68.98,1.99,556.58,22,27
1145,169.09,true,80.67,5135,119.5,player-08460,DEF,41,229,295.76,86.56,2.34,584.36,15,19
35,264.23,true,94.68,1387,117.04,player-08461,POR,30,35,269.82,83.77,4.52,651.09,16,25
4,236.99,true,98,139,117.82,player-08462,DEF,30,4,350.18,95.33,4.09,704.99,17,25
2,252.82,true,98,96,118.36,player-08463,DEF,30,2,339.05,93.67,3.42,710.22,16,21
47,241.34,true,86.63,1825,116.76,player-08464,MC,30,47,283.7,83.3,3.77,641.8,16,22
1,258.13,true,90.29,69,119.64,player-08465,MC,30,1,340.01,91.7,3.13,717.78,18,23
27,250.95,true,83.39,1241,118.87,player-08466,DEL,30,27,284.97,85.78,4.4,654.79,18,28
18,238.79,true,85.92,608,118.82,player-08467,DEF,30,18,317.61,85.66,3.97,675.23,18,26
12,247.4,true,89.9,428,117.31,player-08468,MC,30,12,318.13,99,3,682.84,15,21
9,245.8,true,91.25,379,120.4,player-08469,DEL,30,9,319.22,99,3.87,685.42,17,24
10,259.33,true,94.2,413,120.46,player-08470,DEF,30,10,303.72,94.08,4.09,683.52,14,20
93,275.87,true,65.8,2698,117.28,player-08471,POR,44,23,231.73,72.13,5.14,624.89,13,26
,213,false,77.89,,115.45,player-08472,DEF,44,,262.33,76.27,7.08,590.77,12,27
116,274.66,true,64.74,3217,115.42,player-08473,DEF,44,31,225.64,61.94,6.72,615.72,12,25
47,239.18,true,87.41,1416,111.26,player-08474,MC,44,10,299.84,91.65,7.43,650.27,10,23
100,269.22,true,74.27,2797,115.2,player-08475,MC,44,24,238.3,71.2,6.94,622.73,13,29
161,244.5,true,64.05,4508,115.06,player-08476,DEL,44,41,234.88,65.14,6.91,594.43,12,26
168,232.09,true,63.16,4902,113.95,player-08477,DEF,44,42,242.24,71.03,6.72,588.28,12,25
,225.23,false,70.59,,113.3,player-08478,MC,44,,206.3,61.92,6.4,544.84,11,21
189,243.12,true,70.07,5647,113.38,player-08479,DEL,44,48,219.72,69.28,5.77,576.21,13,23
235,232.93,true,61.73,6778,113.97,player-08480,DEF,44,66,208.83,61.28,6.52,555.72,12,24
576,160.96,true,68.33,7624,117.56,player-08481,POR,36,151,260.22,70.44,4.95,538.74,14,27
671,155.41,true,53.67,9007,115.23,player-08482,DEF,36,197,206.59,56.37,5.14,477.23,13,26
571,197.46,true,65.36,7566,117.39,player-08483,DEF,36,148,225.62,64.41,4.14,540.47,15,25
618,183.34,true,64.9,8249,113.53,player-08484,MC,36,170,223.82,66.54,4.76,520.68,14,26
665,173.34,true,57.28,8856,116.16,player-08485,MC,36,193,200.79,59.97,3.62,490.29,15,23
619,187.92,true,54.86,8252,118.77,player-08486,DEL,36,171,213.92,62.22,4.76,520.62,14,26
649,192.3,true,67.96,8629,116.85,player-08487,DEF,36,185,194.96,57.64,4.58,504.1,15,27
375,217.87,true,70.62,4819,119.09,player-08488,MC,36,76,252.66,77.48,4.14,589.63,15,25
456,170.6,true,78.57,5912,117.37,player-08489,DEL,36,102,283.57,76.76,3.47,571.54,14,21
595,199.58,true,58.91,7960,119.41,player-08490,DEF,36,157,209.89,59.27,3.62,528.89,15,23
224,238.43,true,84.32,709,122.56,player-08491,POR,41,32,310.34,85.8,1.93,671.33,23,28
206,269.69,true,82.43,652,121.45,player-08492,DEF,41,29,282.18,85.26,2.28,673.32,22,28
280,256.62,true,81.61,953,123,player-08493,DEF,41,41,283.44,79.63,1.62,663.06,23,27
541,219.05,true,84.26,2065,123.9,player-08494,MC,41,103,294.33,85.53,1.05,637.28,20,22
426,252.47,true,68.99,1555,121.69,player-08495,MC,41,77,273.3,80.36,2.14,647.45,20,25
281,239.52,true,86.07,957,121.93,player-08496,DEL,41,42,301.52,88.58,1.39,662.98,21,24
293,272,true,66.64,996,122.48,player-08497,DEF,41,45,267.22,78.48,1.81,661.69,20,24
71,262.4,true,83.43,197,120.78,player-08498,MC,41,11,315.39,85.06,1.62,698.57,23,27
864,263.69,true,66.07,3573,122.23,player-08499,DEL,41,170,223.72,62.37,1.93,609.63,23,28
85,277.5,true,77.06,237,120.57,player-08500,DEF,41,14,297.13,80.43,2.04,695.2,17,21
235,210.37,true,78.63,2859,123.66,player-08501,POR,15,76,287.86,77.73,3.47,621.89,16,24
624,190.95,true,69.68,8299,120.76,player-08502,DEF,15,160,207.06,61.58,4.62,518.78,16,29
463,219.47,true,71.5,6001,123.54,player-08503,DEF,15,129,226.86,66.86,4.14,569.87,15,25
271,210.15,true,82.03,3321,124.21,player-08504,MC,15,85,279.7,82.78,3.74,614.07,16,25
203,205.54,true,71.77,2561,125.48,player-08505,MC,15,66,296.66,87.03,2.52,627.69,16,21
501,202.34,true,79.68,6503,120.27,player-08506,DEL,15,139,238.04,68.55,3.64,560.64,13,20
300,221.02,true,79.02,3693,125.22,player-08507,DEF,15,94,261.44,74.48,3.47,607.68,16,24
377,213.1,true,72.11,4830,125.5,player-08508,MC,15,109,250.94,73.99,3.47,589.53,16,24
139,203.34,true,83.58,1704,122.75,player-08509,DEL,15,47,318.09,91.17,3.89,644.19,15,24
197,249.94,true,79.7,2520,122.16,player-08510,DEF,15,63,256.34,77.18,3.32,628.44,15,22
905,259.22,true,74.15,3853,124.76,player-08511,POR,29,203,221.32,64.44,1.74,605.3,21,25
354,248.85,true,79.65,1227,122.62,player-08512,DEF,29,85,283.65,81.71,2.94,655.12,18,25
778,299.93,true,73.45,3156,124.41,player-08513,DEF,29,179,192.41,60.01,1.96,616.76,18,22
577,241.33,true,78.53,2183,124.62,player-08514,MC,29,137,268.73,76.01,2.36,634.68,21,27
169,288.32,true,74.87,516,122.66,player-08515,MC,29,40,268.14,77.23,2.73,679.12,20,27
481,270.88,true,71.11,1831,123.87,player-08516,DEL,29,114,246.97,71.87,3,641.72,20,28
205,289.16,true,78.81,646,124.76,player-08517,DEF,29,47,259.61,75.31,2.64,673.53,21,28
346,279.67,true,76.15,1188,124.77,player-08518,MC,29,82,251.82,72.67,2.72,656.26,23,31
1563,270.13,true,70.3,7326,124.13,player-08519,DEL,29,306,151.38,47.63,1.93,545.64,23,28
104,257.2,true,95.77,278,125.13,player-08520,DEF,29,26,309.22,88.99,2.36,691.55,21,27
,217.36,false,98,,103.81,player-08521,POR,30,,283.59,90.81,2.89,604.76,8,9
52,221.4,true,98,2169,109.89,player-08522,DEF,30,52,303.74,91.28,4.25,635.03,10,15
25,228.58,true,97.97,1144,112.66,player-08523,DEF,30,25,316.13,99,4.31,657.36,11,16
,210.31,false,98,,101.14,player-08524,MC,30,,295.28,99,6.35,606.72,6,9
,256.14,false,98,,106.56,player-08525,MC,30,,273.27,89.21,3.41,635.97,8,10
,232.87,false,98,,113.2,player-08526,DEL,30,,294.73,93.96,3.43,640.8,11,14
,253.34,false,98,,109.18,player-08527,DEF,30,,323.69,98.79,3.87,686.21,10,12
,224.8,false,98,,108.1,player-08528,MC,30,,315.79,99,5.05,648.69,9,13
,217.64,false,94.7,,110.77,player-08529,DEL,30,,295.44,91.48,3.94,623.85,10,14
,238.87,false,98,,109.77,player-08530,DEF,30,,303.17,96.91,4.08,651.81,10,13
326,223.13,true,67.72,5281,121.9,player-08531,POR,45,133,236.81,71.47,2.04,581.84,17,21
478,230.69,true,81.54,7658,123.65,player-08532,DEF,45,165,183.4,57.04,2.52,537.75,16,21
164,235.53,true,82.91,2777,121.62,player-08533,DEF,45,83,265.85,76.55,2.52,623.01,16,21
196,239.96,true,73.75,3253,120.68,player-08534,MC,45,95,254.56,81.24,3.32,615.2,15,22
540,193.89,true,70.97,8756,122.34,player-08535,MC,45,179,180.63,52.21,2.64,496.85,15,20
257,230.64,true,76.42,4204,123.13,player-08536,DEL,45,111,245.54,70.55,2.64,599.3,18,24
173,230.24,true,80.91,2847,122.12,player-08537,DEF,45,87,269.73,81.36,2.52,622.09,16,21
253,205,true,75.4,4113,122.23,player-08538,MC,45,109,273.55,84.06,2.3,600.78,15,19
72,244.47,true,78.3,1185,123.25,player-08539,DEL,45,43,288.65,81.15,3.18,656.38,16,23
206,238.67,true,77.73,3368,122.41,player-08540,DEF,45,98,252.17,73.33,3.14,613.25,14,20
,222.28,false,87.67,,119.32,player-08541,POR,46,,224.41,69.72,0.85,566.01,13,14
,235.35,false,90.23,,109.31,player-08542,DEF,46,,291.39,92.08,3.97,636.05,9,12
,278.51,false,89.38,,108.13,player-08543,DEF,46,,294.3,97.56,4.57,680.93,9,12
,220.08,false,95.72,,118.81,player-08544,MC,46,,325.18,95.59,2.14,664.07,13,14
,224.52,false,96.5,,117.1,player-08545,MC,46,,328.78,99,2.42,670.41,13,14
41,238.87,true,88.74,444,115.27,player-08546,DEL,46,25,328.01,95.65,3.22,682.16,12,15
,245.74,false,94.55,,114.25,player-08547,DEF,46,,291.14,90.63,3.16,651.13,11,14
170,237.34,true,85.67,1771,113.67,player-08548,MC,46,67,292,88.9,3.42,643.01,11,15
,256.16,false,75.82,,107.49,player-08549,DEL,46,,250.01,76.4,2.87,613.66,8,11
,226.76,false,86.84,,116.67,player-08550,DEF,46,,274.24,83.23,1.84,617.66,12,14
241,220.17,true,60.53,6898,119.64,player-08551,POR,44,70,213.5,63.34,4.45,553.3,15,22
59,234.1,true,71.34,1777,120.36,player-08552,DEF,44,14,288.37,85.51,5.25,642.83,14,23
310,228.38,true,49.58,8714,118.06,player-08553,DEF,44,94,153.29,44.14,5.25,499.72,14,23
205,219.85,true,74.81,6032,117.79,player-08554,MC,44,54,231.81,71.69,5.81,569.44,12,21
34,220.45,true,78.6,1219,117.88,player-08555,MC,44,7,317.03,96.52,6.08,655.36,11,19
271,185.94,true,76.21,7657,118.8,player-08556,DEL,44,80,233.05,70.27,5.01,537.78,15,24
238,219.17,true,63.99,6827,119.13,player-08557,DEF,44,68,216.69,58.91,5.01,554.98,15,24
212,194.68,true,72.04,6218,118.39,player-08558,MC,44,58,253.01,70.61,5.52,566.08,13,22
217,199.32,true,71.28,6377,116.15,player-08559,DEL,44,61,247.59,75.05,6.07,563.06,12,22
223,206.8,true,69.72,6552,118.65,player-08560,DEF,44,62,234.21,71.54,4.74,559.66,15,23
641,202.15,true,69.09,5888,117.66,player-08561,POR,43,161,252.32,68.05,2.83,572.13,19,26
830,154.73,true,72.78,7716,116.67,player-08562,DEF,43,220,264.69,73.33,3.32,536.09,15,22
923,179.38,true,59.43,8691,119.75,player-08563,DEF,43,244,201.7,57.83,1.57,500.83,18,21
400,228.64,true,70.72,3740,119.22,player-08564,MC,43,94,259.23,73,2.31,607.09,18,23
,159.06,false,63.29,,118.95,player-08565,MC,43,,248.09,83.14,3,526.1,15,21
875,193.25,true,57.75,8139,117.81,player-08566,DEL,43,233,212.81,61.26,2.94,523.88,18,25
310,239.14,true,72.99,3001,118.78,player-08567,DEF,43,64,261.47,72.66,2.31,619.39,18,23
930,202.09,true,62.24,8765,117.66,player-08568,MC,43,246,176.53,55.07,2.22,496.27,19,24
778,206.6,true,65.53,7173,115.48,player-08569,DEL,43,206,226.64,65.14,3.32,548.72,15,22
818,194.17,true,63.79,7564,118.08,player-08570,DEF,43,217,228.26,64.85,2.83,540.51,19,26
1,224.93,true,98,258,114.53,player-08571,POR,07,1,353.97,96.78,4.72,693.43,13,24
34,182.04,true,90,2656,112.2,player-08572,DEF,07,34,331.52,92.28,4.64,625.75,11,20
101,174.11,true,97.37,6329,111.92,player-08573,DEF,07,101,277.98,87.32,4.69,564.01,12,22
72,190.21,true,93.16,4937,109.32,player-08574,MC,07,72,288.11,86.94,4.78,587.64,10,18
64,213.85,true,90.63,4562,113.88,player-08575,MC,07,64,265.85,80.39,4.43,593.58,12,21
44,212.52,true,81.94,3675,114.23,player-08576,DEL,07,44,281.3,76.44,4.49,608.05,13,23
36,209.26,true,87.89,2776,112.4,player-08577,DEF,07,36,301.35,87.17,3.92,623.02,12,19
13,186.7,true,95.84,1463,114.43,player-08578,MC,07,13,348.09,94.59,3.5,649.22,13,19
65,184.72,true,87.22,4563,106.45,player-08579,DEL,07,65,302.41,88.79,5.38,593.58,9,18
38,186.25,true,92.82,3245,114.01,player-08580,DEF,07,38,315.05,89.6,3.96,615.3,12,19
78,260.78,true,83.88,225,123.63,player-08581,POR,11,9,311.35,92.14,3.53,695.76,14,17
250,269.7,true,89.92,813,121.95,player-08582,DEF,11,47,276.03,85.86,4.16,667.68,12,16
365,263.95,true,80.23,1281,123.44,player-08583,DEF,11,73,266.35,86.57,3.89,653.74,13,17
,266.38,false,84.9,,122.31,player-08584,MC,11,,279.9,85.05,2.66,668.59,13,14
255,258.63,true,92.03,836,123.15,player-08585,MC,11,50,285.02,87.87,3.65,666.8,13,16
,271.27,false,82.74,,120.93,player-08586,DEL,11,,303.22,96.93,3.64,695.42,13,14
537,262.97,true,84.24,2051,119.73,player-08587,DEF,11,116,254.89,77.25,3.43,637.58,12,15
,270.56,false,96.73,,119.04,player-08588,MC,11,,272.39,92,3.96,661.99,9,12
,255.83,false,71.91,,119.67,player-08589,DEL,11,,206.23,70.96,0.97,581.73,11,12
,264.03,false,89.89,,121.43,player-08590,DEF,11,,297.69,96.28,3.26,683.15,12,15
155,239.36,true,82.54,7039,116.33,player-08591,POR,26,155,195.51,64.11,2.81,551.2,11,15
45,214.56,true,87.22,1646,120.17,player-08592,DEF,26,45,310.76,89.09,3.42,645.49,13,19
132,203.91,true,92.11,5569,118.51,player-08593,DEF,26,132,255.05,81.01,3.32,577.46,11,16
53,226.42,true,88.81,2001,113.95,player-08594,MC,26,53,298.19,90.56,4.2,638.56,10,15
72,209.8,true,82.96,2808,112.28,player-08595,MC,26,72,300.53,86.85,4.61,622.61,9,15
92,211.8,true,91.71,3746,119.21,player-08596,DEL,26,92,276.03,88.17,3.94,607.04,12,19
24,237.04,true,85.97,993,110.4,player-08597,DEF,26,24,314.29,96,5.24,661.73,9,15
,249.44,false,98,,111.52,player-08598,MC,26,,341.34,99,5.28,702.3,9,14
,229.97,false,85.92,,115.42,player-08599,DEL,26,,282.95,86.62,2.53,628.34,10,12
31,220.75,true,89.42,1223,119.2,player-08600,DEF,26,31,315.31,93.76,3.4,655.26,12,16
365,264.96,true,56.68,5865,110.31,player-08601,POR,16,26,197.21,59.87,6.5,572.47,8,22
558,220.01,true,49.63,8918,109.42,player-08602,DEF,16,47,155.91,46.46,6.14,485.34,8,20
363,236.83,true,57.89,5856,106.17,player-08603,DEF,16,25,229.73,70.37,7.22,572.72,7,24
238,264.92,true,63.65,3897,109.99,player-08604,MC,16,15,229.73,64.35,6.33,604.64,8,21
464,258.12,true,57.39,7456,106.35,player-08605,MC,16,34,178.33,52.86,6.46,542.8,7,19
474,232.28,true,61.79,7593,109.71,player-08606,DEL,16,35,197.76,60.43,6.66,539.75,8,23
263,249.77,true,67.58,4276,109.74,player-08607,DEF,16,16,238.66,72.79,6.5,598.17,8,22
392,258.3,true,62.8,6392,106.35,player-08608,MC,16,29,198.09,61.43,6.25,562.75,7,18
483,250.96,true,58.25,7825,109.74,player-08609,DEL,16,36,172.5,49.64,6.66,533.21,8,23
548,242.45,true,48.52,8808,106.34,player-08610,DEF,16,45,144.83,44.78,6.02,493.61,7,17
437,181.99,true,74.65,5631,121.37,player-08611,POR,32,124,273.01,73.63,4.14,576.37,18,30
367,217.82,true,86.51,4676,118.52,player-08612,DEF,32,106,255.43,75.39,6.35,591.77,15,28
401,222.07,true,66.03,5087,122.44,player-08613,DEF,32,112,240.65,66.04,5.38,585.16,19,30
493,221.51,true,67.8,6361,121.22,player-08614,MC,32,138,220.56,66.1,5.9,563.29,18,31
177,212.02,true,81.8,2346,123.19,player-08615,MC,32,52,296.51,82.27,4.47,631.73,17,30
274,208.2,true,81.59,3384,121.9,player-08616,DEL,32,83,282.9,80.57,6.09,613,18,32
106,249.26,true,93.74,1269,121.5,player-08617,DEF,32,28,283.26,81.74,5.64,654.02,17,28
444,174.44,true,74.45,5763,120.08,player-08618,MC,32,126,279.58,80,3.71,574.09,18,28
447,197.88,true,67.37,5798,122.1,player-08619,DEL,32,128,253.61,68.65,3.71,573.59,18,28
44,212.86,true,94.22,543,121.71,player-08620,DEF,32,9,342.93,99,3.47,677.51,18,27
302,262.58,true,60.54,3110,125.31,player-08621,POR,46,123,229.58,63.59,2.41,617.47,17,22
542,253.63,true,58.9,5439,126.86,player-08622,DEF,46,208,199.01,58.22,3.46,579.5,18,24
266,266.87,true,60.79,2786,125.84,player-08623,DEF,46,105,230.19,63.49,2.54,622.9,19,25
460,248.63,true,74.84,4604,124.65,player-08624,MC,46,174,219.67,63.49,3.61,592.96,17,23
369,255.62,true,62.79,3752,126.27,player-08625,MC,46,147,225.02,65.68,3.32,606.9,19,25
32,289.43,true,76.13,353,124.67,player-08626,DEL,46,20,273.16,76.66,2.87,687.26,15,18
248,252.33,true,74.21,2628,125.85,player-08627,DEF,46,96,248.1,71.56,3.04,626.29,19,24
8,294.97,true,71.98,103,127.04,player-08628,MC,46,5,287.05,84.8,3.31,709.06,15,19
300,275.95,true,65.48,3086,127.47,player-08629,DEL,46,121,214.52,60.41,2.31,617.94,18,23
674,240.08,true,57.55,6761,125.25,player-08630,DEF,46,262,190.69,54.66,3.06,556.02,17,24
103,242.96,true,76.27,2833,116.33,player-08631,POR,22,21,262.96,76.13,5.95,622.25,13,31
131,256.15,true,73.8,3733,114.75,player-08632,DEF,22,25,236.31,69.48,5.91,607.21,11,26
85,221.31,true,77.44,2638,117.92,player-08633,DEF,22,16,286.9,80.41,5.72,626.13,13,25
80,224.23,true,77.67,2585,110.25,player-08634,MC,22,13,292.74,91.34,6.79,627.22,10,24
207,240.37,true,81.38,6062,113.26,player-08635,MC,22,43,215.24,69.08,5.91,568.87,11,26
165,233.89,true,72.24,4757,115.26,player-08636,DEL,22,33,241.41,71.86,6.3,590.56,13,29
139,242.42,true,75.98,3880,113.68,player-08637,DEF,22,27,248.8,74.52,7.01,604.89,11,29
179,212.66,true,76.67,5194,114.69,player-08638,MC,22,38,256.09,74.89,4.76,583.45,14,26
117,266.19,true,74.62,3274,112.82,player-08639,DEL,22,23,235.79,69.53,5.7,614.8,12,27
53,268.6,true,76.61,1623,114.93,player-08640,DEF,22,8,262.42,78.16,6.07,645.96,11,27
1499,209.09,true,56.26,6903,122.63,player-08641,POR,11,304,221.52,64.37,2.14,553.24,20,25
1431,209.07,true,67.31,6622,124.62,player-08642,DEF,11,292,224.89,63.82,1.68,558.58,22,26
432,218.93,true,75.01,1584,125.13,player-08643,DEF,11,91,302.74,83.83,1.93,646.8,23,28
,212.57,false,58.64,,125.31,player-08644,MC,11,,138.25,44.63,2.14,476.12,20,25
152,235.72,true,84.62,457,125.83,player-08645,MC,11,25,320.14,93.94,1.74,681.69,21,25
863,226.26,true,73.42,3555,126.31,player-08646,DEL,11,185,257.52,79.31,0.64,610.09,19,20
1797,185.08,true,61.59,8562,122.93,player-08647,DEF,11,360,199.73,58.06,1.68,507.74,22,26
540,213.36,true,79.85,2059,123.93,player-08648,MC,11,117,300.12,83.53,1.77,637.4,16,19
306,224.72,true,81.61,1042,124.61,player-08649,DEL,11,67,310.92,91.65,1.81,660.26,20,24
483,226.76,true,76.67,1836,125.94,player-08650,DEF,11,101,288.86,79.9,1.64,641.56,17,20
,190.83,false,88.41,,115.12,player-08651,POR,08,,297.54,89.05,1.78,603.49,12,13
,184.49,false,79.76,,115.45,player-08652,DEF,08,,262.24,80.64,0.97,562.18,12,13
,184.25,false,59.23,,115.12,player-08653,DEF,08,,206.16,64.98,1.57,505.53,12,14
,166.89,false,71.88,,111.15,player-08654,MC,08,,219.04,75.85,0.14,497.08,8,8
,180,false,71.6,,111.91,player-08655,MC,08,,195.75,60,1.81,487.66,10,12
,175.07,false,68.14,,115.51,player-08656,DEL,08,,275.39,83.58,1.86,565.97,12,14
,181.76,false,52.22,,114.73,player-08657,DEF,08,,172.8,50.95,1.57,469.29,12,14
,174,false,72.6,,114.41,player-08658,MC,08,,234.94,70.2,1.68,523.35,11,13
,158.88,false,66.37,,114.31,player-08659,DEL,08,,232.57,70.8,0.97,505.75,11,12
,177.94,false,66.18,,115.77,player-08660,DEF,08,,165.38,55.58,0.14,459.09,9,9
79,204.17,true,74.93,7485,105.05,player-08661,POR,33,79,232.9,68.66,5.4,542.13,9,19
26,241.24,true,72.06,3218,105.03,player-08662,DEF,33,26,269.44,73.67,5.59,615.71,10,22
9,240.48,true,76.73,1734,103.93,player-08663,DEF,33,9,299.29,90.95,5.64,643.7,9,20
62,249.83,true,91.09,6305,103.73,player-08664,MC,33,62,210.85,66.72,6.23,564.41,9,23
46,215.62,true,73.29,5210,105.3,player-08665,MC,33,46,262.16,82.4,5.79,583.08,10,23
45,232.43,true,73.65,5033,103.26,player-08666,DEL,33,45,250.39,71.7,6.54,586.08,9,25
90,213.73,true,80.49,7939,104.22,player-08667,DEF,33,90,211.59,70.5,6.14,529.54,8,20
86,215.57,true,63.09,7840,106.02,player-08668,MC,33,86,211.11,66.74,5.14,532.7,10,20
48,255.74,true,72.96,5226,100.94,player-08669,DEL,33,48,226.09,67.81,6.81,582.77,8,24
52,256.52,true,61.83,5467,103.39,player-08670,DEF,33,52,219.21,63.65,6.54,579.12,9,25
,207.6,false,55,,112.16,player-08671,POR,24,,174.64,53.31,1.68,494.4,11,13
,242.08,false,65.79,,114.28,player-08672,DEF,24,,208.49,61.33,2.28,564.84,11,14
825,195.08,true,48.44,9051,117.06,player-08673,DEF,24,96,161.88,46.23,2.01,474.01,13,16
421,240.63,true,62.18,4801,116.1,player-08674,MC,24,38,233.15,74.62,2.01,589.89,13,16
590,195.43,true,72.38,6558,114.58,player-08675,MC,24,63,249.54,71.37,2.14,559.56,12,15
,196.52,false,53.89,,115.38,player-08676,DEL,24,,152.67,48.72,1.57,464.57,12,14
427,223.03,true,69.02,4839,117.49,player-08677,DEF,24,39,248.75,77,1.39,589.28,14,16
693,215.3,true,57.1,7629,116.9,player-08678,MC,24,80,206.33,61.13,2.01,538.54,13,16
,255.87,false,60.57,,110.86,player-08679,DEL,24,,180.46,57.06,1.96,547.19,9,11
,211.36,false,66.35,,111.27,player-08680,DEF,24,,205.45,61.16,2.45,528.08,10,13
752,181.26,true,81.53,3014,120.88,player-08681,POR,41,141,316.95,99,2.33,619.1,15,18
,176.93,false,87.77,,115.4,player-08682,DEF,41,,300.61,89.26,3.05,592.93,11,14
966,201.96,true,81.86,4176,121.96,player-08683,DEF,41,191,275.92,81.01,1.73,599.84,16,19
1110,189.51,true,70.06,4967,121.96,player-08684,MC,41,220,275.51,81.84,1.39,586.98,15,17
835,225.39,true,87.62,3433,117.48,player-08685,MC,41,163,269.38,77.54,2.49,612.26,13,17
1349,204.29,true,84.1,6156,116.97,player-08686,DEL,41,262,245.86,80.07,2.02,567.12,13,16
,172.55,false,62.48,,120.93,player-08687,DEF,41,,220.65,63.89,0.85,514.12,13,14
1767,185.68,true,80.29,8397,118.84,player-08688,MC,41,358,210.54,64.33,1.9,515.06,14,17
185,205.25,true,97.98,572,120.48,player-08689,DEL,41,26,350.77,97.99,2.38,676.51,14,16
,190.13,false,68.48,,116.99,player-08690,DEF,41,,236.24,75.21,0.97,543.36,11,12
15,271.83,true,75.64,417,124.01,player-08691,POR,48,10,287.35,84.04,1.44,683.19,20,23
286,262.27,true,60.58,4714,123.92,player-08692,DEF,48,176,204.95,56.33,1.88,591.14,19,23
98,270.46,true,67.4,1808,122.29,player-08693,DEF,48,63,249.31,70.8,1.72,642.06,16,19
100,253.73,true,75,1815,123.47,player-08694,MC,48,64,264.81,78.47,2.31,642.01,18,23
145,239.77,true,70.21,2597,121.04,player-08695,MC,48,94,266.12,72.69,2.64,626.93,15,20
149,255.05,true,70.23,2676,120.97,player-08696,DEL,48,95,249.34,67.77,2.04,625.37,17,21
222,256.5,true,75.32,3782,123.83,player-08697,DEF,48,139,226.14,71.35,2.45,606.46,20,26
164,241.35,true,77,2873,120.97,player-08698,MC,48,109,259.37,73.55,1.32,621.7,15,17
151,237.85,true,76.3,2690,120.64,player-08699,DEL,48,97,266.52,79.07,1.81,625.01,15,18
,208.18,false,79.94,,118.65,player-08700,DEF,48,,289.84,82.91,1.09,616.67,13,14
218,234.39,true,76.79,2695,120.4,player-08701,POR,15,71,270.14,82.7,3.32,624.93,15,22
466,200.42,true,65.48,6058,124.14,player-08702,DEF,15,130,244.37,66.26,2.52,568.92,16,21
34,231.19,true,87.06,356,123.59,player-08703,DEF,15,13,332.22,92.64,2.52,687,16,21
29,233.14,true,98,313,122.71,player-08704,MC,15,12,333.9,93.65,3.18,689.76,16,23
148,196.57,true,85.1,1848,123.36,player-08705,MC,15,51,321.46,92.31,2.54,641.4,19,25
422,193.25,true,71.84,5377,122.74,player-08706,DEL,15,120,264.36,71.56,3.06,580.34,17,24
224,218.42,true,82.39,2738,121.06,player-08707,DEF,15,74,284.44,82.8,3.47,623.93,16,24
119,226.21,true,81.7,1471,121.8,player-08708,MC,15,40,301.05,87.73,3.06,649.05,17,24
50,235.77,true,83.86,639,120.83,player-08709,DEL,15,19,317.2,90.12,3.32,673.8,15,22
289,217.08,true,74.48,3542,123.18,player-08710,DEF,15,89,270.06,77.44,2.54,610.32,19,25
948,227.57,true,59.84,8932,118.54,player-08711,POR,25,96,138.21,44.43,4.9,484.32,11,21
795,234.24,true,65.7,7329,119.9,player-08712,DEF,25,85,191.47,57.95,4.64,545.61,11,20
834,214.88,true,61.58,7779,117.92,player-08713,DEF,25,90,201.84,59.84,4.91,534.64,9,17
750,221.01,true,69.6,6904,120.9,player-08714,MC,25,82,211.3,59.94,4.35,553.21,11,19
907,230.81,true,51.1,8418,119.68,player-08715,MC,25,94,163.89,47.28,3.67,514.38,11,17
827,209.52,true,62.9,7681,119.61,player-08716,DEL,25,89,207.97,68.72,4.58,537.09,10,18
650,238.26,true,52.36,5928,119.12,player-08717,DEF,25,76,213.89,67.28,3.47,571.28,10,15
944,249.23,true,46.95,8909,111.5,player-08718,MC,25,95,125.16,39.16,5.68,485.88,8,16
,240.04,false,64.53,,115.13,player-08719,DEL,25,,196.66,62.48,3.71,551.83,9,14
872,234.19,true,63.69,8121,114.63,player-08720,DEF,25,92,175.66,56.57,5.14,524.48,8,16
27,246.51,true,92.35,82,121.74,player-08721,POR,29,9,345.55,97.93,2.64,713.79,18,24
166,213.13,true,90.15,507,122.24,player-08722,DEF,29,39,343.99,96.04,2.54,679.36,19,25
557,209.78,true,87.04,2134,122.45,player-08723,DEF,29,128,303.64,93.2,3,635.87,20,28
360,194.91,true,98,1262,121.62,player-08724,MC,29,88,337.71,99,2.94,654.24,18,25
757,231.83,true,74.05,3041,123.54,player-08725,MC,29,172,263.22,74.06,2.55,618.59,22,29
262,229.14,true,82.47,862,122.99,player-08726,DEL,29,60,313.76,86.55,2.73,665.89,20,27
348,225.71,true,97.6,1193,121.37,player-08727,DEF,29,83,308.96,90.65,3.47,656.04,20,30
770,240.96,true,77.42,3090,123.4,player-08728,MC,29,175,253.49,73.1,2.83,617.85,19,26
615,225.31,true,84.36,2344,120.61,player-08729,DEL,29,147,285.86,80.64,2.64,631.77,18,24
538,210.43,true,94.44,2057,121.87,player-08730,DEF,29,126,305.17,89.92,3.62,637.47,15,23
160,237.44,true,94.45,483,120.7,player-08731,POR,11,27,322.54,94.89,2.52,680.68,16,21
165,229.36,true,98,505,124.49,player-08732,DEF,11,28,325.61,99,2.14,679.46,16,20
569,229.86,true,76.77,2159,121.49,player-08733,DEF,11,126,283.95,79.7,2.25,635.3,15,19
454,233.15,true,76.8,1711,123.47,player-08734,MC,11,95,287.45,78.11,1.19,644.06,17,19
1112,245.65,true,75.79,4976,122.16,player-08735,MC,11,225,219.07,62.84,2.87,586.89,16,22
178,223.6,true,87.85,542,120.58,player-08736,DEL,11,31,333.42,99,2.64,677.6,15,20
203,227.84,true,87.44,638,121.62,player-08737,DEF,11,38,324.41,91.06,2.41,673.88,17,22
1516,219.58,true,67.24,7023,121.11,player-08738,MC,11,308,210.81,60.54,2.25,551.49,15,19
1410,185.59,true,76.43,6497,116.66,player-08739,DEL,11,287,258.49,75.1,1.39,560.75,14,16
605,248.33,true,78.13,2318,119.54,player-08740,DEF,11,131,264.29,77.36,2.77,632.16,14,19
495,198.42,true,67.32,7471,114.26,player-08741,POR,01,97,229.8,64.05,2.75,542.48,17,23
498,195.57,true,67.02,7525,113.48,player-08742,DEF,01,99,232.27,64.24,3.06,541.33,17,24
559,162.83,true,65.95,8231,114.3,player-08743,DEF,01,114,243.99,72.46,3.18,521.12,16,23
525,175.14,true,65.97,7863,113.14,player-08744,MC,01,107,243.87,74.43,2.94,532.14,18,25
501,178.5,true,79.58,7538,113.29,player-08745,MC,01,100,249.39,78.83,3.06,541.18,17,24
410,188.68,true,71.33,6284,113.33,player-08746,DEL,01,75,262.78,77.85,2.75,564.79,17,23
624,157.62,true,66.63,8905,112.81,player-08747,DEF,01,128,215.93,62.36,2.75,486.36,17,23
668,163.14,true,72.86,9202,112.62,player-08748,MC,01,135,166.61,50.88,3.32,442.37,15,22
514,178,true,65.33,7740,114.47,player-08749,DEL,01,104,243.01,67.92,2.64,535.48,18,24
608,189.8,true,60.37,8776,113.63,player-08750,DEF,01,124,192.09,59.65,3,495.52,15,21
42,259.27,true,83.27,123,125.86,player-08751,POR,29,12,321.73,86.77,2.14,706.86,16,20
460,246.64,true,77.37,1732,122.81,player-08752,DEF,29,111,274.27,78.39,3.42,643.71,18,24
611,268.34,true,67.67,2337,123.93,player-08753,DEF,29,146,239.57,68.51,2.31,631.84,18,23
358,198.42,true,84.61,1251,124.03,player-08754,MC,29,87,332.16,98.42,3.42,654.61,16,21
821,191.11,true,82.92,3353,121.89,player-08755,MC,29,185,300.48,86.47,4.09,613.49,14,20
105,266.93,true,73.89,280,124.65,player-08756,DEL,29,27,299.93,86.15,2.31,691.5,18,23
553,246.67,true,75.08,2116,125.34,player-08757,DEF,29,127,264.26,72.83,2.14,636.27,16,20
726,219.1,true,74.65,2899,122.58,player-08758,MC,29,165,279.42,87.96,2.02,621.09,13,15
703,213.88,true,77.11,2763,124.3,player-08759,DEL,29,162,285.07,78.11,1.81,623.25,15,18
1040,203.08,true,75.87,4584,123.17,player-08760,DEF,29,230,266.96,76.68,3.27,593.21,17,22
472,208.68,true,65.53,6129,113.92,player-08761,POR,36,110,244.99,68.37,4.35,567.58,11,19
578,223,true,61.99,7663,113.17,player-08762,DEF,36,153,201.39,59.72,4.9,537.56,11,21
648,187.58,true,67.41,8621,112.97,player-08763,DEF,36,184,204.08,65.3,4.43,504.63,12,21
388,242.23,true,70.08,4946,115.22,player-08764,MC,36,81,229.93,64.62,4.72,587.38,13,24
600,217.52,true,57.72,8043,112.76,player-08765,MC,36,160,196.23,56.71,5.14,526.51,12,24
426,231.74,true,61.65,5454,112.98,player-08766,DEL,36,90,234.55,64.41,5.34,579.27,12,25
397,249.28,true,58.57,5030,114.76,player-08767,DEF,36,84,222.06,67.52,4.94,586.1,13,25
334,232.24,true,67.2,4289,114.8,player-08768,MC,36,60,250.85,79.27,4.49,597.89,13,23
418,222.59,true,69.91,5327,113.18,player-08769,DEL,36,89,245.33,69.6,4.49,581.1,13,23
631,221.25,true,54.68,8449,112.65,player-08770,DEF,36,174,178.71,50.5,4.69,512.61,12,22
273,188.53,true,71.65,7739,123.13,player-08771,POR,50,140,223.83,69.73,7.18,535.49,15,29
13,221.1,true,87.49,476,122.38,player-08772,DEF,50,11,337.51,99,5.14,680.98,13,26
314,187.18,true,69.47,8821,120.75,player-08773,DEF,50,160,184.76,58.48,4.58,492.69,15,27
52,227.87,true,81.58,1617,119.7,player-08774,MC,50,34,298.51,84.45,7.66,646.08,12,25
8,240.88,true,85.25,321,124.3,player-08775,MC,50,6,323.95,91.72,3.89,689.14,15,24
18,238.39,true,85.03,821,121.82,player-08776,DEL,50,14,307.06,89.73,3.47,667.27,14,21
138,220.77,true,82.44,3851,121.49,player-08777,DEF,50,76,263.06,79.99,5.69,605.32,13,25
233,204.82,true,73.76,6748,120.89,player-08778,MC,50,123,230.55,71.07,7.38,556.27,14,28
180,198.19,true,73.38,5239,122.43,player-08779,DEL,50,98,261.95,75.64,6.46,582.57,15,25
213,223.48,true,66.48,6245,123.97,player-08780,DEF,50,112,218.09,63.39,6.44,565.54,14,23
910,220.24,true,72.53,3867,119.31,player-08781,POR,04,43,265.56,72.72,3.47,605.11,16,24
643,237.55,true,83.74,2475,119.91,player-08782,DEF,04,32,271.91,81.82,2.8,629.38,14,19
963,205.23,true,85.05,4169,118.75,player-08783,DEF,04,50,275.97,83.35,3.47,599.95,14,21
658,203.71,true,78.56,2519,123.79,player-08784,MC,04,33,300.96,84.43,2.04,628.45,17,21
827,213.2,true,76.62,3392,120.89,player-08785,MC,04,41,278.72,75.17,3.47,612.81,16,24
480,218.35,true,80.37,1830,122.14,player-08786,DEL,04,23,301.24,85.19,2.32,641.73,15,19
1320,198.52,true,72.53,6041,114.98,player-08787,DEF,04,68,255.7,72.45,3.47,569.2,12,18
927,187.46,true,86.71,3964,123.17,player-08788,MC,04,45,292.96,86.33,1.81,603.59,16,19
,187.94,false,77.81,,121.4,player-08789,DEL,04,,241.38,77.7,3,550.72,15,21
1611,186.45,true,76.68,7622,118.51,player-08790,DEF,04,90,233.87,69.47,3.14,538.83,14,20
53,207.94,true,81.34,3022,116.68,player-08791,POR,06,16,294.28,83.24,5.54,618.91,13,24
34,250.1,true,74.85,2137,114.88,player-08792,DEF,06,11,270.81,77.45,5.14,635.79,14,28
71,244.35,true,75.36,3773,112.73,player-08793,DEF,06,26,249.53,71.98,4.54,606.61,14,25
64,234.06,true,75.78,3379,113.73,player-08794,MC,06,22,265.29,81.75,5.14,613.07,13,26
63,225.3,true,75.74,3333,114.8,player-08795,MC,06,21,273.81,81.14,5.51,613.91,14,26
101,246.2,true,66.6,5200,114.29,player-08796,DEL,06,40,222.9,62.91,5.54,583.4,12,22
128,227.42,true,67.01,6673,116.05,player-08797,DEF,06,53,214,63.96,4.87,557.48,14,23
73,222.31,true,77.49,3972,114.5,player-08798,MC,06,28,266.7,73.24,5.32,603.52,14,25
26,239.98,true,82.8,1634,111.62,player-08799,DEL,06,9,294.11,81.33,6,645.7,11,22
80,211.78,true,79.37,4143,116.16,player-08800,DEF,06,31,272.41,75.71,4.89,600.35,15,25
191,242.39,true,68.93,5656,113.05,player-08801,POR,44,50,220.62,64.65,6.79,576.06,13,24
123,217.38,true,74.68,3495,114.29,player-08802,DEF,44,34,279.57,76.44,7.65,611.24,13,24
177,232.87,true,76.72,5155,117.2,player-08803,DEF,44,43,234.02,66.24,4.59,584.09,13,20
268,220.32,true,64.12,7583,111.74,player-08804,MC,44,78,208.02,60.5,8.29,540.08,12,25
121,257.36,true,60.6,3431,117.18,player-08805,MC,44,32,237.77,75.03,5.52,612.3,13,22
56,227.79,true,79.52,1729,117.13,player-08806,DEL,44,13,298.86,81.54,6.37,643.77,13,22
206,208.25,true,66.54,6045,114.74,player-08807,DEF,44,55,246.1,70.7,7.14,569.09,14,24
287,191.28,true,59.16,8159,113.11,player-08808,MC,44,87,218.84,63.14,5.74,523.23,12,23
283,196.29,true,57.9,8016,117.64,player-08809,DEL,44,86,213.47,58.62,6.14,527.4,13,21
266,207.65,true,66.87,7545,114.26,player-08810,DEF,44,77,219.06,65.11,6.59,540.97,13,23
79,222.31,true,88.47,1268,119.49,player-08811,POR,13,6,312.27,92.45,3.21,654.07,15,18
254,223.38,true,69.67,4118,119.32,player-08812,DEF,13,52,258.02,71.58,2.44,600.71,15,17
333,206.62,true,80.11,5410,121.26,player-08813,DEF,13,68,252.01,75.66,2.72,579.89,16,19
98,248.12,true,91.72,1654,119.37,player-08814,MC,13,12,277.87,82.74,3.14,645.36,14,17
239,223.46,true,85.35,3905,118.4,player-08815,MC,13,47,262.62,81.72,3.1,604.48,14,17
463,225.17,true,57.5,7429,119.24,player-08816,DEL,13,108,198.97,55.8,3.64,543.38,15,20
54,223.58,true,80.77,899,118.79,player-08817,DEF,13,4,322.46,92.77,3.64,664.83,15,20
278,205.86,true,80.93,4464,115.31,player-08818,MC,13,59,273.9,85.3,2.5,595.06,12,15
450,200.63,true,63.16,7238,118.73,player-08819,DEL,13,106,228.09,63.83,3.3,547.46,15,19
154,211.75,true,94.4,2553,118.61,player-08820,DEF,13,24,297.41,88.36,3.72,627.77,14,18
1190,264.67,true,58.85,5320,117.69,player-08821,POR,14,114,198.85,55.55,3.08,581.21,12,17
1782,249.8,true,44.54,8472,118.18,player-08822,DEF,14,181,143.78,41.93,2.64,511.76,12,16
850,259.47,true,56.89,3509,121.27,player-08823,DEF,14,82,230.28,72.26,3.14,611.02,14,20
941,260.83,true,62.32,4041,118.5,player-08824,MC,14,90,222.9,65.9,4.03,602.24,11,18
888,263.69,true,68.13,3722,121.23,player-08825,MC,14,85,222.37,67.69,3.47,607.29,12,18
1478,232.99,true,64.87,6802,117.73,player-08826,DEL,14,148,204.72,63.24,2.64,555.44,12,16
,242.66,false,58.92,,117.8,player-08827,DEF,14,,224.74,72.59,2.28,585.2,11,14
839,288.67,true,57.11,3440,118.77,player-08828,MC,14,80,204.77,57.61,3.08,612.2,12,17
1197,259.72,true,63.46,5373,120.13,player-08829,DEL,14,116,200.61,61.44,2.49,580.45,13,17
1655,268.86,true,59.6,7805,116.23,player-08830,DEF,14,171,148.81,47.9,2.14,533.9,12,15
163,202.29,true,96.05,2064,123.4,player-08831,POR,32,47,311.6,94.55,1.96,637.3,18,22
77,219.28,true,91.82,973,124.6,player-08832,DEF,32,19,318.56,88.52,1.88,662.43,19,23
101,218.75,true,89.96,1204,123.06,player-08833,DEF,32,25,314.01,91.74,0.83,655.83,18,19
243,194.23,true,78.47,2967,123.99,player-08834,MC,32,72,301.7,82.68,1.5,619.92,19,22
262,201.94,true,80.32,3219,121.7,player-08835,MC,32,80,292.07,81.53,1.09,615.71,19,21
387,228.41,true,70.14,4942,123.99,player-08836,DEL,32,108,235.14,68.04,0.64,587.54,19,20
326,176.04,true,87.83,4102,123.89,player-08837,DEF,32,92,301.04,83.55,2.14,600.97,16,20
145,198.18,true,95.15,1763,124.19,player-08838,MC,32,39,320.86,88.51,2.14,643.23,16,20
266,192.06,true,83.12,3232,122.8,player-08839,DEL,32,81,300.68,84.67,2.04,615.54,17,21
173,194.01,true,89.05,2255,123.92,player-08840,DEF,32,51,315.32,90.49,1.5,633.25,19,22
95,287.18,true,75.04,1526,123.15,player-08841,POR,35,78,237.51,69,3.47,647.84,18,27
140,243.6,true,80.96,2274,123.42,player-08842,DEF,35,111,265.84,77.22,3.47,632.85,16,24
253,298.49,true,75.64,4241,123.38,player-08843,DEF,35,188,176.85,54.22,3.18,598.72,16,23
36,278.01,true,64.43,672,122.91,player-08844,MC,35,29,271.88,83.5,2.94,672.8,18,25
73,280.04,true,75,1253,122.64,player-08845,MC,35,59,251.88,73.55,3.71,654.56,18,28
111,271.72,true,66.06,1893,122.88,player-08846,DEL,35,92,245.98,66.34,2.64,640.58,18,24
54,278.81,true,72.06,896,123.87,player-08847,DEF,35,44,262.27,72.27,2.14,664.96,20,25
96,285.69,true,61.99,1546,122.94,player-08848,MC,35,79,238.94,64.68,3.47,647.57,16,24
330,275.18,true,64.75,5529,125.41,player-08849,DEL,35,242,177.66,53.12,3.06,578.25,17,24
39,293.68,true,69.78,699,122.43,player-08850,DEF,35,32,255.54,68.92,3.62,671.65,15,23
104,226.9,true,64.31,5863,114.71,player-08851,POR,31,104,230.88,62.74,3.95,572.5,13,21
51,240.49,true,73.96,2795,117.26,player-08852,DEF,31,51,265.04,73.26,3.82,622.79,12,19
75,217.97,true,72.86,4112,116.86,player-08853,DEF,31,75,265.95,72.27,4.49,600.79,13,23
136,220.47,true,63.77,7411,114.5,player-08854,MC,31,136,208.8,58.34,5.14,543.77,11,22
67,241.78,true,71.41,3621,116.94,player-08855,MC,31,67,250.14,72.77,4.14,608.85,12,20
106,225.24,true,62.57,5940,114.96,player-08856,DEL,31,106,230.81,62.72,3.3,571.01,13,19
32,229.58,true,87.27,1972,115.88,player-08857,DEF,31,32,293.74,85.04,3.89,639.2,12,19
100,225.74,true,67.54,5706,118.46,player-08858,MC,31,100,230.89,66.53,4.05,575.09,14,23
58,228.66,true,72.04,3296,116.07,player-08859,DEL,31,58,269.73,78.06,4.23,614.46,13,22
161,239.34,true,56.07,8636,117.91,player-08860,DEF,31,161,146.53,44.35,3.47,503.78,12,18
299,220.21,true,76.4,2879,124.31,player-08861,POR,08,142,277.05,75.59,2.77,621.57,14,19
328,229.37,true,85.13,3128,119.22,player-08862,DEF,08,154,268.59,79.53,2.81,617.19,11,15
599,207.14,true,91.29,5433,123.3,player-08863,DEF,08,271,249.13,77.24,2.49,579.57,13,17
481,232.18,true,73.58,4519,121.2,player-08864,MC,08,219,240.95,71.82,2.14,594.33,12,15
292,236.06,true,73.58,2813,123.8,player-08865,MC,08,140,262.69,72.36,2.77,622.55,14,19
520,215.59,true,79.31,4831,122.02,player-08866,DEL,08,234,251.91,74.69,2.64,589.52,12,16
,225,false,83.84,,122.33,player-08867,DEF,08,,263.96,80.98,1,611.29,12,13
435,228.75,true,76.32,4092,123.59,player-08868,MC,08,196,248.83,76.11,2.01,601.17,13,16
901,202.48,true,74.6,8370,123.42,player-08869,DEL,08,396,189.85,58.19,3.3,515.76,13,19
497,234.25,true,63.38,4655,122.45,player-08870,DEF,08,223,235.44,67.22,3.3,592.14,13,19
,163.83,false,71.03,,116.15,player-08871,POR,36,,237.69,69.92,1.57,517.66,12,14
,138.9,false,74.08,,115.4,player-08872,DEF,36,,256.1,81.23,1.94,510.4,10,12
,167.1,false,66.43,,116.01,player-08873,DEF,36,,247.76,73.27,2.45,530.87,10,13
669,143.05,true,74.57,8969,118.96,player-08874,MC,36,195,218.85,68.18,2.01,480.87,13,16
663,144.16,true,67.87,8841,118.96,player-08875,MC,36,192,228.19,68.85,1.47,491.3,13,15
681,168.3,true,61.45,9132,117.1,player-08876,DEL,36,202,174.1,53.03,3.43,459.49,12,15
,167.38,false,66.69,,116.6,player-08877,DEF,36,,219.29,65.53,3.07,503.27,12,14
,145.45,false,57.65,,114.72,player-08878,MC,36,,187.97,56.57,3.78,448.14,11,14
683,160.75,true,56.26,9187,115.8,player-08879,DEL,36,204,171.55,54.36,3.52,448.1,12,15
,178.02,false,66,,112.84,player-08880,DEF,36,,196.65,63.55,3.95,487.52,10,13
794,199.68,true,81.2,7314,111.8,player-08881,POR,43,210,234.53,76.73,5.59,546,10,22
915,207.87,true,59.57,8513,114.31,player-08882,DEF,43,243,187.98,58.25,4.35,510.16,11,19
460,207.25,true,77.34,4290,110.96,player-08883,DEF,43,112,279.59,81.35,5.42,597.8,9,19
894,200.58,true,79.84,8328,115.83,player-08884,MC,43,237,201.03,64.07,4.9,517.45,11,21
688,218.49,true,67.5,6286,113.45,player-08885,MC,43,175,232.83,71.16,5.14,564.77,10,20
547,237.51,true,67.91,4984,113.49,player-08886,DEL,43,133,235.77,66.89,5.38,586.78,10,21
696,229.65,true,64.12,6401,115.24,player-08887,DEF,43,179,217.61,62.34,4.9,562.5,11,21
525,206.8,true,77.11,4865,115.92,player-08888,MC,43,128,266.15,77.07,5.14,588.87,11,22
807,218.81,true,64.24,7460,116.48,player-08889,DEL,43,214,207.47,62.2,4.64,542.76,11,20
640,214.42,true,69.05,5886,111.48,player-08890,DEF,43,160,246.24,70.73,5.14,572.14,9,18
1700,223.15,true,51.58,8017,116.8,player-08891,POR,21,175,187.43,53.17,4.03,527.37,11,18
1692,210.86,true,62.1,7985,121.76,player-08892,DEF,21,174,195.68,58.29,4.14,528.3,12,20
1880,209.81,true,55.62,9125,122.11,player-08893,DEF,21,185,128.89,39.9,3.32,460.82,15,22
1415,212.79,true,61.15,6504,123.05,player-08894,MC,21,142,224.8,64.14,3.47,560.64,14,21
1364,214.77,true,66.52,6239,117.9,player-08895,MC,21,140,232.99,66.2,4.03,565.66,11,18
1558,223.37,true,60.61,7306,115.15,player-08896,DEL,21,156,207.65,59.35,4.51,546.16,9,16
1604,229.39,true,57.63,7580,120.2,player-08897,DEF,21,162,190.6,58.2,3.47,540.18,12,18
1641,210.89,true,56.16,7736,120.4,player-08898,MC,21,165,204.26,57.49,3.62,535.55,15,23
1887,218.7,true,60.06,9180,122.66,player-08899,DEL,21,186,107.94,34.22,3,449.3,15,21
1653,210.77,true,50.01,7799,121.51,player-08900,DEF,21,169,201.73,59.17,3.64,534.01,13,20
52,219.05,true,94.78,642,118.85,player-08901,POR,15,20,335.75,99,4.02,673.64,19,28
123,227.67,true,83.71,1520,117.33,player-08902,DEF,15,42,302.97,92.26,2.7,647.96,14,18
23,243.3,true,98,238,121.48,player-08903,DEF,15,7,330.07,96.59,3.95,694.85,20,26
61,242.47,true,93.67,767,118.67,player-08904,MC,15,23,308.11,90.51,3.18,669.25,16,23
48,234.87,true,92.36,605,118.84,player-08905,MC,15,18,321.57,93.02,5.28,675.29,17,27
164,222.26,true,98,2081,123.54,player-08906,DEL,15,57,291.13,87.16,2.04,636.93,17,21
19,251.37,true,97.17,204,119.48,player-08907,DEF,15,5,326.79,99,4.9,697.64,16,23
118,215.31,true,93.97,1470,119.58,player-08908,MC,15,39,314.21,91.03,4.54,649.1,19,27
103,195.04,true,98,1245,120.63,player-08909,DEL,15,36,339.06,99,1.22,654.73,17,18
98,219.71,true,98,1183,119.83,player-08910,DEF,15,34,316.85,96.67,3.09,656.39,16,20
1393,194.84,true,75.45,6426,120.94,player-08911,POR,29,292,246.16,68.44,1.72,561.94,16,19
1235,211.8,true,81.44,5568,119.29,player-08912,DEF,29,270,246.39,74.6,1.81,577.47,15,18
,184.72,false,75.82,,116.54,player-08913,DEF,29,,222.25,75.49,2.49,523.51,13,17
1493,186.65,true,70.6,6872,117.35,player-08914,MC,29,298,249.88,71.84,3.08,553.88,12,17
1461,172.72,true,72.69,6738,117.84,player-08915,MC,29,297,265.85,74.6,2.77,556.41,14,19
638,201.25,true,87.94,2447,120.36,player-08916,DEL,29,153,308.26,97.56,1.96,629.88,16,19
1525,187.43,true,73.44,7082,118.67,player-08917,DEF,29,301,244.37,69.27,2.36,550.47,14,18
979,178.15,true,88.24,4240,117.79,player-08918,MC,29,218,302.83,96.4,2.6,598.76,13,15
,200.86,false,98,,118.27,player-08919,DEL,29,,325.17,99,2.42,644.3,13,14
984,204.87,true,83.06,4265,118.41,player-08920,DEF,29,219,275.06,83.9,2.07,598.35,14,17
539,258.75,true,63.45,5419,107.67,player-08921,POR,12,110,213.4,57.99,5.14,579.83,15,30
306,259.28,true,70.09,3141,114.37,player-08922,DEF,12,61,243.32,66.12,5.48,616.97,15,28
16,307.27,true,83.57,180,110.51,player-08923,DEF,12,1,282.92,79.66,5.14,700.71,14,28
309,285.92,true,60.57,3169,112.02,player-08924,MC,12,63,218.63,66.14,4.97,616.58,15,29
274,279.88,true,61.58,2871,115.64,player-08925,MC,12,54,226.2,63.82,5.67,621.72,14,27
123,291.84,true,61.23,1291,113.46,player-08926,DEL,12,22,248.2,71.38,5.72,653.5,16,32
340,310.68,true,63.15,3479,112.43,player-08927,DEF,12,69,188.47,56.66,5.45,611.58,15,32
368,288.59,true,53.99,3749,111.68,player-08928,MC,12,77,206.7,60.41,5.66,606.97,15,29
55,285.47,true,71.43,613,114.54,player-08929,DEL,12,5,274.9,79.37,5.51,674.91,14,26
216,286.22,true,60.21,2256,111.84,player-08930,DEF,12,44,235.16,67.72,5.48,633.22,15,28
120,242.01,true,56.78,6391,116.79,player-08931,POR,06,47,203.96,57.62,5.14,562.76,9,18
166,201.05,true,53.27,8162,118.12,player-08932,DEF,06,75,203.98,60.9,4.43,523.14,12,21
,228.4,false,55.47,,117.67,player-08933,DEF,06,,180.49,54.53,3,526.55,10,14
175,215.13,true,48.12,8654,119.98,player-08934,MC,06,79,167.79,48.24,3.82,502.91,12,19
161,203.55,true,59.11,8075,115.88,player-08935,MC,06,72,206.31,63.36,4.88,525.74,10,19
49,223.05,true,81.91,2991,119.95,player-08936,DEL,06,14,276.58,90.01,4.49,619.59,11,19
168,217,true,62.81,8304,114.03,player-08937,DEF,06,76,187.4,58.89,4.85,518.43,9,17
124,222.43,true,74.17,6495,115.74,player-08938,MC,06,51,222.62,65.75,3.89,560.79,10,16
182,198.06,true,61.93,8995,117.46,player-08939,DEL,06,84,162.8,50.95,3.67,478.33,11,17
165,223.11,true,52.82,8148,119.23,player-08940,DEF,06,74,181.19,55.64,3.67,523.53,11,17
105,237,true,82.8,1719,122.03,player-08941,POR,35,87,284.91,87.43,2.22,643.94,19,24
112,241.23,true,78.85,1946,120.18,player-08942,DEF,35,93,278.36,83.07,2.04,639.77,17,21
87,256.35,true,63.89,1460,121.67,player-08943,DEF,35,71,271.29,82.7,1.88,649.31,19,23
51,224.27,true,90.71,869,122.85,player-08944,MC,35,41,318.62,95.3,1.14,665.73,18,20
11,254.23,true,88.69,126,120.41,player-08945,MC,35,11,331.75,95.73,2.36,706.39,21,27
76,234.57,true,82.87,1300,124.52,player-08946,DEL,35,62,294.31,85.87,1.09,653.4,19,21
31,235.04,true,79.22,540,122.69,player-08947,DEF,35,26,319.93,99,1.5,677.66,19,22
108,231.14,true,83.82,1820,120.42,player-08948,MC,35,90,290.36,85.2,2.04,641.92,17,21
232,243.79,true,78.53,3898,119.31,player-08949,DEL,35,175,241.53,70.58,2.75,604.63,17,23
347,238.61,true,61.98,5879,121.53,player-08950,DEF,35,256,212.07,61.59,2.25,572.21,15,19
,245.3,false,77.41,,108.72,player-08951,POR,06,,224.15,71.13,6.26,578.18,7,13
,233.3,false,75.86,,111.39,player-08952,DEF,06,,237,73.86,5.81,581.69,8,14
,209.28,false,49.71,,108.63,player-08953,DEF,06,,178.48,54.61,5.14,496.4,7,14
,206.63,false,63.61,,112.54,player-08954,MC,06,,213.56,68.38,4.43,532.73,8,14
,198.73,false,70.17,,111.48,player-08955,MC,06,,256.95,74.8,5.93,567.16,8,14
,249.57,false,57.56,,109.83,player-08956,DEL,06,,180.67,59.51,6.64,540.08,7,14
,219.14,false,58.45,,111.57,player-08957,DEF,06,,242.21,81.39,6.69,572.92,8,17
,232.04,false,67.62,,112.35,player-08958,MC,06,,198.6,61.99,5.93,542.99,8,14
,215.28,false,67.81,,108.88,player-08959,DEL,06,,205.2,69.83,6.11,529.36,7,12
,235.8,false,63.19,,105.38,player-08960,DEF,06,,161.99,51.43,5.85,503.16,6,14
243,232,true,73,751,127.93,player-08961,POR,14,33,309.88,99,2.51,669.82,15,19
478,240.55,true,74.06,1824,126.79,player-08962,DEF,14,48,274.47,75.8,3.77,641.81,16,22
613,233.87,true,84.09,2339,125.89,player-08963,DEF,14,58,272.06,87.88,3.7,631.82,14,18
957,237.91,true,77.09,4129,125.96,player-08964,MC,14,93,236.62,70.97,2.36,600.49,14,18
1298,221.37,true,73.91,5897,127.77,player-08965,MC,14,126,222.8,65.41,3.3,571.93,15,19
1362,192.56,true,78.47,6232,127.45,player-08966,DEL,14,134,245.78,73.92,3.1,565.79,14,17
1479,216.12,true,72.22,6811,125.57,player-08967,DEF,14,149,213.62,68.17,3.21,555.31,13,16
1618,179.52,true,63.89,7652,125.26,player-08968,MC,14,168,233.16,69.57,2.14,537.94,12,15
718,213.3,true,71.8,2852,127.92,player-08969,DEL,14,68,280.77,82.76,2.28,621.99,15,19
1290,195.83,true,65.19,5843,126.38,player-08970,DEF,14,123,250.64,71.45,2.49,572.86,13,17
166,254.87,true,78.34,1641,119.88,player-08971,POR,43,38,270.85,85.66,3,645.6,15,21
801,244.59,true,65.01,7393,120.12,player-08972,DEF,43,211,179.4,56.69,3.47,544.11,14,21
632,260.05,true,58.52,5811,120.27,player-08973,DEF,43,158,193.04,52.96,2.77,573.36,14,19
251,235.86,true,73.85,2333,121.11,player-08974,MC,43,50,274.99,76.53,3,631.95,15,21
219,261.19,true,70.56,2028,118.54,player-08975,MC,43,45,258.43,73.24,3.3,638.16,13,19
155,263.33,true,82.96,1572,119.36,player-08976,DEL,43,35,264.46,79.37,2.77,647.15,14,19
20,255.59,true,89.42,200,118.18,player-08977,DEF,43,6,324.37,91.83,2.67,698.14,13,16
,218.03,false,71.57,,117.12,player-08978,MC,43,,250.95,73.99,1.57,586.11,12,14
473,270.64,true,59.45,4427,118.09,player-08979,DEL,43,117,206.79,62.35,1.39,595.53,14,16
740,248.66,true,58.89,6736,121.79,player-08980,DEF,43,195,185.97,58.09,2.14,556.43,16,20
537,160.7,true,64.76,8723,117.46,player-08981,POR,02,133,221.11,63.04,3.47,499.28,14,21
539,158.71,true,60.86,8739,115.63,player-08982,DEF,02,134,223.96,61.62,3.82,498.31,12,19
565,137.09,true,70.48,9066,118.32,player-08983,DEF,02,140,216.3,64,2.92,471.71,13,18
554,164.12,true,56.7,8870,120.34,player-08984,MC,02,137,204.54,63.46,1.81,489,15,18
,166.6,false,69.42,,120.49,player-08985,MC,02,,261.85,70.88,2.64,548.94,15,20
453,163.91,true,86.24,7253,116.68,player-08986,DEL,02,108,266.55,77.44,3.78,547.15,14,22
,181.23,false,70.53,,117.9,player-08987,DEF,02,,221.35,68.5,3.64,520.49,13,20
506,171.24,true,68.85,8143,117.5,player-08988,MC,02,126,234.97,67.22,3.3,523.71,13,19
564,143.4,true,59.83,9049,115.92,player-08989,DEL,02,139,214.88,65.32,3.08,474.2,12,17
462,171.72,true,63.82,7423,116.47,player-08990,DEF,02,112,255.29,69.95,2.92,543.48,13,18
278,264.15,true,97.03,939,120.41,player-08991,POR,29,64,278.84,88.53,2.36,663.4,15,19
316,242.3,true,89.06,1097,122.12,player-08992,DEF,29,72,294.12,87.65,2.52,658.54,16,21
393,229.47,true,88,1406,121.87,player-08993,DEF,29,91,299.24,86.81,2.52,650.59,16,21
51,228.46,true,98,146,119.08,player-08994,MC,29,15,356.45,99,2.14,703.99,16,20
119,237.1,true,94.9,345,122.11,player-08995,MC,29,31,328.39,97.2,2.84,687.6,14,18
41,252.62,true,94.04,121,123.33,player-08996,DEL,29,11,330.96,92.85,2.14,706.91,16,20
117,232.64,true,90.63,342,120.79,player-08997,DEF,29,30,334.33,90.17,3,687.76,15,21
271,242.71,true,84.73,894,121.71,player-08998,MC,29,63,300.57,83.03,3.14,664.99,14,20
20,249.09,true,98,58,119.41,player-08999,DEL,29,5,351.18,99,2.69,719.67,14,17
115,255.72,true,97.31,340,122.05,player-09000,DEF,29,29,310.06,93.8,1.08,687.83,17,18
619,211.4,true,67.41,6191,114.37,player-09001,POR,12,131,240.83,75.44,3.6,566.6,17,26
871,209.22,true,55.32,8779,115.33,player-09002,DEF,12,187,170.74,48.45,2.64,495.29,15,20
847,200.9,true,58.99,8531,109.84,player-09003,DEF,12,178,198.44,54.61,4.14,509.18,15,25
413,233.01,true,70.12,4157,113.72,player-09004,MC,12,86,253.37,73.55,2.87,600.11,16,22
665,217.77,true,71.93,6617,114.69,player-09005,MC,12,142,226.19,63.83,3.06,558.65,17,24
136,242.04,true,71.57,1443,114.24,player-09006,DEL,12,24,293.31,89.27,3.14,649.59,14,20
640,208.76,true,70.16,6375,111.06,player-09007,DEF,12,137,243.26,68.91,4.23,563.07,13,22
828,209.92,true,62.07,8239,113.62,player-09008,MC,12,173,197.35,56.61,3.34,520.88,17,25
720,200.65,true,67.13,7157,112.58,player-09009,DEL,12,150,235.9,65.43,3.6,549.13,17,26
405,243.3,true,64.13,4077,111.9,player-09010,DEF,12,84,246.2,67.61,3.47,601.39,14,21
99,186.72,true,81.12,2766,111.34,player-09011,POR,22,20,325.16,97.84,7.24,623.22,12,28
27,202.14,true,88.01,1076,114.48,player-09012,DEF,22,3,342.82,99,6.51,659.44,14,29
157,166.87,true,93.99,4339,112.66,player-09013,DEF,22,30,317.56,91.78,6.78,597.09,13,28
150,203.78,true,79.89,4211,113.69,player-09014,MC,22,29,281.71,76.55,6.71,599.17,12,24
62,195.45,true,91.9,2029,115.89,player-09015,MC,22,9,326.82,90.27,5.51,638.16,14,24
232,192.34,true,79.13,6671,109.79,player-09016,DEL,22,46,255.35,74.9,7.39,557.49,12,29
89,185.51,true,83.41,2651,114.61,player-09017,DEF,22,17,325.86,94.89,6.78,625.98,13,28
82,191.76,true,91.88,2623,114.46,player-09018,MC,22,15,320.16,90,5.14,626.39,13,26
249,178.74,true,71.22,7103,112.65,player-09019,DEL,22,50,258.69,76.47,7.24,550.07,12,28
65,215.64,true,84.75,2110,111.31,player-09020,DEF,22,10,309.4,91.67,8.35,636.35,13,28
464,240.99,true,56.14,7104,118.9,player-09021,POR,48,268,190.18,57.1,1.25,550.06,16,18
571,236.75,true,48.52,8319,118.89,player-09022,DEF,48,325,162.11,46.23,1.81,517.75,15,18
399,235.65,true,52.61,6133,119.64,player-09023,DEF,48,236,212.19,65.63,1.32,567.48,15,17
417,221.97,true,66.48,6343,117.61,player-09024,MC,48,245,224.04,73.09,0.81,563.62,14,15
,209.28,false,68.48,,111.65,player-09025,MC,48,,182.6,57.2,1.68,503.53,11,13
540,233.89,true,46.97,8035,114.83,player-09026,DEL,48,305,177.89,50.84,1.47,526.61,13,15
560,221.46,true,47.78,8242,119.62,player-09027,DEF,48,316,179.74,54.74,1.64,520.82,17,20
597,232.22,true,46.04,8675,118.92,player-09028,MC,48,343,150.47,43.25,0.14,501.61,15,15
573,239.57,true,46.88,8326,115.93,player-09029,DEL,48,327,162.08,49.08,1.47,517.57,13,15
439,227.77,true,54.44,6846,117.5,player-09030,DEF,48,257,209.32,56.88,1.72,554.59,16,19
399,183.02,true,61.71,9083,116.05,player-09031,POR,28,399,170.33,48.77,4.26,469.4,16,24
104,220.93,true,79.31,2612,117.31,player-09032,DEF,28,104,288.28,79.74,3.84,626.53,17,24
215,187.35,true,72.17,5185,116.92,player-09033,DEF,28,215,279.32,79.58,3.72,583.59,16,22
351,208.49,true,66.59,8007,117.7,player-09034,MC,28,351,201.47,60.03,2.87,527.65,16,22
203,220.46,true,64.3,4990,117.6,player-09035,MC,28,203,248.59,67.29,2.64,586.64,18,24
172,209.76,true,71.92,4275,116.5,player-09036,DEL,28,172,271.94,74.07,3.09,598.19,16,20
118,196.86,true,82.69,2955,118.13,player-09037,DEF,28,118,305.04,89.31,2.87,620.04,16,22
81,222.51,true,82.85,2015,115.98,player-09038,MC,28,81,299.88,81.9,3.62,638.38,15,23
138,219.73,true,74.35,3562,118.33,player-09039,DEL,28,138,271.84,77.91,3.55,609.89,19,26
273,171.03,true,76.77,6607,119.07,player-09040,DEF,28,273,268.71,80.78,3.09,558.81,16,20
608,275.1,true,67.83,2330,120.68,player-09041,POR,29,145,236.17,63.97,1.29,631.96,23,26
1233,263.44,true,57.56,5551,122.72,player-09042,DEF,29,269,191.61,52.8,1.52,577.77,25,29
562,281.62,true,71.97,2143,121.99,player-09043,DEF,29,131,232.02,72.64,1.81,635.63,20,24
1087,274.42,true,60.26,4855,121.25,player-09044,MC,29,239,193.34,54.95,1.86,589.01,24,29
268,286.79,true,65.95,886,120.32,player-09045,MC,29,62,258.1,78.19,1.62,665.22,23,27
215,261.72,true,75.68,676,122.46,player-09046,DEL,29,48,288.49,82.27,1.52,672.66,25,29
625,265.09,true,75.14,2396,121.12,player-09047,DEF,29,149,244.67,73.2,1.39,630.89,21,24
448,263.2,true,71.05,1669,123,player-09048,MC,29,107,258.77,71.74,0.97,644.97,22,24
970,253.54,true,77.12,4191,121.35,player-09049,DEL,29,213,224.58,64.89,0.59,599.47,21,22
801,222.15,true,74.92,3280,124.3,player-09050,DEF,29,183,268.26,79.33,1.09,614.7,19,21
70,263.44,true,73.59,1156,120.25,player-09051,POR,38,14,273.38,82.82,4.69,657.07,12,22
296,231.47,true,71.28,4875,117.54,player-09052,DEF,38,79,239.7,70.53,5.36,588.71,11,23
214,230.52,true,75.39,3569,117.77,player-09053,DEF,38,50,261.44,79.63,5.14,609.73,12,24
123,249.86,true,78,2054,119.67,player-09054,MC,38,25,267.99,74.29,5.14,637.52,12,24
325,236.6,true,71.03,5444,115.95,player-09055,MC,38,87,226.9,66.97,5.14,579.45,10,20
144,225.55,true,85.26,2357,120.12,player-09056,DEL,38,32,285.84,86.3,4.72,631.51,13,24
412,215.14,true,56.25,6924,117.18,player-09057,DEF,38,105,220.63,62.71,5.38,552.95,10,21
396,259.74,true,77.84,6625,117.02,player-09058,MC,38,98,181.71,59,4.9,558.48,11,21
243,261.02,true,70.74,4079,114.9,player-09059,DEL,38,63,225.44,68.4,4.58,601.36,10,18
453,237.67,true,61.98,7672,113.04,player-09060,DEF,38,117,186.68,58.19,5.4,537.39,9,19
261,248.13,true,50.01,6312,121.27,player-09061,POR,28,261,194.94,57.31,4.51,564.34,18,25
309,231.16,true,52.06,7319,119.91,player-09062,DEF,28,309,194.75,56.11,2.52,545.82,16,21
238,261.21,true,50.14,5693,119.9,player-09063,DEF,28,238,194.24,52.6,2.41,575.35,17,22
362,237.03,true,40.16,8225,119.78,player-09064,MC,28,362,164.42,45.68,4.32,521.23,17,23
325,249.52,true,55.56,7610,119.97,player-09065,MC,28,325,169.8,48.8,2.94,539.28,18,25
113,279.81,true,65.52,2864,121.54,player-09066,DEL,28,113,220.47,63.81,2.04,621.82,17,21
283,264.3,true,54.17,6909,120.17,player-09067,DEF,28,283,168.64,49.9,3.89,553.12,18,23
155,256.83,true,60.28,3823,121.25,player-09068,MC,28,155,227.73,63.51,4.32,605.82,17,23
307,242.38,true,68.03,7311,121.87,player-09069,DEL,28,307,181.83,54.68,4.67,546.08,19,27
191,241.51,true,55.29,4744,119.91,player-09070,DEF,28,191,229.26,66.2,3.14,590.67,14,20
113,240.58,true,91.02,325,117.55,player-09071,POR,18,9,330.88,91.19,4.76,689.02,14,26
311,221.62,true,96.66,1075,117.01,player-09072,DEF,18,24,320.82,91.56,4.89,659.46,15,25
156,222.34,true,98,469,119.08,player-09073,DEF,18,14,339.67,94.99,5.28,681.09,17,31
69,231.19,true,98,195,120.76,player-09074,MC,18,6,347.03,99,4.94,698.98,17,29
548,214.69,true,89.16,2096,119.8,player-09075,MC,18,39,302.14,86.56,5.12,636.64,16,28
125,247.81,true,86.84,369,117.56,player-09076,DEL,18,10,320.7,87.5,5.78,686.07,12,23
241,223.1,true,93.75,748,119.85,player-09077,DEF,18,20,326.98,97.14,4.58,669.92,18,29
52,245,true,98,149,118.32,player-09078,MC,18,4,340.59,99,3.89,703.91,15,24
202,227.3,true,93.24,634,118.39,player-09079,DEL,18,18,328.33,97.81,4.56,674.03,17,27
90,223.57,true,96.41,251,118.68,player-09080,DEF,18,8,351.64,96.83,4.89,693.89,15,25
66,227.04,true,88.46,1081,113.12,player-09081,POR,02,16,319.03,96.12,3.47,659.19,14,21
454,229.93,true,70.31,7260,115.31,player-09082,DEF,02,109,201.79,59.88,4.09,547.03,14,20
209,236.95,true,84.08,3398,116.38,player-09083,DEF,02,45,259.39,82.3,3.27,612.72,17,22
160,237.11,true,78.41,2660,113.24,player-09084,MC,02,33,275.3,76.46,4.19,625.65,18,27
250,229.38,true,80.12,4071,115.62,player-09085,MC,02,56,256.54,76.79,2.87,601.54,16,22
205,210.34,true,75.86,3367,114.1,player-09086,DEL,02,43,288.82,80.93,4.29,613.26,16,24
,242.65,false,71.63,,112.6,player-09087,DEF,02,,260.55,70.8,4.52,615.8,16,25
,250.18,false,67.33,,115.72,player-09088,MC,02,,237.66,68.53,2.36,603.56,14,18
46,228.61,true,84.9,794,114.5,player-09089,DEL,02,11,325.15,99,3.47,668.26,14,21
108,248.33,true,79.88,1821,114.53,player-09090,DEF,02,24,279.05,77.43,3.3,641.91,13,19
233,235.78,true,76.11,2482,121.12,player-09091,POR,12,47,272.26,78.76,1.9,629.16,14,17
358,204.2,true,75.37,3669,116.98,player-09092,DEF,12,76,286.92,86.45,4.24,608.1,10,16
475,229.99,true,71.05,4748,121.24,player-09093,DEF,12,95,239.41,68.76,3.14,590.64,14,20
582,210.64,true,80.73,5838,121.28,player-09094,MC,12,122,241.04,73.11,2.49,572.95,13,17
357,205.46,true,76.27,3667,122.63,player-09095,MC,12,75,280.07,83.85,3.14,608.15,14,20
331,235.88,true,68.05,3396,120.54,player-09096,DEL,12,65,256.34,71.74,3.78,612.76,14,22
343,226.11,true,82.65,3499,120.37,player-09097,DEF,12,71,264.71,83.37,3.34,611.2,13,19
601,223.09,true,54.05,6002,120.45,player-09098,MC,12,127,226.33,65.74,2.64,569.87,12,16
382,248.57,true,75.56,3896,121.69,player-09099,DEL,12,79,234.41,70.69,2.64,604.66,12,16
,248.07,false,79.24,,119.37,player-09100,DEF,12,,261.62,85.6,2.03,629.05,12,14
341,268.32,true,57.04,4340,119.32,player-09101,POR,15,103,209.43,60.58,4.16,597.07,17,25
316,255.44,true,58.57,3883,119.16,player-09102,DEF,15,98,230.26,64.87,4.63,604.86,19,31
490,259.74,true,65.86,6330,120.93,player-09103,DEF,15,137,183.32,55.39,4.76,563.99,17,28
292,255.01,true,59.88,3558,120.79,player-09104,MC,15,91,234.22,68.62,4.25,610.02,19,29
84,269.04,true,75.7,1046,120.57,player-09105,MC,15,29,270.52,78.79,4.17,660.13,18,27
246,265.24,true,60.27,2993,123.16,player-09106,DEL,15,80,231.14,63.81,3.93,619.54,18,29
156,294.05,true,80.04,1996,117.7,player-09107,DEF,15,54,226.99,67.35,3.84,638.74,17,27
104,284.48,true,64.82,1255,122.83,player-09108,MC,15,37,247.1,70.25,3.34,654.41,17,25
354,280.92,true,58.69,4484,118.46,player-09109,DEL,15,105,195.37,55.89,3.35,594.74,19,28
324,268.41,true,60.53,4032,120.64,player-09110,DEF,15,101,213.42,57.77,4.81,602.46,18,30
201,232.39,true,67.04,4977,112.56,player-09111,POR,28,201,241.94,66.29,4.14,586.89,12,20
288,216.96,true,65.6,6990,111.1,player-09112,DEF,28,288,223.89,65.09,4.9,551.95,11,21
239,213.6,true,67.06,5713,111.56,player-09113,DEF,28,239,249.71,74.88,4.03,574.86,11,18
373,195.74,true,71.48,8489,112.1,player-09114,MC,28,373,203.27,61.19,3.47,511.11,12,18
229,237.39,true,61.44,5501,113.19,player-09115,MC,28,229,228.04,67.23,3.64,578.63,13,20
367,199.97,true,76.48,8329,113.08,player-09116,DEL,28,367,204.38,65.71,3.82,517.43,12,19
39,244.73,true,87.6,745,113.9,player-09117,DEF,28,39,311.35,99,3.95,669.98,13,21
147,204.3,true,73.44,3700,115.16,player-09118,MC,28,147,288.15,83.83,2.82,607.61,14,19
322,206.85,true,70.42,7559,112.09,player-09119,DEL,28,322,221.77,69.08,3.67,540.71,11,17
354,210.41,true,60.52,8100,109.55,player-09120,DEF,28,354,205.26,64.31,4.58,525.22,10,18
141,247.35,true,54.07,6114,121.63,player-09121,POR,26,141,199.02,54.3,2.77,568,14,19
145,242.51,true,59.14,6548,122.64,player-09122,DEF,26,145,194.6,58.06,1.9,559.76,14,17
166,248.09,true,51.05,7630,117.34,player-09123,DEF,26,166,173.09,48.9,2.14,538.52,12,15
174,256.03,true,45.79,8287,119.24,player-09124,MC,26,174,143.9,42.07,3.08,519.17,12,17
171,247.51,true,46.72,8060,122.63,player-09125,MC,26,171,155.98,47.19,2.25,526.12,15,19
98,256.71,true,70.37,3993,118.84,player-09126,DEL,26,98,227.43,65.59,3.08,602.98,12,17
179,221.14,true,55.21,8423,121.39,player-09127,DEF,26,179,171.67,50.64,2.49,514.2,13,17
159,241.7,true,47.11,7109,118.27,player-09128,MC,26,159,190,54.78,3.26,549.98,11,16
154,239.63,true,52.95,7011,118.74,player-09129,DEL,26,154,193.31,58.35,2.81,551.68,11,15
185,244.66,true,49.19,8613,121.91,player-09130,DEF,26,185,138.34,42.12,2.01,504.91,13,16
225,216.88,true,73.93,3748,122.23,player-09131,POR,02,52,267.87,72.51,2.14,606.99,16,20
302,234.64,true,67.55,4750,119.67,player-09132,DEF,02,71,236.32,67.11,2.77,590.63,14,19
143,216.92,true,82.82,2411,118.6,player-09133,DEF,02,31,295.01,84.36,3.26,630.53,12,17
27,233.67,true,89.01,415,122.36,player-09134,MC,02,7,327.37,93.2,2.41,683.41,17,22
341,198.87,true,70.61,5509,122.21,player-09135,MC,02,81,257.39,72.44,1.64,578.47,17,20
223,229.78,true,72.93,3678,122.7,player-09136,DEL,02,51,255.49,73.49,2.52,607.97,16,21
56,235.65,true,83.94,906,118.71,player-09137,DEF,02,12,310.37,87.18,2.41,664.73,13,16
140,215.73,true,90.99,2351,119.67,player-09138,MC,02,30,296.2,92.42,2.33,631.6,13,15
183,229.18,true,72.14,2988,120.23,player-09139,DEL,02,38,270.23,73.73,2.25,619.64,15,19
351,226.95,true,63.84,5639,120.16,player-09140,DEF,02,83,229.18,64.38,2.87,576.29,16,22
120,215.08,true,84.75,1249,120.01,player-09141,POR,46,52,319.57,91.39,2.04,654.66,17,21
493,227.94,true,74.93,4932,118.25,player-09142,DEF,46,184,241.48,71.43,3.06,587.68,17,24
522,208.72,true,77.1,5311,118.81,player-09143,DEF,46,199,253.92,70.99,2.64,581.45,18,24
740,183.58,true,74.52,7308,118.73,player-09144,MC,46,288,243.82,75.56,2.49,546.12,13,17
716,217.49,true,68.73,7131,118.52,player-09145,MC,46,280,213.56,66.41,3.32,549.56,15,22
277,195.23,true,82.67,2888,119.27,player-09146,DEL,46,110,306.9,85.02,2.84,621.4,14,19
482,226.3,true,63.87,4847,118.04,player-09147,DEF,46,182,244.78,72.46,3.18,589.12,16,23
849,191,true,62.47,8534,118.43,player-09148,MC,46,330,199.68,60.56,1.32,509.11,15,17
873,195.38,true,63.3,8809,118.7,player-09149,DEL,46,336,179.45,54.05,2.64,493.53,15,20
687,206.83,true,66.1,6837,120.42,player-09150,DEF,46,269,227.57,63.75,1.64,554.82,17,20
577,247.83,true,71.64,5224,118.73,player-09151,POR,43,141,216.27,68.88,1.39,582.83,14,16
461,238.74,true,66.74,4295,118.11,player-09152,DEF,43,113,240.86,68.31,2.01,597.71,13,16
94,217.17,true,97.04,900,118.97,player-09153,DEF,43,22,328.64,95.34,2.46,664.79,15,19
470,206.05,true,79.28,4402,116.98,player-09154,MC,43,115,272.96,79.51,1.47,595.99,13,15
114,212.06,true,87.62,1062,119.48,player-09155,MC,43,26,328.22,91.69,1.41,659.76,15,16
595,226.5,true,75.18,5401,118.12,player-09156,DEL,43,146,235.39,71.12,1.32,580.01,15,17
427,198.69,true,81.15,4016,112.95,player-09157,DEF,43,104,291.02,90.82,2.88,602.66,12,15
,186.21,false,97.76,,110.63,player-09158,MC,43,,324.31,94.06,3.8,621.15,10,13
,228.6,false,74.57,,111.24,player-09159,DEL,43,,267.39,81.32,2.39,607.22,11,14
,180.8,false,67.37,,114.84,player-09160,DEF,43,,220.75,73.16,2.01,516.39,13,16
142,247.51,true,66.43,6271,118.54,player-09161,POR,30,142,199.1,57.37,4.98,565.16,16,31
87,234.8,true,65.2,4197,121.09,player-09162,DEF,30,87,243.53,71.32,3.47,599.42,16,24
154,239.26,true,63.88,6676,118.96,player-09163,DEF,30,154,199.21,60.07,4.98,557.43,16,31
178,256.41,true,54.56,7594,118.16,player-09164,MC,30,178,165.17,50.96,4.83,539.74,17,32
84,260.58,true,65.9,4056,114.05,player-09165,MC,30,84,227.33,70.72,5.73,601.96,15,34
170,251.08,true,56.44,7272,114.74,player-09166,DEL,30,170,181.01,55.95,4.58,546.83,15,27
206,246.97,true,46.88,8462,117.12,player-09167,DEF,30,206,148.16,45.07,4.76,512.25,14,26
157,260.33,true,49.56,6774,119.52,player-09168,MC,30,157,175.98,49.15,4.66,555.82,17,31
173,253.79,true,59.37,7403,118.48,player-09169,DEL,30,173,171.65,50.11,5.3,543.92,15,31
190,257.75,true,52.92,7946,116.63,player-09170,DEF,30,190,154.94,45.29,4.28,529.32,17,29
82,232.51,true,84.09,1310,117.8,player-09171,POR,13,7,302.78,87.13,3.06,653.1,17,24
152,195.86,true,92.31,2544,115.78,player-09172,DEF,13,23,316.26,99,3.9,627.91,15,21
88,217.32,true,82.9,1360,118.86,player-09173,DEF,13,10,315.74,89.99,3.32,651.92,15,22
91,251.78,true,77.73,1468,114.87,player-09174,MC,13,11,282.49,77.75,5.12,649.13,14,24
84,228.42,true,82.33,1320,117.54,player-09175,MC,13,8,306.9,86.82,3.94,652.86,15,21
255,239.89,true,83.76,4128,113.56,player-09176,DEL,13,53,247.06,76.89,4.87,600.51,14,23
231,216.85,true,84.29,3800,116.76,player-09177,DEF,13,45,272.55,79.5,4.71,606.16,15,24
303,211.81,true,76.39,4766,119.17,player-09178,MC,13,63,259.47,77.1,3.18,590.45,16,23
486,183.97,true,74.88,7851,114.75,player-09179,DEL,13,115,233.68,67.86,3.08,532.41,12,17
445,214.17,true,76.42,7191,117.91,player-09180,DEF,13,105,216.28,68.35,4.44,548.36,15,23
1002,227.48,true,65.46,4384,112.65,player-09181,POR,04,55,256.14,76.11,4.35,596.27,11,19
1355,249.19,true,57.79,6172,110.27,player-09182,DEF,04,69,207.35,59.51,4.51,566.81,9,16
,248.02,false,76.9,,102.7,player-09183,DEF,04,,223.9,71.99,4.31,574.62,7,12
,218.3,false,65.77,,112.79,player-09184,MC,04,,259.07,85.04,4.17,590.17,10,16
1514,231.14,true,70.26,7009,109.94,player-09185,MC,04,80,210.61,63.27,4.58,551.7,10,18
,219.07,false,75.97,,109.01,player-09186,DEL,04,,281.1,83.21,4.36,609.18,9,15
722,229.36,true,77.29,2890,110.69,player-09187,DEF,04,36,281.31,82.59,4.66,621.36,10,18
,265.88,false,73.67,,105.49,player-09188,MC,04,,239.32,80.6,3.54,610.68,8,12
1094,226.51,true,74.6,4908,112.06,player-09189,DEL,04,59,249.67,76.45,4.58,588.24,10,18
1623,207.39,true,73.31,7668,107.25,player-09190,DEF,04,92,222.89,67.44,5.14,537.53,8,16
,184.97,false,91.54,,121.24,player-09191,POR,46,,263.19,87.96,2.09,569.41,18,20
474,165.01,true,86.25,4726,122.26,player-09192,DEF,46,180,303.72,84.34,1.96,590.99,18,22
142,197.95,true,85.58,1478,123.94,player-09193,DEF,46,59,326.9,88.36,2.4,648.8,22,26
708,213.13,true,65.22,7060,123.52,player-09194,MC,46,277,214.12,63.62,2.78,550.76,21,26
324,211.25,true,77.6,3304,122.59,player-09195,MC,46,131,280.49,80.18,1.14,614.34,18,20
297,181.92,true,85.48,3047,122.32,player-09196,DEL,46,119,314.25,88.62,2.82,618.49,18,22
454,213.7,true,77.35,4545,122.79,player-09197,DEF,46,172,257.45,74.84,1.64,593.94,17,20
662,164.6,true,80.71,6593,122.45,player-09198,MC,46,256,271.98,80.01,1.81,559.02,20,24
386,202.3,true,72.13,3927,123.16,player-09199,DEL,46,154,278.67,81.25,1.57,604.13,18,21
627,147.47,true,81.02,6240,121.58,player-09200,DEF,46,243,296.6,84.4,1.96,565.65,18,22
96,208.61,true,84.19,4410,107.39,player-09201,POR,30,96,279.85,83.61,4.13,595.84,11,18
121,207.31,true,76.07,5506,103.81,player-09202,DEF,30,121,267.42,78.15,4.51,578.53,9,16
,184.09,false,89.73,,107.75,player-09203,DEF,30,,297.72,92.45,4.42,589.56,9,13
169,186.88,true,77.51,7265,103.47,player-09204,MC,30,169,256.57,76.08,5.05,546.92,9,16
113,225.06,true,66.04,5098,109.24,player-09205,MC,30,113,250.72,68.85,4.9,585.01,11,21
24,234.55,true,98,1140,108.34,player-09206,DEL,30,24,314.56,90.83,4.7,657.45,10,17
94,183.02,true,78.53,4389,108.66,player-09207,DEF,30,94,304.5,88,4.46,596.18,11,19
,191.96,false,86.99,,105.29,player-09208,MC,30,,298.51,99,5.14,595.76,10,19
,218.33,false,96.9,,103.06,player-09209,DEL,30,,300.76,99,5.05,622.15,9,13
218,166.22,true,78.11,8972,104.25,player-09210,DEF,30,218,209.93,65.65,4.14,480.41,9,15
293,218.04,true,71.59,7095,106.24,player-09211,POR,28,293,225.93,65.51,5.14,550.22,8,16
274,196.16,true,72.63,6616,109.27,player-09212,DEF,28,274,253.26,74.18,5.4,558.69,9,19
311,198.25,true,71.03,7343,108.42,player-09213,DEF,28,311,238.66,72.7,5.14,545.32,9,18
400,189.59,true,53.68,9142,105.43,player-09214,MC,28,400,162.53,50.26,5.43,457.55,8,17
263,183.27,true,78.16,6359,107.84,player-09215,MC,28,263,272.21,83.24,4.69,563.32,9,16
342,220.21,true,74.19,7865,111.34,player-09216,DEL,28,342,200.53,63.09,3.47,532.09,10,15
338,182.2,true,78.86,7790,108.62,player-09217,DEF,28,338,243.5,75.75,4.85,534.32,9,17
326,167.74,true,71.96,7611,110.78,player-09218,MC,28,326,260.73,73.11,4.58,539.26,10,18
393,198.25,true,71.26,8952,102.05,player-09219,DEL,28,393,182.06,62.51,5.47,482.36,7,15
161,234.28,true,78.41,4057,104.97,player-09220,DEF,28,161,262.66,79.48,4.81,601.91,8,15
349,223.52,true,82.72,3347,116.28,player-09221,POR,17,69,273.76,83.95,3.35,613.56,13,19
332,212.42,true,82.38,3158,118.49,player-09222,DEF,17,66,285.85,84.86,2.69,616.75,13,17
200,212.58,true,92.12,1894,111.59,player-09223,DEF,17,33,316.42,91.38,3.89,640.58,11,16
,211.55,false,73.16,,113.93,player-09224,MC,17,,168.47,59.98,4.55,493.95,10,15
225,206.34,true,86.22,2077,115.53,player-09225,MC,17,41,315.22,92.12,3.58,637.09,12,17
231,211.36,true,86.36,2114,116.95,player-09226,DEL,17,42,308.01,88.4,3.1,636.32,12,16
236,226.86,true,79.78,2161,116.1,player-09227,DEF,17,44,292.3,92.92,3.69,635.25,11,15
,190.69,false,85.1,,116.65,player-09228,MC,17,,313.51,88.29,2.83,620.86,13,17
517,216.89,true,85.53,4793,117.39,player-09229,DEL,17,98,255.76,82.03,2.28,590.04,12,15
823,228.9,true,87.45,7642,113.64,player-09230,DEF,17,147,195.73,62.91,2.81,538.27,11,15
280,230.01,true,80.74,4469,97.62,player-09231,POR,16,17,267.37,79.87,8.14,595,10,28
439,269.93,true,55.69,7034,104.2,player-09232,DEF,16,32,177.16,52.22,6.59,551.29,11,31
428,222.23,true,71.33,6891,104.67,player-09233,DEF,16,31,226.67,70.61,6.35,553.57,11,29
325,255.08,true,63.64,5248,104.67,player-09234,MC,16,23,222.72,66.8,6.44,582.48,10,27
114,242.38,true,82.5,1919,105.89,player-09235,MC,16,7,291.95,82.48,6.57,640.22,10,28
327,239.32,true,70.43,5289,105.76,player-09236,DEL,16,24,236.61,69.18,7.92,581.7,11,29
215,270.66,true,74.18,3528,104.03,player-09237,DEF,16,14,235.95,72.3,8.18,610.64,12,34
321,251.95,true,65.55,5192,105.44,player-09238,MC,16,22,226.09,63.99,5.7,583.48,12,27
136,250.62,true,78.58,2281,105.57,player-09239,DEL,16,8,276.53,80.65,8.16,632.72,11,31
197,252.63,true,82.04,3254,104.94,player-09240,DEF,16,12,257.63,82.87,7.92,615.2,11,29
243,227.39,true,55.42,6921,120.78,player-09241,POR,22,48,204.82,59.86,5.14,552.99,13,26
312,249.56,true,44.15,8814,120.94,player-09242,DEF,22,60,122.76,39.12,6.02,493.26,13,27
129,224.33,true,75.13,3677,120.43,player-09243,DEF,22,24,263.26,79.96,5.09,608.02,13,22
285,235.83,true,57.38,8064,119.07,player-09244,MC,22,55,171.14,50.64,5.81,526.04,14,28
199,235.21,true,63.56,5903,116.24,player-09245,MC,22,40,220.34,68.25,6.09,571.78,10,20
43,261.12,true,72.66,1348,117.01,player-09246,DEL,22,6,274.09,76.17,6.39,652.22,12,27
66,242.68,true,76.78,2118,118.68,player-09247,DEF,22,11,274.84,76.38,6.39,636.21,12,27
218,234.34,true,57.17,6387,120.61,player-09248,MC,22,44,207.89,56.84,4.49,562.84,13,23
140,236.55,true,70.92,3881,117.55,player-09249,DEL,22,28,250.79,74.57,6.76,604.89,10,24
137,250.28,true,69.65,3835,119.75,player-09250,DEF,22,26,235.63,70.47,6.39,605.66,12,27
303,228.55,true,80.34,3111,117.94,player-09251,POR,46,124,270.97,81.32,3.86,617.46,22,32
545,233.29,true,62.23,5452,120.02,player-09252,DEF,46,210,226,61.16,3.58,579.3,19,26
519,208.7,true,65.19,5265,121.3,player-09253,DEF,46,198,252.18,69.41,3.22,582.18,22,29
680,227.52,true,67.29,6799,120.18,player-09254,MC,46,265,207.78,59.68,3.17,555.47,20,26
354,259.43,true,63.55,3646,119.29,player-09255,MC,46,140,229.68,65.08,3.04,608.4,19,24
825,214.84,true,62.23,8215,120.26,player-09256,DEL,46,325,186.31,55.1,3.33,521.42,21,28
659,208.55,true,61.55,6576,120.84,player-09257,DEF,46,255,229.9,62.8,3.04,559.29,19,24
679,199.04,true,62.8,6791,121.93,player-09258,MC,46,264,234.65,69.63,2.06,555.61,21,26
431,227.69,true,70.7,4278,120.19,player-09259,DEL,46,164,250.22,74.62,2.9,598.11,21,29
600,233.4,true,74.08,5977,120.5,player-09260,DEF,46,232,216.35,66.05,2.64,570.25,18,24
810,227.93,true,72.45,7514,111.07,player-09261,POR,43,215,202.57,58.9,5.79,541.57,16,27
715,219.69,true,72.01,6490,110.58,player-09262,DEF,43,189,230.6,67.4,5.31,560.87,16,25
581,234.16,true,69.13,5262,115.46,player-09263,DEF,43,142,232.59,68.51,3.06,582.21,17,24
344,234.53,true,69.58,3288,115.86,player-09264,MC,43,74,264.16,76.86,3.22,614.54,18,26
415,251.79,true,62.01,3930,116.44,player-09265,MC,43,99,235.87,64.92,2.87,604.09,16,22
534,250.53,true,60.13,4911,115.51,player-09266,DEL,43,130,222.14,67.51,3.32,588.18,15,22
878,223.96,true,58.13,8181,118.53,player-09267,DEF,43,235,180.02,53.24,3.62,522.51,17,21
719,266.81,true,63.34,6524,112.11,player-09268,MC,43,190,181.33,55.04,3.6,560.25,17,26
95,250.65,true,84.06,908,118.46,player-09269,DEL,43,23,295.39,80.27,4.75,664.51,16,23
486,257.66,true,70.95,4589,110.47,player-09270,DEF,43,121,225.01,67.77,4.21,593.14,16,27
522,220.98,true,74.47,5821,115.93,player-09271,POR,47,64,236.37,72.59,5.56,573.28,11,24
85,244.59,true,81.64,1276,115.67,player-09272,DEF,47,9,293.66,89.8,4.64,653.92,11,20
279,223.08,true,67.7,3362,116.8,player-09273,DEF,47,32,273.47,81.92,5.33,613.35,13,27
402,252.43,true,59.12,4591,117.93,player-09274,MC,47,53,222.76,61.31,5.52,593.12,12,26
151,236,true,76.37,2170,118.8,player-09275,MC,47,16,280.23,77.53,4.95,635.03,14,27
363,249.93,true,65.09,4263,116.23,player-09276,DEL,47,44,232.2,64.21,4.95,598.36,14,27
246,253.43,true,67.84,3165,115.87,player-09277,DEF,47,26,247.39,73.18,5.74,616.69,11,25
656,241.87,true,53.06,7263,119.58,player-09278,MC,47,88,185.54,52.46,4.05,546.98,14,23
281,262.25,true,61.21,3372,119.43,player-09279,DEL,47,33,231.53,67.77,4.23,613.21,13,22
20,256.98,true,88.59,351,119.35,player-09280,DEF,47,3,311.14,90.31,3.95,687.47,13,21
698,208.54,true,62.17,6918,122.47,player-09281,POR,46,272,222,62.18,1.81,553.02,15,18
853,205.93,true,50.92,8556,123.9,player-09282,DEF,46,331,178.1,48.38,1.64,507.93,17,20
461,199.04,true,65.52,4618,120.62,player-09283,DEF,46,175,273.09,83.28,2.04,592.75,14,17
785,202.94,true,61.92,7756,120.57,player-09284,MC,46,308,211.56,58.91,1.81,535.08,15,18
515,208.84,true,72.73,5170,118.74,player-09285,MC,46,195,256.35,81.62,1.58,583.93,13,15
730,236.47,true,54.67,7224,123.28,player-09286,DEL,46,284,188.02,52.89,1.25,547.77,16,18
885,201.38,true,50.1,8911,123.59,player-09287,DEF,46,341,160.71,46.27,1.32,485.68,15,17
811,211.48,true,62.73,8104,123.97,player-09288,MC,46,322,189.68,54.71,1.19,525.12,17,19
448,215.15,true,70.26,4501,122.95,player-09289,DEL,46,170,256.44,71.23,1.25,594.53,16,18
301,236.12,true,70.53,3097,122.85,player-09290,DEF,46,122,258.63,73.13,1.32,617.6,15,17
175,230.06,true,91.25,532,120.81,player-09291,POR,29,43,327.15,98.79,3.71,678.02,18,28
692,238.18,true,89.63,2720,122.73,player-09292,DEF,29,160,263.31,77.83,2.36,624.22,21,27
173,229.58,true,90.35,524,121.22,player-09293,DEF,29,42,328.07,89.15,3.14,678.88,21,30
332,256.17,true,77.95,1138,118.54,player-09294,MC,29,77,282.79,84.43,3.81,657.5,19,30
473,243.22,true,72.83,1791,120.94,player-09295,MC,29,112,278.3,78.64,2.9,642.46,21,29
772,253.65,true,83.93,3099,121.85,player-09296,DEL,29,176,242.1,75.77,3.1,617.59,19,27
45,236.78,true,91.19,128,121.86,player-09297,DEF,29,13,347.5,94.56,3.24,706.13,20,29
318,237.28,true,85.47,1103,120.59,player-09298,MC,29,73,300.56,89.21,3.35,658.43,19,28
21,247.89,true,97.16,64,121.41,player-09299,DEL,29,6,349.08,99,2.9,718.38,21,29
6,261.43,true,98,14,120.26,player-09300,DEF,29,2,356.21,99,3.24,737.89,20,29
,188.35,false,67.92,,116.42,player-09301,POR,12,,251.91,71.99,2.01,556.69,13,16
844,149.68,true,74.8,8488,116.17,player-09302,DEF,12,176,245.3,74.79,2.81,511.16,11,15
762,173.69,true,78.57,7539,116.26,player-09303,DEF,12,161,251.16,77.29,2.64,541.11,12,16
753,181.1,true,68.75,7445,115.7,player-09304,MC,12,160,246.22,72.09,2.14,543.03,12,15
,235.43,false,88.77,,112.7,player-09305,MC,12,,298.45,92.05,2.3,646.58,11,12
,165.17,false,78.38,,112.86,player-09306,DEL,12,,233.52,74.02,0.97,511.55,11,12
824,180.51,true,71.44,8210,118.14,player-09307,DEF,12,172,222.81,64.14,1.9,521.45,14,17
,147.57,false,77.34,,111.85,player-09308,MC,12,,261.43,81.15,2.38,520.84,11,14
583,141.09,true,92.48,5845,114.19,player-09309,DEL,12,123,317.53,93.06,3.04,572.82,12,15
,140.5,false,82.67,,113.04,player-09310,DEF,12,,287.12,86.78,2.33,540.66,11,13
,206,false,56.65,,115.95,player-09311,POR,27,,152.15,50.69,1.96,474.11,9,11
,203.77,false,53.67,,115.06,player-09312,DEF,27,,197.44,65.44,1.96,516.27,9,11
,207.25,false,64.25,,112.29,player-09313,DEF,27,,192.76,61.65,2.14,512.3,8,10
,186.26,false,50.14,,117.54,player-09314,MC,27,,158.12,52.55,1.96,461.92,9,11
,209.08,false,48.62,,109.53,player-09315,MC,27,,95.83,38.19,0.14,414.45,6,6
,212.56,false,64.17,,116.59,player-09316,DEL,27,,192.73,60.16,1.14,521.88,9,10
,210.95,false,46.25,,112.02,player-09317,DEF,27,,153.55,55.63,1.57,476.52,6,7
,204.07,false,70.39,,114.37,player-09318,MC,27,,207.07,72.21,1.25,525.51,8,9
,193.98,false,55,,111.32,player-09319,DEL,27,,124.37,41.58,1.25,429.68,8,9
,198.5,false,59.45,,102.33,player-09320,DEF,27,,180.88,60.14,1.57,481.71,6,7
1538,177.8,true,75.33,7135,118.47,player-09321,POR,14,154,253.22,73.31,3.64,549.49,13,20
1291,149.47,true,81.97,5848,117.25,player-09322,DEF,14,124,306.09,93.64,4.23,572.81,11,17
1778,138.6,true,70.69,8435,120.99,player-09323,DEF,14,180,253.73,75.62,3.47,513.32,14,21
1881,148.05,true,76.59,9129,121.01,player-09324,MC,14,194,191.19,58.46,2.92,460.25,13,18
1301,187.2,true,69.4,5916,119.35,player-09325,MC,14,128,264.94,72.92,2.92,571.49,13,18
1745,157.85,true,79.17,8272,120.95,player-09326,DEL,14,178,241.24,72.17,2.92,520.03,13,18
1316,146.49,true,83.12,6026,119.89,player-09327,DEF,14,130,303.13,94.68,3.64,569.5,13,20
1567,170.34,true,75.19,7342,116.51,player-09328,MC,14,158,258.47,77.73,2.64,545.33,12,16
1731,179.05,true,69.33,8182,116.07,player-09329,DEL,14,177,227.35,65.34,3.67,522.47,11,17
1724,169.22,true,73.44,8134,122.3,player-09330,DEF,14,174,232.52,69.85,2.77,524.03,14,19
146,240.33,true,80.98,3695,120.02,player-09331,POR,28,146,247.3,70.81,3.42,607.65,20,27
114,223.89,true,80.22,2885,120.81,player-09332,DEF,28,114,276.73,85.76,2.31,621.44,23,27
151,218.83,true,74.48,3783,119.88,player-09333,DEF,28,151,267.72,76.91,1.68,606.43,22,26
353,221.76,true,69.32,8070,116.36,player-09334,MC,28,353,187.74,57.99,2.14,525.86,16,20
139,254.34,true,70.83,3566,118.52,player-09335,MC,28,139,236.94,67.97,2.7,609.8,19,23
130,271.19,true,76.92,3204,117.82,player-09336,DEL,28,130,226.97,68.73,3.13,615.98,18,23
30,264.41,true,81.86,595,118.69,player-09337,DEF,28,30,292.62,83.74,3.01,675.72,19,24
36,227.72,true,91.4,696,117.45,player-09338,MC,28,36,326.67,92.26,1.64,671.84,17,20
45,241.49,true,84.57,871,120.78,player-09339,DEL,28,45,303.32,91.31,2.59,665.59,20,24
119,228.22,true,67.37,2959,120.1,player-09340,DEF,28,119,271.68,77.16,3.42,620.01,20,27
428,215.8,true,76.07,4031,122.83,player-09341,POR,25,50,263.85,74.55,3.17,602.48,18,23
235,191.57,true,93.47,2146,122.12,player-09342,DEF,25,26,321.85,99,4,635.54,16,23
476,216.06,true,76.82,4446,121.49,player-09343,DEF,25,53,257.8,74.23,3.47,595.35,14,21
228,232.55,true,93.23,2093,121.5,player-09344,MC,25,25,282.69,86.02,3,636.75,15,21
800,192.53,true,71.2,7372,123.21,player-09345,MC,25,86,228.98,65.68,3.47,544.71,16,24
265,228.18,true,72.22,2450,121.98,player-09346,DEL,25,32,279.67,76.15,4.12,629.83,17,25
491,205.16,true,75.74,4623,123.28,player-09347,DEF,25,55,264.2,72.72,3.14,592.64,14,20
26,211.63,true,98,240,121.45,player-09348,MC,25,2,361.37,99,3,694.45,15,21
469,198.51,true,75.49,4379,124.31,player-09349,DEL,25,52,273.51,76.73,2.64,596.34,15,20
493,179.64,true,83.65,4633,123.16,player-09350,DEF,25,56,289.76,85.2,4,592.56,16,23
132,187.58,true,98,1392,119.73,player-09351,POR,03,53,343.56,97.06,2.6,650.88,15,15
174,199.13,true,83.58,1785,118.12,player-09352,DEF,03,68,325.29,96.48,2.95,642.55,16,19
198,193.14,true,98,2020,119.01,player-09353,DEF,03,80,326.15,94.16,2.44,638.31,16,17
378,239.02,true,92.31,3836,118.93,player-09354,MC,03,150,247.71,80.32,2.45,605.66,15,17
,212.4,false,91.51,,111.61,player-09355,MC,03,,287.81,95.9,3.59,611.82,11,14
178,215.22,true,98,1818,117.02,player-09356,DEL,03,69,309.72,99,3.4,641.96,14,15
486,205.29,true,98,4878,118.42,player-09357,DEF,03,206,264.96,84.68,2.63,588.67,15,17
290,199.26,true,94.8,2972,117.51,player-09358,MC,03,118,303.08,87.86,3.09,619.86,16,20
60,228.24,true,98,659,118.05,player-09359,DEL,03,22,326.79,99,2.69,673.07,14,17
391,206.52,true,82.73,3968,113.55,player-09360,DEF,03,157,283.48,83.19,2.36,603.55,12,15
225,205.41,true,74.22,3734,125.63,player-09361,POR,35,171,276.17,74.62,1.64,607.21,19,20
340,201.69,true,73.44,5734,121.41,player-09362,DEF,35,250,251.47,76.06,3.13,574.56,18,23
401,188.86,true,76.15,6730,119.5,player-09363,DEF,35,300,248.15,73.59,2.36,556.52,14,18
474,176.69,true,64.75,7998,121.34,player-09364,MC,35,355,229.95,65.1,2.52,527.98,21,25
487,187.37,true,66.37,8255,122.86,player-09365,MC,35,367,210.34,64.37,2.62,520.56,20,24
455,173.47,true,71.7,7690,122.8,player-09366,DEL,35,338,240.61,68.17,3.08,536.88,21,27
399,174.91,true,78.23,6691,120.85,player-09367,DEF,35,299,261.41,82.56,3.69,557.17,18,25
275,164.95,true,89.29,4500,120.77,player-09368,MC,35,202,308.83,89.35,2.89,594.54,20,25
265,201.27,true,73.51,4428,119.56,player-09369,DEL,35,195,274.7,85.8,3,595.53,15,21
503,184.6,true,77.17,8511,122.78,player-09370,DEF,35,377,202.89,64.81,2.31,510.27,18,23
,218.62,false,53.12,,113.86,player-09371,POR,01,,161.04,50.57,1.05,493.53,10,11
537,229.59,true,56.81,8006,116.83,player-09372,DEF,01,109,181.24,53.78,2.14,527.67,12,15
,225.23,false,47.53,,114.36,player-09373,DEF,01,,155.24,49.86,1.81,494.83,10,12
,262.64,false,84.24,,115.31,player-09374,MC,01,,299.96,92.28,1.49,677.91,12,12
546,232.13,true,67.64,8105,119.43,player-09375,MC,01,111,173.48,54.53,1.32,525.05,15,17
,230.83,false,65.69,,115.78,player-09376,DEL,01,,190.69,59.65,0.91,537.3,12,13
,241.41,false,58.88,,117.26,player-09377,DEF,01,,156.68,46.73,1.57,515.34,12,14
,235.68,false,66.34,,113.85,player-09378,MC,01,,222.7,70.56,1.81,572.23,10,12
426,219.98,true,61.19,6458,119.87,player-09379,DEL,01,79,221.58,64.64,1.9,561.43,14,17
,213.25,false,65.54,,117.88,player-09380,DEF,01,,235.72,73.15,1.68,566.85,11,13
471,159.17,true,83.21,5300,114.22,player-09381,POR,47,62,308.15,94.15,4.43,581.54,12,21
587,185.66,true,76.08,6531,115.19,player-09382,DEF,47,75,259.32,78.02,5.14,560.16,12,24
715,163.6,true,77.74,7859,116.44,player-09383,DEF,47,97,252.18,72.7,4.43,532.22,12,21
570,203.09,true,71.13,6302,117.86,player-09384,MC,47,74,243.53,71.1,4.54,564.49,14,25
744,178.27,true,64.2,8212,115.79,player-09385,MC,47,99,227.38,67.41,4.92,521.44,12,23
768,143.81,true,68.01,8491,115.76,player-09386,DEL,47,102,251.45,69.05,4.14,511.02,12,20
789,172.76,true,62.09,8677,112.68,player-09387,DEF,47,103,216.06,60.31,5.56,501.5,11,24
618,169.04,true,72.29,6856,115.92,player-09388,MC,47,82,269.33,73.64,4.9,554.29,11,21
677,171.8,true,72.48,7434,116.17,player-09389,DEL,47,91,255.35,72.25,4.69,543.32,12,22
725,189.97,true,76.12,8027,115.25,player-09390,DEF,47,98,221.58,67.49,3.47,526.8,12,18
155,267.39,true,57.79,2756,121.02,player-09391,POR,48,101,235.03,65.06,2.64,623.44,18,24
265,234.74,true,69.13,4376,120.89,player-09392,DEF,48,164,240.75,68.49,2.54,596.38,19,25
185,238.52,true,70.91,3305,119.67,player-09393,DEF,48,120,256.15,72.88,1.44,614.34,20,23
409,222.83,true,54.91,6280,119.76,player-09394,MC,48,241,222.29,66.71,2.31,564.88,18,23
115,259.85,true,67.13,2092,121.99,player-09395,MC,48,75,254.94,69.01,2.54,636.78,19,25
303,230.63,true,64.64,4951,121.73,player-09396,DEL,48,186,234.84,63.57,2.31,587.21,18,23
304,266.42,true,64.37,4963,118.49,player-09397,DEF,48,187,202.15,59.58,2.77,587.06,14,19
428,235.29,true,55.62,6480,119.34,player-09398,MC,48,251,206.38,61.39,3,561.01,15,21
320,260.55,true,69.43,5112,117.67,player-09399,DEL,48,194,206.53,62.63,3.47,584.75,12,18
351,253.64,true,75.5,5513,116.34,player-09400,DEF,48,210,208.46,62.08,2.92,578.44,13,18
695,181.12,true,82.05,6399,121.97,player-09401,POR,08,316,259.52,74.42,4.42,562.61,14,21
698,143.76,true,81.59,6408,121.77,player-09402,DEF,08,317,296.83,88.32,4.59,562.36,13,20
928,149.46,true,81.1,8759,121.39,player-09403,DEF,08,411,225.91,66.95,4.92,496.76,15,25
633,149.39,true,94.63,5837,122.01,player-09404,MC,08,289,301.57,87.67,4.22,572.97,15,22
578,159.89,true,79.35,5227,119.18,player-09405,MC,08,264,303.65,88.08,4.61,582.71,12,17
603,167.86,true,76.61,5465,121.39,player-09406,DEL,08,275,289.89,84.85,4.71,579.14,15,24
424,169.03,true,98,3974,120.82,player-09407,DEF,08,191,313.65,95.1,4.91,603.5,14,23
,173.28,false,77.42,,118.46,player-09408,MC,08,,244.4,77.36,2.28,536.14,11,14
368,178.15,true,78.65,3508,119.12,player-09409,DEL,08,169,313.78,88.02,3.41,611.04,13,19
966,137.21,true,70.06,9150,117.55,player-09410,DEF,08,427,202.03,61.78,3.67,456.79,11,17
23,215.86,true,91.81,385,120.98,player-09411,POR,37,8,348.13,93.89,2.54,684.97,19,25
196,221.52,true,80.76,2590,118.62,player-09412,DEF,37,56,286.93,81.81,2.41,627.07,17,22
440,223.86,true,71.1,4978,120.59,player-09413,DEF,37,99,242.43,71.15,2.14,586.88,20,25
82,205.45,true,97.65,1232,116.86,player-09414,MC,37,31,332.67,99,2.88,654.98,14,18
76,209.07,true,93.51,1173,118.33,player-09415,MC,37,28,329.27,99,3,656.68,15,21
589,196.55,true,74.08,6555,121.38,player-09416,DEL,37,124,241.65,74.31,2.73,559.58,20,27
40,198.61,true,97.05,623,118.15,player-09417,DEF,37,16,357.77,96.49,2.87,674.53,16,22
131,211.64,true,89.05,1862,121.56,player-09418,MC,37,39,308.05,88.21,2.14,641.25,16,20
396,222.84,true,85.01,4540,121.21,player-09419,DEL,37,88,249.97,73.57,1.5,594.02,19,22
432,230.73,true,83.26,4876,121.84,player-09420,DEF,37,96,236.12,73.15,2.04,588.68,17,21
521,201.34,true,64.49,7820,112.77,player-09421,POR,01,106,219.21,68.36,1.9,533.32,14,17
,186.42,false,75.14,,107.55,player-09422,DEF,01,,233.57,74.73,2.64,527.54,9,12
629,186.79,true,60.33,8964,112.48,player-09423,DEF,01,129,182.2,56.39,1.47,481.48,13,15
,200.31,false,74.39,,113.44,player-09424,MC,01,,209.05,69.38,2.01,522.81,13,16
,223.74,false,67.04,,109.21,player-09425,MC,01,,160.1,50.9,2.28,493.05,11,14
,206.18,false,88.24,,103.74,player-09426,DEL,01,,298.15,93.19,3.26,608.06,10,12
337,195.09,true,82.03,5399,109,player-09427,DEF,01,63,275.95,78.29,2.64,580.04,12,16
,219.29,false,80.58,,106.96,player-09428,MC,01,,275.89,80.2,1.7,602.15,11,13
,231.3,false,82.23,,102.25,player-09429,DEL,01,,241.93,80.31,0.19,575.48,9,9
,218.66,false,84.57,,103.59,player-09430,DEF,01,,264.22,83.29,3,586.47,9,12
173,225.09,true,75.44,2951,120.26,player-09431,POR,38,40,274.72,81.2,5.12,620.08,14,24
152,266.76,true,67.27,2534,118.09,player-09432,DEF,38,36,243.33,66.39,5.12,628.18,14,24
179,270.46,true,64.37,3030,119.39,player-09433,DEF,38,44,228.9,67.09,5.14,618.74,17,30
113,250.81,true,70.48,1966,119.89,player-09434,MC,38,20,268.64,78.22,4.77,639.34,16,26
323,233.25,true,60.18,5418,119.12,player-09435,MC,38,85,227.47,63.93,4.05,579.84,14,23
211,268.63,true,67.04,3488,119.13,player-09436,DEL,38,49,223.54,62.59,5.33,611.3,15,27
260,253.94,true,69.59,4359,119.48,player-09437,DEF,38,69,223.36,65.03,5.33,596.78,15,27
252,248.08,true,57.71,4234,119.24,player-09438,MC,38,65,231.55,68.85,3.77,598.87,14,19
458,233.11,true,59.41,7753,117.97,player-09439,DEL,38,118,184.06,54.36,4.87,535.13,14,23
233,225.17,true,75.51,3922,117.86,player-09440,DEF,38,58,261.23,73.94,4.14,604.25,12,20
318,217.99,true,62.87,3935,122.39,player-09441,POR,32,90,263.66,74.9,2.14,604.05,20,25
303,232.6,true,76.91,3750,123.66,player-09442,DEF,32,88,250.71,70.45,1.44,606.97,20,23
412,184.91,true,81.56,5277,123.18,player-09443,DEF,32,116,273.84,80.82,1.68,581.93,22,26
196,216.22,true,77.76,2512,122.6,player-09444,MC,32,58,289.8,84.56,1.44,628.62,20,23
592,201.83,true,63.22,7897,122.64,player-09445,MC,32,164,206.14,60.12,2.22,530.61,19,24
215,211.33,true,75.62,2681,121.15,player-09446,DEL,32,60,292.7,83.71,2.14,625.19,20,25
134,246.48,true,73.25,1657,121.79,player-09447,DEF,32,36,277.06,75.58,2.52,645.33,16,21
543,236.3,true,61.56,7130,123.84,player-09448,MC,32,151,189.43,55.44,2.04,549.57,17,21
249,232.72,true,78,3009,125.59,player-09449,DEL,32,73,260.93,76.3,1.64,619.24,17,20
227,227.91,true,91.29,2772,123.72,player-09450,DEF,32,64,271.43,80.43,1.26,623.06,16,18
384,229.71,true,70.93,4903,120.12,player-09451,POR,15,112,238.44,72.91,3.81,588.27,19,30
383,218.67,true,82.4,4896,116.43,player-09452,DEF,15,111,253.21,75.44,4.28,588.32,17,29
361,226.35,true,79.23,4613,118.11,player-09453,DEF,15,107,248.36,76.93,4.28,592.83,17,29
198,232.84,true,80.12,2522,118.77,player-09454,MC,15,64,276.82,81.05,4.47,628.43,17,30
585,214.41,true,74.44,7721,116.32,player-09455,MC,15,154,205.26,64.18,3.71,535.99,18,28
330,234.75,true,75.91,4192,116.89,player-09456,DEL,15,102,247.83,74.97,3.99,599.46,16,26
,243.77,false,78.76,,119.22,player-09457,DEF,15,,217.57,70.05,3.6,580.56,17,26
10,254.75,true,90.65,99,116.12,player-09458,MC,15,2,338.81,92.44,4.37,709.68,15,26
100,239.66,true,81.16,1195,117.19,player-09459,DEL,15,35,299.17,86.2,3.84,656.02,17,27
57,242.02,true,93.28,698,114.5,player-09460,DEF,15,21,315.17,93.29,4.58,671.69,15,27
445,258.48,true,74.33,5034,119.58,player-09461,POR,37,100,208.03,61.84,4.76,586.08,14,26
17,259.83,true,85.32,307,117.4,player-09462,DEF,37,6,312.74,91.9,4.76,689.97,14,26
183,263.33,true,81.25,2426,115.48,player-09463,DEF,37,52,251.5,77.2,5.91,630.32,11,26
145,218.67,true,83.12,2056,115.44,player-09464,MC,37,42,303.39,85.88,5.14,637.5,11,22
388,250.29,true,80.6,4477,115.74,player-09465,MC,37,87,228.82,71.32,5.5,594.84,13,28
382,241.89,true,74.65,4441,117.64,player-09466,DEL,37,86,235.89,74.8,5.14,595.42,12,24
209,233.16,true,79.9,2743,116.77,player-09467,DEF,37,60,273.85,79.98,5.14,623.79,12,24
51,287.72,true,80.74,831,120.35,player-09468,MC,37,21,258.96,72.45,3.95,667.03,13,21
30,256.49,true,86.91,465,117.58,player-09469,DEL,37,13,307.21,92.26,5.14,681.28,13,26
172,257.8,true,68.28,2301,118.45,player-09470,DEF,37,51,256.1,72.16,4.31,632.35,14,24
,166.65,false,68.4,,105.47,player-09471,POR,09,,214.95,67.75,1.25,487.08,8,9
,149.77,false,58.5,,107.9,player-09472,DEF,09,,131.11,42.7,1.96,388.78,9,11
,215.35,false,67.58,,108.52,player-09473,DEF,09,,224.84,70.59,1.81,548.7,10,12
,200.74,false,62.22,,105.78,player-09474,MC,09,,132.72,42.74,3.22,439.24,9,13
,174.59,false,62.96,,105.7,player-09475,MC,09,,203.39,63.94,1.14,483.68,9,10
,223.84,false,74.54,,106.66,player-09476,DEL,09,,245.77,74.97,1.96,576.27,9,11
,188.16,false,65.45,,111.11,player-09477,DEF,09,,201.82,65.47,0.97,501.1,11,12
,189.41,false,69.98,,97.43,player-09478,MC,09,,184.5,61.82,3.47,471.34,6,9
,207.58,false,54.61,,98.68,player-09479,DEL,09,,173.17,56.34,2.36,479.44,7,9
,178.98,false,85.63,,106.16,player-09480,DEF,09,,291.39,92.46,4.41,576.53,8,11
,235.58,false,70.26,,111.65,player-09481,POR,28,,203.42,62.91,1.14,550.65,9,10
,213.56,false,74.99,,119.43,player-09482,DEF,28,,263.34,79.85,0.85,596.33,13,14
,236.95,false,69.82,,114.47,player-09483,DEF,28,,209.39,65.82,1.81,560.81,10,12
,219.2,false,76.16,,115.48,player-09484,MC,28,,250.72,81.95,1.19,585.41,11,12
,244.37,false,68.62,,118.11,player-09485,MC,28,,225,67.41,0.14,587.48,11,11
,220.72,false,73.63,,113.85,player-09486,DEL,28,,270.49,87.95,2.03,605.06,10,11
,238.8,false,65.77,,114.73,player-09487,DEF,28,,217.61,71.6,1.68,571.14,11,13
,213.35,false,72.06,,118.09,player-09488,MC,28,,232.31,74.15,1.57,563.75,12,14
,207.74,false,77.32,,114.12,player-09489,DEL,28,,217.3,73.38,1.96,539.16,9,11
,230.97,false,77.42,,116.38,player-09490,DEF,28,,235.76,73.71,0.14,583.11,10,10
,176.75,false,72.97,,117.14,player-09491,POR,14,,241.04,69.91,1.68,534.94,11,13
1065,183.16,true,80.9,4735,116.19,player-09492,DEF,14,103,291.46,81.35,3.83,590.82,13,17
1760,158.7,true,76.73,8357,116.57,player-09493,DEF,14,179,240.86,76.54,2.01,516.13,13,16
1568,184.78,true,67.03,7346,118.11,player-09494,MC,14,159,242.34,71.52,3.56,545.23,14,18
1556,164.01,true,84.59,7285,118.12,player-09495,MC,14,156,264.52,81.22,3.83,546.65,13,17
,186.43,false,70.97,,112.21,player-09496,DEL,14,,211.97,67.21,1.68,510.61,11,13
,181.85,false,65.07,,115.32,player-09497,DEF,14,,195.43,62.83,3.78,492.6,11,14
1822,186.53,true,68.51,8712,118.9,player-09498,MC,14,189,194.32,57.44,2.76,499.75,13,15
1803,163.41,true,68.75,8597,118.67,player-09499,DEL,14,185,223.85,68.3,3.3,505.93,13,16
1820,192.17,true,58.45,8706,116.44,player-09500,DEF,14,188,191.41,58.6,3.3,500.02,13,16
261,251.75,true,86.09,850,112.97,player-09501,POR,23,14,301.73,88.25,2.71,666.46,12,15
1555,234.68,true,62.66,7278,113.92,player-09502,DEF,23,110,198.14,59.28,3.08,546.74,12,17
885,247.31,true,74.03,3715,113.39,player-09503,DEF,23,51,246.74,70.79,2.49,607.43,13,17
1376,219.96,true,62.42,6298,114.94,player-09504,MC,23,92,229.68,65.46,1.9,564.58,14,17
,252.01,false,82.54,,111.42,player-09505,MC,23,,272.69,85.86,1.47,636.13,12,13
,246.52,false,74.82,,111.43,player-09506,DEL,23,,264.33,76.65,1.57,622.28,12,14
434,240.93,true,79.51,1595,115.98,player-09507,DEF,23,22,289.65,81.52,2.1,646.57,13,16
,197.8,false,64.92,,110.62,player-09508,MC,23,,219.38,65.39,1.68,527.8,11,13
,196.26,false,88.1,,112.78,player-09509,DEL,23,,288.58,99,3.45,597.63,12,15
387,214.38,true,89.76,1374,114.02,player-09510,DEF,23,21,323.17,92.85,2.72,651.57,13,16
611,168.76,true,67.48,6756,121.81,player-09511,POR,37,127,265.59,73.39,6.55,556.16,18,31
783,201.05,true,58.05,8626,120.27,player-09512,DEF,37,148,183.08,53.3,6.33,504.4,14,26
306,231.73,true,73.68,3658,120.5,player-09513,DEF,37,77,256.02,71.54,6.91,608.26,15,27
645,190.07,true,73.52,7113,121.29,player-09514,MC,37,130,238.56,72.33,6.17,549.91,18,29
601,188.07,true,67.86,6680,122.07,player-09515,MC,37,126,247.18,73.33,6.19,557.32,16,29
741,187.1,true,71.36,8186,121.86,player-09516,DEL,37,143,213.44,64.28,7.04,522.4,17,32
765,187.13,true,62.57,8458,121.54,player-09517,DEF,37,147,203.72,59,7.1,512.4,15,28
692,213.79,true,65.3,7616,122.43,player-09518,MC,37,136,202.79,59.01,5.04,539,16,24
423,206.62,true,72.66,4809,124.17,player-09519,DEL,37,92,258.99,72.59,4.91,589.78,17,25
794,174.81,true,62.04,8730,123.87,player-09520,DEF,37,149,200.19,59.16,5.17,498.87,17,26
192,192.84,true,97.57,1939,116.2,player-09521,POR,03,75,330.88,93.27,5.52,639.92,13,21
529,171.21,true,91.98,5345,117.08,player-09522,DEF,03,221,292.56,92.32,3.26,580.85,13,18
375,189.84,true,84.11,3815,119.56,player-09523,DEF,03,148,296.54,86.65,3.14,605.94,14,20
180,209.69,true,95.55,1827,116.67,player-09524,MC,03,70,315.43,97.38,4,641.79,11,15
271,184.95,true,98,2832,118.51,player-09525,MC,03,110,318.8,96.93,3.53,622.26,13,19
69,214.1,true,98,762,118.04,player-09526,DEL,03,27,337.31,99,3.03,669.45,14,19
209,227.89,true,95.21,2160,113.53,player-09527,DEF,03,85,293.88,91.97,4.16,635.29,11,17
83,204.97,true,98,888,116.05,player-09528,MC,03,33,344.05,99,4.09,665.06,12,19
172,216.48,true,90.24,1780,116.14,player-09529,DEL,03,67,310.15,85.97,5.8,642.77,13,22
131,212.74,true,91.65,1379,116.31,player-09530,DEF,03,52,322.41,93.1,3.64,651.46,13,20
54,187.66,true,95.32,875,118.15,player-09531,POR,40,10,359.69,98.53,4.69,665.5,12,22
555,202.52,true,80.27,6173,112.41,player-09532,DEF,40,46,251.87,76.11,4.35,566.8,11,19
224,177.59,true,89.48,2947,119.21,player-09533,DEF,40,24,323.34,87.87,3.47,620.15,14,21
193,220.34,true,91.19,2549,118.17,player-09534,MC,40,21,289.3,84.72,3.6,627.81,12,18
659,172.64,true,78.3,7280,115.99,player-09535,MC,40,56,258.1,73.89,4.14,546.73,12,20
716,193.43,true,79.34,7867,118.23,player-09536,DEL,40,66,220.29,68.19,3.26,531.95,11,16
529,200.06,true,80.04,5900,118.48,player-09537,DEF,40,42,253.34,76.59,3.08,571.88,12,17
98,181.47,true,98,1480,118.22,player-09538,MC,40,16,349.08,98.02,3.95,648.77,13,21
658,171.73,true,83.97,7279,115.94,player-09539,DEL,40,55,259.07,77.61,4.64,546.74,11,20
61,192.72,true,93.83,940,118.54,player-09540,DEF,40,12,352.14,97.44,3.78,663.4,14,22
626,194.82,true,56.69,8353,120.57,player-09541,POR,32,173,201.08,56.48,3.3,516.48,13,16
510,198.41,true,62.25,6567,122.39,player-09542,DEF,32,140,238.63,71.63,1.47,559.43,13,15
685,205.77,true,35.13,9203,121.34,player-09543,DEF,32,183,114.38,31.94,3.83,441.49,14,19
629,201.5,true,56.18,8434,119.59,player-09544,MC,32,174,192.28,53.86,2.49,513.37,13,17
680,200.87,true,47.09,9122,118.24,player-09545,MC,32,182,142.3,45.38,3.52,461.41,12,15
,236.97,false,60.44,,119.65,player-09546,DEL,32,,188.34,60.21,2.28,544.97,11,14
560,215.03,true,55.94,7363,120.77,player-09547,DEF,32,156,209.06,61.63,2.19,544.86,14,15
,232.01,false,51.56,,116.97,player-09548,MC,32,,179.27,56,4.38,528.25,10,14
641,201.89,true,55,8557,122.54,player-09549,DEL,32,176,183.47,56.65,2.59,507.9,14,16
,226.4,false,51.72,,115.47,player-09550,DEF,32,,141.45,43.95,3.95,483.32,10,13
,218.29,false,70.67,,110.24,player-09551,POR,29,,216.52,66.82,2.64,545.05,9,12
,201.99,false,73.82,,110.46,player-09552,DEF,29,,181.9,57.96,2.45,494.35,10,13
,207.91,false,71.61,,96.94,player-09553,DEF,29,,202.15,70.13,1.57,507,6,7
,171.03,false,70.44,,105.61,player-09554,MC,29,,207.17,69.18,2.14,483.8,8,10
,204.02,false,85.65,,107.47,player-09555,MC,29,,256.86,84.79,3.46,568.36,8,11
,201.73,false,79.75,,108.31,player-09556,DEL,29,,223.46,69.75,2.64,533.49,9,12
,225.03,false,61.44,,109.16,player-09557,DEF,29,,193.28,58.53,3.71,527.47,9,14
,244.12,false,73.78,,106.85,player-09558,MC,29,,242.89,82.88,1.69,593.85,8,9
,204.84,false,71.98,,107.61,player-09559,DEL,29,,230.35,72.49,2.87,542.8,8,11
,228.14,false,68.79,,109.57,player-09560,DEF,29,,235.97,68.44,3.22,573.68,9,13
73,250.76,true,78.41,919,120.06,player-09561,POR,27,21,293.26,79.69,2.25,664.08,15,19
114,275.39,true,63.77,1367,120.33,player-09562,DEF,27,29,256.07,78.71,1.32,651.79,15,17
322,256.78,true,72.79,4009,122.3,player-09563,DEF,27,76,223.76,64.69,2.14,602.84,16,20
547,258.18,true,64.63,7181,121.44,player-09564,MC,27,111,168.94,51.67,2.25,548.56,15,19
310,234.52,true,70.13,3841,122.67,player-09565,MC,27,73,248.37,72.12,2.04,605.56,17,21
528,226,true,65.25,6888,120.61,player-09566,DEL,27,106,206.99,64.45,1.25,553.61,16,18
174,256.07,true,74.33,2269,122.48,player-09567,DEF,27,42,254.42,75.82,1.64,632.97,17,20
65,248.74,true,80.66,830,121.18,player-09568,MC,27,18,297.12,88.75,3.16,667.04,13,18
399,236.39,true,68.08,5075,123.98,player-09569,DEL,27,89,225.03,66.18,0.14,585.4,16,16
212,239.9,true,74.25,2659,125.31,player-09570,DEF,27,52,260.46,72.41,2.14,625.67,16,20
264,189.19,true,78.47,4423,121.47,player-09571,POR,35,194,284.98,78.26,4.67,595.64,19,27
477,188.3,true,68.48,8021,120.39,player-09572,DEF,35,358,218.33,66,5.17,527.02,17,26
338,196.16,true,73.55,5678,119.37,player-09573,DEF,35,248,260.12,72.45,3.89,575.66,18,23
457,172.49,true,82.66,7728,117.83,player-09574,MC,35,340,245.49,75.22,3.47,535.81,14,21
481,174.84,true,60.86,8095,120.28,player-09575,MC,35,362,230.21,66.94,4.51,525.33,18,25
344,205.05,true,69.99,5832,119.95,player-09576,DEL,35,254,248.06,68.12,3.1,573.06,19,27
313,219.45,true,67.72,5263,121.64,player-09577,DEF,35,230,241.11,73.45,3.98,582.2,17,22
305,198.01,true,83.87,5162,122.01,player-09578,MC,35,223,264.02,78.26,3.79,584.03,19,24
138,227.32,true,76.05,2249,122,player-09579,DEL,35,110,284.12,77.36,2.52,633.43,16,21
439,209.81,true,63.37,7398,120.67,player-09580,DEF,35,327,213.5,64.03,2.41,543.99,17,22
89,250.46,true,62.66,5688,113.09,player-09581,POR,07,89,211.9,62.86,3.89,575.45,10,16
119,207.64,true,73.2,7091,113.03,player-09582,DEF,07,119,229.57,72.75,3.47,550.24,10,15
124,257.71,true,70.76,7249,112.35,player-09583,DEF,07,124,177.14,56.36,3.47,547.21,10,15
,258.46,false,75.43,,108.97,player-09584,MC,07,,238.02,75.42,3.99,605.45,8,13
,226.79,false,54.56,,109.92,player-09585,MC,07,,180.9,61.21,4.14,517.61,9,15
33,268.91,true,80.28,2630,113.17,player-09586,DEL,07,33,244.14,74.48,4.88,626.22,10,19
,240.4,false,53.73,,110.27,player-09587,DEF,07,,140.33,48.19,4.51,491,9,16
110,262.72,true,69.78,6626,110.94,player-09588,MC,07,110,184.82,56.54,4.51,558.48,9,16
15,267.48,true,73.27,1603,111.84,player-09589,DEL,07,15,267.04,77.22,4.14,646.36,9,15
98,232.48,true,76.71,6228,112.54,player-09590,DEF,07,98,220.81,67.23,3.89,565.84,10,16
576,267.44,true,68.77,2181,120.55,player-09591,POR,23,28,246.7,73.8,1.72,634.7,16,19
314,270.93,true,79.32,1090,120.85,player-09592,DEF,23,17,266.92,75,1.32,658.7,15,17
494,248.97,true,66.97,1884,119.92,player-09593,DEF,23,25,271.93,83.45,2.46,640.81,14,18
1014,266.4,true,68.79,4447,116.66,player-09594,MC,23,59,212.25,64.59,2.36,595.32,14,18
936,265.63,true,64.7,4026,115.06,player-09595,MC,23,56,221.82,64.88,1.47,602.51,13,15
857,276.83,true,65.04,3539,117.61,player-09596,DEL,23,47,215.92,64.31,1.9,610.36,14,17
227,264.01,true,80.79,714,119.94,player-09597,DEF,23,12,287.18,87.05,1.78,671.14,14,16
597,234.39,true,78.93,2270,120.74,player-09598,MC,23,32,277.83,78.49,1.47,632.96,13,15
743,247.64,true,78.55,2976,119.93,player-09599,DEL,23,43,252.25,78.55,2.49,619.82,13,17
,229.88,false,76.1,,114.55,player-09600,DEF,23,,258.36,81.85,1.18,602.8,11,12
185,291,true,63.53,3092,120.39,player-09601,POR,38,45,206.33,58.28,2.25,617.73,15,19
59,308.06,true,66.56,950,121.1,player-09602,DEF,38,12,233.92,63.79,2.14,663.08,16,20
116,294.15,true,58.24,1985,119.69,player-09603,DEF,38,22,225.09,62.88,1.39,638.93,14,16
104,285.7,true,65.14,1709,119.76,player-09604,MC,38,18,238.66,66.67,1.39,644.12,14,16
302,301.46,true,52.37,5113,121.18,player-09605,MC,38,81,162.12,46.73,1.25,584.75,16,18
391,250.33,true,59.32,6515,117.82,player-09606,DEL,38,97,192.27,57.74,1.47,560.42,13,15
175,286.65,true,57.07,2986,119.75,player-09607,DEF,38,42,213.28,64.26,2.25,619.68,15,19
19,283.15,true,79.99,334,118.59,player-09608,MC,38,3,286.29,80.88,1.53,688.03,13,15
12,308.11,true,70.5,159,118.77,player-09609,DEL,38,1,276.31,76.41,1.9,703.2,14,17
,274.98,false,67.39,,113.11,player-09610,DEF,38,,237.01,68.74,1.68,625.09,11,13
415,215.9,true,79.68,4692,120.51,player-09611,POR,37,90,255.16,79.72,2.01,591.56,13,16
319,209.57,true,79.93,3802,119.65,player-09612,DEF,37,78,276.93,79.49,2.92,606.15,13,18
297,249.86,true,71.92,3568,120.5,player-09613,DEF,37,73,239.38,72.62,3.26,609.74,11,16
532,210.54,true,75.22,5967,108.9,player-09614,MC,37,116,251.02,76.28,4.14,570.46,9,15
66,206.06,true,91.42,986,115.18,player-09615,MC,37,26,340.75,98.24,4.42,661.99,11,17
723,210.76,true,55.42,8009,116.7,player-09616,DEL,37,138,200.12,55.08,3.82,527.58,12,19
77,242.45,true,82.42,1184,118.33,player-09617,DEF,37,29,295.6,86.34,3.34,656.39,12,17
200,210.52,true,89.22,2618,122.23,player-09618,MC,37,57,293.74,93.5,2.73,626.48,14,18
,262.1,false,95.43,,118.39,player-09619,DEL,37,,346.09,99,3.85,726.58,11,14
201,198.89,true,79.81,2632,121.07,player-09620,DEF,37,58,306.22,89.01,2.28,626.18,14,17
203,210.39,true,58.31,8310,111.55,player-09621,POR,30,203,196.2,55.43,3.47,518.14,10,15
192,218.52,true,61.48,8051,111.43,player-09622,DEF,30,192,196.35,56.85,4.26,526.3,10,17
160,214.73,true,64.77,6881,113.75,player-09623,DEF,30,160,225.33,62.34,4.03,553.81,11,18
213,208.68,true,47.53,8681,114.89,player-09624,MC,30,213,177.69,51.01,3.47,501.27,12,18
64,229.59,true,71.33,2877,110.16,player-09625,MC,30,64,281.9,84.03,4.11,621.64,10,16
88,233.47,true,69.73,4272,111.41,player-09626,DEL,30,88,253.38,71.17,3.89,598.25,10,16
,229.37,false,54.04,,110.84,player-09627,DEF,30,,190.05,57.45,3,530.25,10,14
,224.04,false,70.43,,108.63,player-09628,MC,30,,222.45,69.52,3.22,555.11,9,13
,201.94,false,57.91,,111.63,player-09629,DEL,30,,173.1,54.96,2.64,486.66,9,12
,246.65,false,59.12,,103.96,player-09630,DEF,30,,129.34,43.37,3.47,479.94,8,12
4,236.31,true,87.01,1043,112.84,player-09631,POR,33,4,311.11,94.59,4.02,660.26,12,19
8,236.65,true,94.44,1614,109.97,player-09632,DEF,33,8,299.51,95.33,4.53,646.14,10,15
3,249.26,true,83.02,990,108.15,player-09633,DEF,33,3,304.4,84.91,4.9,661.81,11,21
83,253.26,true,82.42,7683,110.18,player-09634,MC,33,83,173.61,54.57,4.64,537.04,11,20
6,240.93,true,94.14,1423,112.28,player-09635,MC,33,6,296.9,93.44,3.64,650.11,12,17
13,240.06,true,81.07,2016,112.72,player-09636,DEL,33,13,285.58,84.63,3.95,638.35,13,21
7,245.7,true,86.76,1447,112.2,player-09637,DEF,33,7,291.64,87.49,3.68,649.53,12,18
2,254.49,true,83.75,975,110.56,player-09638,MC,33,2,297.35,84.23,4.15,662.4,11,18
27,238.37,true,84.62,3233,113.15,player-09639,DEL,33,27,264,84.91,4.23,615.52,13,22
11,246.27,true,84.45,1896,114.17,player-09640,DEF,33,11,280.14,82.08,3.53,640.57,12,18
560,219.48,true,73.64,5606,124.67,player-09641,POR,03,228,232.7,67.61,3.55,576.85,19,26
193,232.22,true,72.4,1952,123.2,player-09642,DEF,03,76,284.24,77.24,1.72,639.66,16,19
327,222.73,true,71.97,3351,122.74,player-09643,DEF,03,132,268.06,74.86,2.87,613.53,16,22
445,218.46,true,63.37,4463,125.3,player-09644,MC,03,186,251.32,74.46,3.42,595.08,18,24
318,216.11,true,72.73,3247,125.34,player-09645,MC,03,125,273.83,75.36,3.84,615.29,17,24
457,215.64,true,71.18,4565,126.19,player-09646,DEL,03,192,251.73,69.65,3.94,593.56,18,26
213,230.92,true,88.74,2222,122.42,player-09647,DEF,03,86,280.54,85.86,4.09,633.88,17,25
706,199.94,true,79.3,7050,124.28,player-09648,MC,03,283,226.78,69.48,1.64,551,17,20
350,194.11,true,83.04,3614,122.22,player-09649,DEL,03,141,292.67,84.75,3.27,609,17,22
401,186.81,true,79.56,4062,123,player-09650,DEF,03,164,292.04,81.88,1.96,601.84,18,22
633,269.63,true,76.64,2427,119.21,player-09651,POR,21,62,241.46,68.99,3.95,630.3,13,21
533,275.32,true,76.34,2026,121.48,player-09652,DEF,21,54,241.4,72.99,3.47,638.2,14,21
683,260.41,true,75.2,2667,120.75,player-09653,DEF,21,67,244.35,78.92,3.47,625.51,12,18
5,280.37,true,85.08,13,118.8,player-09654,MC,21,3,338.99,95.78,4.04,738.16,12,19
296,271.82,true,81.39,1007,115.08,player-09655,MC,21,34,274.51,78.83,4.58,661.42,10,18
16,263.84,true,90.15,48,118.67,player-09656,DEL,21,6,341.6,93.4,3.95,724.11,13,21
4,277.26,true,90.98,8,121.54,player-09657,DEF,21,2,346.83,98.03,3.47,745.63,14,21
423,279.03,true,83.52,1522,119.58,player-09658,MC,21,41,249.26,76.17,2.49,647.88,13,17
334,259.61,true,72.06,1141,119.39,player-09659,DEL,21,36,278.44,86.35,3.61,657.45,11,16
,237.43,false,71.69,,119.52,player-09660,DEF,21,,255.59,75.55,2.28,612.54,11,14
387,176.64,true,78.21,6431,113.68,player-09661,POR,35,291,271.59,81.4,3.34,561.9,11,16
533,171.7,true,56.93,9149,112.76,player-09662,DEF,35,401,172.55,54.71,5.09,457.01,10,16
527,161.39,true,62.49,9058,114.36,player-09663,DEF,35,397,197.07,60.1,4.46,472.81,11,16
492,189.66,true,66.16,8317,116.95,player-09664,MC,35,370,211.3,65.04,4.21,517.91,12,17
489,173.53,true,69.75,8281,116.33,player-09665,MC,35,368,229.76,68.85,3.98,519.62,13,18
480,193.34,true,66.85,8089,114.78,player-09666,DEL,35,361,217.37,66.86,3.43,525.5,12,15
482,178.55,true,71.89,8150,115.42,player-09667,DEF,35,363,229.46,67.23,3.84,523.43,12,16
,200.43,false,58.19,,113.6,player-09668,MC,35,,213.84,65.92,2.61,527.87,11,12
,221.4,false,65.24,,116.3,player-09669,DEL,35,,243.55,75.94,2.41,581.25,12,13
456,217.23,true,56.21,7720,115.14,player-09670,DEF,35,339,203.63,63.72,3.43,536,12,15
105,256.02,true,73.71,1265,118.69,player-09671,POR,32,27,279.5,83.82,4.54,654.2,14,25
160,217.86,true,84.15,2027,119.45,player-09672,DEF,32,46,300.88,87.63,2.81,638.2,13,17
42,244.82,true,85.33,520,119.57,player-09673,DEF,32,8,314.6,88.32,3.89,678.99,15,24
594,195.38,true,62.95,7924,122.83,player-09674,MC,32,165,211.67,58.7,2.52,529.88,16,21
68,234.73,true,87.95,851,121.7,player-09675,MC,32,16,309.98,87,3.18,666.42,16,23
75,250.45,true,76.22,923,121.85,player-09676,DEL,32,18,291.66,78.66,3.74,663.95,16,25
165,240.86,true,85.85,2083,120.56,player-09677,DEF,32,48,275.5,82.72,3.74,636.92,16,25
133,235.13,true,78.83,1611,119.65,player-09678,MC,32,35,291.43,91.07,3.64,646.21,13,20
181,237.93,true,76.53,2370,118.39,player-09679,DEL,32,54,274.91,85.3,4.05,631.24,14,23
239,234.36,true,75.48,2917,118.1,player-09680,DEF,32,70,268.3,74.66,4.14,620.75,15,25
220,227.99,true,72.81,3624,119.86,player-09681,POR,38,52,260.95,74.95,4.59,608.8,17,27
282,246.48,true,62.46,4651,121.17,player-09682,DEF,38,75,224.65,63.36,4.35,592.3,17,26
,254.83,false,81.31,,118.63,player-09683,DEF,38,,244.55,74.73,4.77,618.01,16,26
117,242.47,true,77.04,2000,121.28,player-09684,MC,38,23,274.82,74.68,4.76,638.57,17,28
251,228.49,true,72.36,4198,122.13,player-09685,MC,38,64,248.78,71.6,3.47,599.4,18,27
254,251.48,true,61.22,4258,121.19,player-09686,DEL,38,66,225.77,65.19,3.78,598.44,14,22
178,239.86,true,73.7,3020,120.69,player-09687,DEF,38,43,258.39,77.08,4.96,618.95,15,25
397,238.65,true,72.89,6645,119.07,player-09688,MC,38,99,200.25,63.74,5.82,557.97,12,23
348,195.5,true,68.39,5884,118.93,player-09689,DEL,38,92,257.72,73.16,4.14,572.15,12,20
404,264.09,true,71.7,6762,119.55,player-09690,DEF,38,102,172.37,54.56,5.54,556.01,14,26
158,211.83,true,74.89,1601,121.18,player-09691,POR,25,18,313.37,91.89,3.46,646.38,13,19
269,204.65,true,82.57,2484,122.83,player-09692,DEF,25,33,301.65,91.69,3.98,629.12,12,19
242,206.98,true,86.56,2259,121.41,player-09693,DEF,25,28,304.79,88.43,3.94,633.19,12,19
616,243.2,true,66.48,5645,123.46,player-09694,MC,25,72,209.59,62.25,3.14,576.26,14,20
508,177.32,true,82.63,4727,121.37,player-09695,MC,25,59,292.26,80.44,3.83,590.96,12,19
588,219.39,true,75.86,5348,120.2,player-09696,DEL,25,68,241.23,69.32,3.3,580.82,13,19
593,205.37,true,69.45,5390,122.73,player-09697,DEF,25,69,252.05,68.77,3.78,580.15,14,22
438,227.93,true,70.99,4125,123.97,player-09698,MC,25,51,248.62,68.4,2.64,600.53,15,20
,194.12,false,82.33,,114.38,player-09699,DEL,25,,269.08,79.18,3.22,577.59,9,13
494,196.58,true,85.71,4634,123.25,player-09700,DEF,25,57,272.74,78.6,2.77,592.56,14,19
1425,200.4,true,68.63,6585,116.61,player-09701,POR,23,98,242.19,72.15,2.14,559.2,12,15
1569,240.34,true,57.03,7347,116.77,player-09702,DEF,23,114,188.08,54.28,2.49,545.19,13,17
1827,199.99,true,61.21,8740,115.33,player-09703,DEF,23,140,182.84,57.28,3.08,498.17,12,17
1551,208.49,true,59.77,7248,115.1,player-09704,MC,23,109,223.64,65.98,2.64,547.23,12,16
1621,218.21,true,67.04,7659,117.28,player-09705,MC,23,120,202.13,59.82,3.3,537.62,13,19
,180.78,false,71.81,,116.7,player-09706,DEL,23,,206.48,66.95,2.28,503.96,11,14
1718,225.79,true,65.1,8093,116.85,player-09707,DEF,23,128,182.72,55.96,3.3,525.36,13,19
,251.64,false,80.58,,110.49,player-09708,MC,23,,254.24,75.14,3,616.37,10,14
,218.91,false,73.11,,112.63,player-09709,DEL,23,,206.89,63.39,3.47,538.42,10,15
1768,206.94,true,71.06,8402,112.98,player-09710,DEF,23,133,194.99,60.77,3.89,514.9,10,16
,263.64,false,33.78,,108.8,player-09711,POR,30,,74.03,25,2.87,446.48,8,11
,237.06,false,41.64,,113.34,player-09712,DEF,30,,161.53,46.19,3.67,511.93,11,17
181,258.96,true,38.8,7678,110.53,player-09713,DEF,30,181,167.67,53.02,3.47,537.16,10,15
,219.63,false,46.39,,112.12,player-09714,MC,30,,150.66,45.16,3.26,482.41,11,16
,256.54,false,32.47,,98.14,player-09715,MC,30,,118.05,36.77,3.14,472.73,7,10
,236.21,false,30.8,,113.98,player-09716,DEL,30,,111.62,34.04,2.45,461.81,10,13
97,261.95,true,53.41,4412,110.82,player-09717,DEF,30,97,223.03,70.63,2.81,595.79,11,15
,244.39,false,40.04,,113.53,player-09718,MC,30,,179.37,58.72,3.47,537.3,12,18
67,245.67,true,53.62,3069,113.75,player-09719,DEL,30,67,258.72,83.32,2.37,618.14,12,15
176,242.91,true,43.05,7534,112.1,player-09720,DEF,30,176,186.22,55.89,3.26,541.23,11,16
,251.47,false,79.61,,108.67,player-09721,POR,26,,219.29,70.63,3.14,579.43,7,10
,223.03,false,88,,103.43,player-09722,DEF,26,,284.29,87.72,5.2,610.75,6,10
,262.3,false,76.23,,98.58,player-09723,DEF,26,,243.31,79.72,4.43,604.2,5,8
,208.42,false,74.12,,96.47,player-09724,MC,26,,165.37,56.14,5.68,470.26,4,8
,248.08,false,87.89,,103.33,player-09725,MC,26,,261.7,86.57,4.26,613.12,6,8
,231.79,false,85.27,,105.12,player-09726,DEL,26,,267.43,84.68,4.78,604.34,6,10
,231.79,false,89.25,,105.12,player-09727,DEF,26,,241.33,80.24,4.17,578.24,6,10
,239.78,false,91.44,,108.24,player-09728,MC,26,,286.47,88.46,4.82,634.49,7,11
,246.08,false,80.76,,109.67,player-09729,DEL,26,,260.51,93,4.33,616.26,7,9
,251.22,false,90.92,,107.7,player-09730,DEF,26,,291.18,91.87,4.16,650.09,7,9
210,190.21,true,93.28,3458,120.65,player-09731,POR,02,46,301.06,89.57,3.18,611.92,16,23
298,210.31,true,73.31,4733,120.22,player-09732,DEF,02,68,260.34,75.53,2.87,590.86,16,22
90,226.95,true,86.55,1393,119.32,player-09733,DEF,02,20,304.54,83.67,3.14,650.82,14,20
557,211.93,true,59.75,8897,116.52,player-09734,MC,02,138,158.46,48.05,4.05,486.91,14,23
322,169.85,true,82.27,5196,120.63,player-09735,MC,02,78,292.97,79.38,3,583.44,15,21
269,185.16,true,77.78,4347,118.56,player-09736,DEL,02,60,293.25,85.08,3.47,596.97,14,21
301,191.7,true,73.94,4743,122.02,player-09737,DEF,02,70,276.99,79.44,2.04,590.71,17,21
412,199.16,true,67.53,6713,121.76,player-09738,MC,02,99,235.78,65.01,2.75,556.71,17,23
185,213.32,true,90.38,3028,116.65,player-09739,DEL,02,39,288.8,90.8,3.77,618.77,12,18
61,204.04,true,89.58,1040,123.33,player-09740,DEF,02,14,333.02,90.15,2.52,660.38,16,21
41,212.98,true,83.32,2314,116.65,player-09741,POR,31,41,302.59,89.83,3.48,632.22,11,15
,193.28,false,86.12,,116.14,player-09742,DEF,31,,218.29,71.05,1.68,527.72,11,13
,225.3,false,79.58,,114.96,player-09743,DEF,31,,236.66,73.43,3,576.92,10,14
,225.69,false,67.83,,116.87,player-09744,MC,31,,245.66,76.23,2.28,588.21,11,14
,228.6,false,73.65,,113.22,player-09745,MC,31,,208.08,67.8,2.64,549.89,9,12
,191.84,false,94.29,,108.7,player-09746,DEL,31,,295.27,99,6.58,595.82,7,13
,179.16,false,92.2,,115.88,player-09747,DEF,31,,301.58,90.47,2.69,596.62,11,13
,195.43,false,92.88,,114.21,player-09748,MC,31,,303.49,96.49,5.57,613.13,8,13
,206.04,false,80.82,,114.32,player-09749,DEL,31,,296.1,91.16,3.87,616.45,9,12
,204.34,false,90.15,,112.32,player-09750,DEF,31,,296.77,95.52,5.18,613.44,8,12
,236.92,false,93.82,,115.56,player-09751,POR,26,,290.15,89.86,4.13,642.63,11,13
,259.49,false,92.41,,118.25,player-09752,DEF,26,,314.3,99,5.01,692.04,11,13
,274.26,false,87.67,,117.1,player-09753,DEF,26,,263.18,79.51,2.61,654.55,11,12
59,259.03,true,75.91,2223,119.91,player-09754,MC,26,59,254.94,74.56,3.21,633.88,13,16
9,245.71,true,95.26,425,115.05,player-09755,MC,26,9,322.23,99,3.68,683,12,16
12,247.27,true,87.84,486,116.86,player-09756,DEL,26,12,316.36,95.14,4.05,680.49,13,16
41,245.87,true,86.67,1602,113.62,player-09757,DEF,26,41,286.89,83.37,3.45,646.37,11,16
6,262.46,true,94.55,376,117.23,player-09758,MC,26,6,305.94,99,4.4,685.63,13,17
4,264.79,true,88.08,346,114.41,player-09759,DEL,26,4,308.41,90.09,4.62,687.6,12,17
43,244.03,true,77.04,1633,113.23,player-09760,DEF,26,43,288.45,81.93,3.37,645.71,11,16
,155.36,false,76.4,,110.99,player-09761,POR,48,,237.91,76.48,1.05,504.27,10,11
,157.29,false,49.26,,110.37,player-09762,DEF,48,,189.08,62.73,1.81,456.74,10,12
,164.16,false,85.08,,114.21,player-09763,DEF,48,,280.04,83.39,1.85,558.4,12,14
,165.34,false,76.83,,110.72,player-09764,MC,48,,192.74,64.28,1.68,468.8,11,13
,114.18,false,63.57,,107.72,player-09765,MC,48,,218.22,63.47,2.45,440.12,10,13
,149.77,false,56.43,,109.35,player-09766,DEL,48,,214.47,69.86,1.81,473.6,10,12
519,154.82,true,80.45,7816,114.84,player-09767,DEF,48,294,263.92,78.42,1.47,533.58,13,15
,167.68,false,83.98,,111.6,player-09768,MC,48,,286.56,83.11,1.98,565.84,11,13
,164.49,false,63.95,,108.5,player-09769,DEL,48,,194.79,60.92,1.68,467.78,11,13
672,148.54,true,67.72,9237,112.55,player-09770,DEF,48,377,163.5,51.18,2.14,424.6,12,15
,212.96,false,85.11,,120.93,player-09771,POR,08,,222.76,76.17,2.64,556.64,12,16
759,206.22,true,73.19,6998,121.81,player-09772,DEF,08,345,223.85,66.85,2.64,551.88,12,16
209,202.19,true,83.17,1950,120.76,player-09773,DEF,08,110,316.73,89.48,2.79,639.68,12,15
,172.41,false,84.27,,120.42,player-09774,MC,08,,292.63,85.34,2.19,585.46,11,13
,205.82,false,84.64,,119.98,player-09775,MC,08,,303.51,86.82,2.85,629.31,11,14
789,196.95,true,71.6,7286,122.28,player-09776,DEL,08,360,227.37,70.26,2.49,546.59,13,17
671,191.73,true,78.15,6106,120.1,player-09777,DEF,08,305,256.27,74.78,2.64,568.1,12,16
,201.62,false,84.02,,115.18,player-09778,MC,08,,262.7,84.42,3.13,579.51,9,12
,208.86,false,86.63,,117.25,player-09779,DEL,08,,261.22,82.73,2.71,587.33,10,13
,206.93,false,85.34,,117.12,player-09780,DEF,08,,312.49,99,4.56,636.54,10,14
121,191.85,true,46.94,9174,110.22,player-09781,POR,33,121,149.01,44.2,5.56,451.07,11,24
112,192.95,true,50.62,8915,112.52,player-09782,DEF,33,112,180.06,51.86,4.72,485.53,13,24
130,196.32,true,30,9245,110.92,player-09783,DEF,33,130,110.14,32,5.14,417.38,11,22
126,191.94,true,35.63,9223,112.16,player-09784,MC,33,126,127.79,35.36,4.94,431.89,13,25
129,183.26,true,44.37,9233,112.51,player-09785,MC,33,129,131.22,39.48,4.94,426.98,13,25
134,187.42,true,30,9257,110.68,player-09786,DEL,33,134,82.14,25,4.69,380.24,12,22
123,184.59,true,53.27,9196,111.04,player-09787,DEF,33,123,149.87,45.42,4.64,445.51,11,20
118,196.11,true,45.26,9134,108.42,player-09788,MC,33,118,154.22,43.43,4.64,458.75,11,20
120,188.84,true,44.62,9171,109.56,player-09789,DEL,33,120,153.36,42.21,5.34,451.76,12,25
133,185.63,true,30,9256,111.68,player-09790,DEF,33,133,83.86,25.55,4.9,381.17,11,21
85,211.6,true,92.1,902,115.16,player-09791,POR,12,12,337.99,97.01,4.31,664.76,14,24
88,240.19,true,86.12,918,115.09,player-09792,DEF,12,14,308.83,85.45,4.37,664.1,15,26
355,234.93,true,62.13,3648,116.87,player-09793,DEF,12,74,256.6,77.11,3.62,608.39,15,23
339,238.48,true,86.55,3469,117.48,player-09794,MC,12,68,255.8,77.02,3.62,611.76,15,23
73,263.97,true,90.27,784,119.26,player-09795,MC,12,8,285.43,89.13,3.47,668.65,14,21
252,258.63,true,68.41,2694,115.21,player-09796,DEL,12,52,251.12,71.48,4.21,624.95,16,27
89,238.6,true,82.3,938,116.17,player-09797,DEF,12,15,308.65,88.4,3.78,663.41,14,22
593,234.46,true,76.27,5943,115.64,player-09798,MC,12,125,220.85,70.78,3.74,570.95,16,25
34,234.36,true,86.06,392,118.89,player-09799,DEL,12,3,331.37,95.41,2.75,684.61,17,23
81,248.96,true,83.55,876,115.42,player-09800,DEF,12,11,301.11,84.55,4.54,665.49,14,25
348,196.03,true,74.14,5488,119.56,player-09801,POR,48,208,263.25,74.79,2.87,578.83,16,22
62,206.64,true,86.61,1267,120.07,player-09802,DEF,48,43,327.37,90.75,2.04,654.08,17,21
575,225.97,true,63.73,8380,118.85,player-09803,DEF,48,329,170.74,49.92,3.18,515.56,16,23
86,181.89,true,92.19,1630,119.81,player-09804,MC,48,54,344.11,95.25,2.83,645.81,19,26
383,216.63,true,75.39,5893,119.01,player-09805,MC,48,229,236.39,73.9,3.18,572.02,16,23
372,215.63,true,64.13,5747,119.34,player-09806,DEL,48,221,239.45,68.77,3.06,574.42,17,24
370,215.5,true,80.08,5710,119.27,player-09807,DEF,48,219,240.18,71.54,2.94,574.95,18,25
315,187.61,true,83.34,5091,118.67,player-09808,MC,48,192,278.82,79.1,2.41,585.09,17,22
248,183.42,true,69.04,4047,118.96,player-09809,DEL,48,155,299.8,89.86,2.08,602.18,15,18
536,183.35,true,69.1,7970,121.97,player-09810,DEF,48,304,223.35,66.92,2.22,528.66,19,24
,174.42,false,47.95,,120.07,player-09811,POR,26,,135.34,44.3,3.95,429.83,13,21
198,175.5,true,50.02,9057,119.62,player-09812,DEF,26,198,177.83,48.42,4.43,472.96,12,21
200,165.08,true,47.55,9139,119.58,player-09813,DEF,26,200,173.21,48.22,4.31,457.87,14,24
,158.41,false,48.81,,120.83,player-09814,MC,26,,163.26,53.36,3.82,442.49,12,19
202,172.62,true,48.68,9188,119.08,player-09815,MC,26,202,156.39,45.36,4.23,448.09,13,22
195,159.48,true,45.07,8993,121.23,player-09816,DEL,26,195,197.77,57.93,3.78,478.49,14,22
182,174.95,true,55.87,8516,120.99,player-09817,DEF,26,182,214.2,65.9,4.23,510.14,13,22
203,167.33,true,53.02,9192,121.69,player-09818,MC,26,203,157.99,44.29,3.64,447.02,13,20
191,154.86,true,57.97,8902,119.31,player-09819,DEL,26,191,212.27,63.92,3.47,486.44,12,18
114,152.62,true,83.6,4488,119.81,player-09820,DEF,26,114,322.3,97.11,4.69,594.72,12,22
579,196.98,true,68.66,6474,122.53,player-09821,POR,37,122,241.66,67.55,3.78,561.17,14,22
265,213.87,true,72.99,3250,120.83,player-09822,DEF,37,66,280.56,76.24,4.72,615.27,13,24
261,208.76,true,81.92,3223,120.83,player-09823,DEF,37,65,286.09,79.35,3.64,615.68,13,20
349,220.36,true,75.16,4090,120.81,player-09824,MC,37,83,260.04,73.66,4.31,601.2,14,24
548,194.56,true,79.07,6137,119.83,player-09825,MC,37,117,253,75.98,4.94,567.39,13,25
519,218.81,true,75.9,5813,122.77,player-09826,DEL,37,115,231.77,66.87,3.32,573.35,15,22
584,204.2,true,67.85,6492,118.34,player-09827,DEF,37,123,238.32,67.8,5.14,560.86,11,22
480,212.49,true,76.82,5411,120.05,player-09828,MC,37,109,247.35,73.89,3.47,579.89,12,18
456,186.14,true,90.87,5138,119.55,player-09829,DEL,37,102,278.65,89.09,4.05,584.34,14,23
273,214.31,true,82.88,3316,121.22,player-09830,DEF,37,69,278.61,80.5,4.43,614.13,12,21
425,254.38,true,60.6,3984,121.17,player-09831,POR,43,103,227.78,65.22,3.06,603.33,17,24
24,258.35,true,83.55,230,119.52,player-09832,DEF,43,8,317.55,88.8,2.27,695.42,14,17
220,267.62,true,71.66,2034,120.48,player-09833,DEF,43,46,249.92,78.01,2.75,638.02,17,23
576,250.51,true,71.26,5222,123.39,player-09834,MC,43,140,208.95,64.32,1.64,582.85,17,20
164,261.7,true,81.47,1628,122.39,player-09835,MC,43,37,261.75,77.13,2.41,645.84,17,22
258,262.93,true,70.9,2389,120.29,player-09836,DEL,43,52,247.72,70.32,3.18,630.95,16,23
386,236.51,true,73.48,3661,121.72,player-09837,DEF,43,90,250,73.02,2.52,608.22,16,21
53,252.29,true,80.67,531,121.96,player-09838,MC,43,14,303.84,87.89,2.14,678.09,16,20
365,270.29,true,72.3,3483,120.04,player-09839,DEL,43,82,221.14,67.59,1.81,611.47,15,18
343,244.65,true,79.1,3284,119.9,player-09840,DEF,43,73,250.09,74.72,2.64,614.63,15,20
291,226.35,true,76.47,2980,119.08,player-09841,POR,46,116,274.33,76.34,3.47,619.77,18,27
79,244.02,true,78.09,838,120.09,player-09842,DEF,46,39,302.68,86.47,2.87,666.78,16,22
349,239.23,true,84.96,3610,120.5,player-09843,DEF,46,138,249.36,73.97,3.06,609.09,17,24
43,254.05,true,86.57,470,119.08,player-09844,MC,46,27,307.96,90.37,3,681.09,15,21
160,243.76,true,81.7,1676,121.64,player-09845,MC,46,64,279.42,77.01,3.35,644.82,19,28
314,221.9,true,72.52,3209,117.51,player-09846,DEL,46,129,276.48,74.84,3.22,615.89,18,26
49,255.71,true,85.86,551,120.99,player-09847,DEF,46,29,300.41,94.38,3.47,677.12,20,30
365,226.69,true,85.14,3711,120.33,player-09848,MC,46,145,260.49,79.5,2.54,607.5,19,25
187,254.96,true,79.84,1882,120.18,player-09849,DEL,46,76,265.71,76.69,3.06,640.85,17,24
59,236.32,true,85.75,651,118.45,player-09850,DEF,46,33,318.57,89.65,2.52,673.34,16,21
8,248.74,true,87.63,246,118.66,player-09851,POR,31,8,326.56,99,4.49,693.95,13,23
10,244.77,true,88.09,305,117.37,player-09852,DEF,31,10,328.11,95.33,5.14,690.25,12,24
9,260.78,true,83.09,294,118.28,player-09853,DEF,31,9,311.95,89.93,5.34,691.01,12,25
25,238.69,true,70.94,1341,117.82,player-09854,MC,31,25,295.81,87.18,4.92,652.32,12,23
5,262.63,true,89.17,162,118.82,player-09855,MC,31,5,321.47,91.71,5.52,702.92,12,26
15,254.19,true,85.28,628,120.59,player-09856,DEL,31,15,299.6,85.77,4.94,674.38,13,25
7,265.68,true,88.31,212,117.98,player-09857,DEF,31,7,313.24,93.9,5.52,696.91,12,26
69,236.82,true,77.27,3808,119.85,player-09858,MC,31,69,249.35,70.63,5.14,606.01,12,24
16,251.14,true,80.35,667,119.66,player-09859,DEL,31,16,302.12,91.48,5.5,672.91,13,28
17,248.78,true,90.86,680,119.79,player-09860,DEF,31,17,303.91,86.47,4.72,672.49,13,24
191,253.51,true,78.02,2530,109.71,player-09861,POR,49,16,265.05,74.88,6.7,628.27,11,32
232,228.7,true,77.62,3057,114.91,player-09862,DEF,49,22,274.73,77.79,6.14,618.34,12,30
406,217.25,true,75.7,4629,115.4,player-09863,DEF,49,40,259.96,82.81,6.07,592.61,11,27
686,235.74,true,68.39,7541,111.63,player-09864,MC,49,66,193.69,59.17,6.14,541.06,10,25
227,229.77,true,75.76,2996,116.24,player-09865,MC,49,19,273.45,80.9,5.52,619.46,12,26
646,256.16,true,65.49,7127,112.26,player-09866,DEL,49,64,181.15,55.69,6.47,549.58,11,30
335,248.54,true,70.17,3926,112.12,player-09867,DEF,49,33,243.51,72.85,6.47,604.17,11,30
524,245.62,true,70.77,5836,116.74,player-09868,MC,49,51,210.64,61.59,5.14,573,12,24
102,257.96,true,83.8,1545,112.81,player-09869,DEL,49,7,276.82,82.5,6.35,647.59,11,29
592,214.27,true,71.36,6598,114.35,player-09870,DEF,49,59,230.36,69.75,5.59,558.97,10,22
,190.4,false,74.63,,112.64,player-09871,POR,13,,245.79,83.95,4.71,548.83,10,14
282,227.4,true,78,4482,115.52,player-09872,DEF,13,60,251.84,74.13,4.46,594.75,11,16
179,219.09,true,77.14,2943,113.76,player-09873,DEF,13,34,287.34,88.19,5.54,620.19,10,16
349,212.59,true,69.13,5612,116.65,player-09874,MC,13,78,247.5,68,4.53,576.74,12,18
434,208.77,true,68.01,6958,116.92,player-09875,MC,13,102,226.69,67.03,5.09,552.38,12,20
339,214.87,true,73.63,5482,117.23,player-09876,DEL,13,72,246.8,69.86,4.46,578.91,11,16
343,206.81,true,72.59,5545,118.98,player-09877,DEF,13,74,252.1,78.15,3.43,577.89,12,15
,211.58,false,78.57,,112.57,player-09878,MC,13,,263.61,82.55,3.16,587.76,10,11
297,219.07,true,74.92,4682,117.67,player-09879,DEL,13,62,254.96,76.37,4.46,591.7,11,16
451,192.23,true,70.22,7250,116.55,player-09880,DEF,13,107,238.4,66.55,4.53,547.18,12,18
,199.96,false,98,,111.04,player-09881,POR,07,,312.91,99,4.28,623.9,10,13
,216.79,false,82.28,,111.39,player-09882,DEF,07,,281.72,81.13,3.09,609.9,10,14
,194.23,false,97.73,,106.4,player-09883,DEF,07,,290.98,99,5.99,591.62,8,14
,237.32,false,98,,106.75,player-09884,MC,07,,309.06,99,5.99,653.13,8,14
,188.11,false,87.8,,106.42,player-09885,MC,07,,296.99,91.12,5.34,591.52,8,14
125,199.5,true,84.11,7330,109.47,player-09886,DEL,07,125,236.56,76.61,4.14,545.52,9,15
,221.64,false,98,,104.59,player-09887,DEF,07,,322.49,99,6.13,648.73,7,11
,206.55,false,90.47,,106.73,player-09888,MC,07,,297.6,92.53,5.19,610.88,8,13
,237.24,false,70.82,,104.34,player-09889,DEL,07,,226.98,71.47,3.99,568.56,8,13
53,210.58,true,90.92,4082,110.82,player-09890,DEF,07,53,279.91,90.93,4.22,601.32,10,15
,248.57,true,77.96,1421,118.87,player-09891,POR,51,17,282.7,77.99,6.11,650.15,14,25
,223.54,true,86.87,2285,117.6,player-09892,DEF,51,31,291.51,85.96,6.53,632.65,14,27
,230.43,true,97.37,1077,119.13,player-09893,DEF,51,13,309.75,91.15,6.29,659.31,13,24
,219.69,true,92.87,1326,117.05,player-09894,MC,51,16,315.92,95.15,6.9,652.66,13,27
,238.35,false,74.7,,115.5,player-09895,MC,51,,189.48,62.19,6.71,543.33,12,24
,225.65,true,90.25,1823,120.1,player-09896,DEL,51,23,296.12,86.91,4.31,641.88,14,24
,193.74,true,76.22,5653,117.27,player-09897,DEF,51,56,265.08,78.49,4.03,576.1,11,18
,249.78,true,82.46,2013,118.31,player-09898,MC,51,26,270.31,77.95,4.69,638.41,12,22
,246.6,true,79.11,2392,117.25,player-09899,DEL,51,33,267.07,77.61,4.14,630.92,12,20
,267.88,false,83.01,,119.01,player-09900,DEF,51,,261.3,85.72,4.43,648.19,12,21
,229.1,false,55.57,,114.83,player-09901,POR,28,,187.45,61.92,3.47,531.38,12,18
291,221.57,true,62.23,7065,117.06,player-09902,DEF,28,291,212.03,60.77,3.14,550.66,14,20
372,184.85,true,58.56,8396,118.77,player-09903,DEF,28,372,211.47,62.48,2.49,515.08,13,17
299,202.38,true,61.51,7201,116.02,player-09904,MC,28,299,229.85,64.09,3.3,548.25,13,19
394,206.49,true,46.23,8981,115.93,player-09905,MC,28,394,157.27,47.24,2.14,479.7,12,15
204,198.93,true,67.28,4994,117.43,player-09906,DEL,28,204,270.18,77.36,2.77,586.54,14,19
378,191.8,true,67.2,8576,118.06,player-09907,DEF,28,378,197.4,56.79,2.49,507.27,13,17
345,228.3,true,56.73,7949,116.55,player-09908,MC,28,345,184.38,52.91,3.14,529.23,14,20
217,200.65,true,68.68,5304,119.48,player-09909,DEL,28,217,261.38,73,2.14,581.5,16,20
387,214.56,true,61.66,8722,115.99,player-09910,DEF,28,387,168.77,49.55,3.95,499.31,13,21
122,256.55,true,69.49,3038,120.09,player-09911,POR,28,122,241.99,69.47,3.18,618.63,16,23
78,228.96,true,74.87,1829,118.85,player-09912,DEF,28,78,293.94,92.6,3.6,641.75,12,17
131,240.45,true,76.38,3242,116.89,player-09913,DEF,28,131,258.03,74.62,3.08,615.38,12,17
120,209.63,true,81.16,2965,120.44,player-09914,MC,28,120,289.87,90.06,2.91,619.95,14,19
219,208.66,true,65.11,5356,119.06,player-09915,MC,28,219,253.03,76.69,3.08,580.74,12,17
91,229.55,true,81.24,2197,121,player-09916,DEL,28,91,283.89,77.96,2.77,634.43,14,19
218,236.9,true,63.6,5341,120.11,player-09917,DEF,28,218,223.93,63.22,2.92,580.95,13,18
35,240.63,true,90.95,695,121.62,player-09918,MC,28,35,309.59,99,2.51,671.85,15,19
141,231.36,true,76.89,3588,119.83,player-09919,DEL,28,141,258.24,75.98,2.14,609.43,12,15
40,247.18,true,84.72,782,119.2,player-09920,DEF,28,40,302.29,89.48,3.18,668.67,13,18
325,193.47,true,76.07,3859,117.57,player-09921,POR,42,40,294.21,82.3,5.48,605.25,14,26
386,200.67,true,74.91,4466,119.1,player-09922,DEF,42,49,275.26,77.96,5.69,595.03,13,25
634,214.81,true,64.34,6986,118.44,player-09923,DEF,42,72,218.75,64.18,5.09,552,16,28
256,203.84,true,83.31,3210,120.25,player-09924,MC,42,29,291.77,78.98,4.37,615.86,14,21
742,193.42,true,66.3,8187,118.32,player-09925,MC,42,79,210.61,61.8,4.89,522.35,15,25
468,212.2,true,73.7,5285,115.88,player-09926,DEL,42,57,253.68,73.64,5.09,581.75,17,30
19,241.64,true,84.84,336,117.62,player-09927,DEF,42,2,328.74,91.99,5.27,688,16,29
486,226.87,true,71.05,5497,118.54,player-09928,MC,42,59,233.27,70.02,3.72,578.68,16,22
801,212.46,true,65.6,8803,115.35,player-09929,DEL,42,82,166.22,54.19,4.03,494.03,11,18
,230.82,false,78.47,,116.76,player-09930,DEF,42,,191.9,62.74,3.99,539.48,16,26
478,201.82,true,62.6,8082,120.52,player-09931,POR,35,359,203.33,56.84,3.78,525.67,13,17
355,216.45,true,68.2,5995,120.63,player-09932,DEF,35,261,232.88,69.35,4.34,569.96,14,20
,206.19,false,68.89,,115.15,player-09933,DEF,35,,202.82,62.6,4.63,524.15,10,14
,211.28,false,66.9,,116.56,player-09934,MC,35,,210.7,65.5,2.28,538.54,11,14
475,196.11,true,57.28,8000,121.68,player-09935,MC,35,356,210.1,60.77,3.76,527.9,15,20
,182.79,false,61.24,,114.36,player-09936,DEL,35,,177.61,59.14,2.45,474.75,10,13
315,228.05,true,66.64,5279,115.07,player-09937,DEF,35,232,238.78,70.81,5.17,581.9,11,17
426,220.66,true,62.55,7226,117.4,player-09938,MC,35,316,209.65,60.35,4.02,547.72,12,16
430,196.23,true,69.87,7295,119.55,player-09939,DEL,35,320,230.54,70.27,3.78,546.32,13,17
524,189.85,true,47.21,8951,114.53,player-09940,DEF,35,395,178.11,54.24,4.76,482.49,11,16
488,178.08,true,64.55,8259,114.36,player-09941,POR,38,121,227.96,68.73,4.58,520.41,10,18
495,181.73,true,56.31,8404,117.72,player-09942,DEF,38,123,215.37,59.95,3.82,514.83,12,19
398,194.8,true,64.82,6681,115.01,player-09943,DEF,38,100,247.49,68.44,4.58,557.31,10,18
534,153.61,true,58.73,9156,108.83,player-09944,MC,38,133,192.34,60.01,5.59,454.78,10,22
498,173.26,true,64.19,8421,114.27,player-09945,MC,38,125,226.7,68.64,4.58,514.23,10,18
532,196.04,true,40.26,9124,117.72,player-09946,DEL,38,132,147.52,41.27,4.64,461.28,11,20
525,180.42,true,53.87,8961,116.7,player-09947,DEF,38,130,184.82,52.85,4.88,481.93,10,19
529,152.62,true,70.89,9069,109.67,player-09948,MC,38,131,208.95,62.78,5.43,471.24,8,17
535,171.21,true,53.36,9157,113.09,player-09949,DEL,38,134,170.18,49.39,4.14,454.48,9,15
518,169.93,true,64.78,8795,113.12,player-09950,DEF,38,127,211.48,64.99,5.4,494.52,9,19
778,215.07,true,59.86,7653,116.99,player-09951,POR,12,164,205.87,57.81,3.08,537.94,12,17
567,211.74,true,62,5676,116.52,player-09952,DEF,12,118,247.46,74.18,3.08,575.71,12,17
,227.53,false,59.22,,116.27,player-09953,DEF,12,,171.37,52.36,1.57,515.17,12,14
,257.19,false,61.48,,113.8,player-09954,MC,12,,215.35,68.37,2.64,586.34,9,12
677,223.77,true,44.75,6781,114.39,player-09955,MC,12,143,217.53,66.53,2.81,555.69,11,15
497,225.55,true,66.8,4989,116.02,player-09956,DEL,12,101,245.1,70.04,3.08,586.66,12,17
598,199.27,true,72.39,5974,116.21,player-09957,DEF,12,126,254.87,74.5,3.08,570.35,12,17
,216.01,false,58.14,,112.02,player-09958,MC,12,,193.86,64.25,2.28,521.88,11,14
,197.23,false,53.27,,112.09,player-09959,DEL,12,,176.03,53.94,1.81,485.36,10,12
,225.34,false,50.93,,107.1,player-09960,DEF,12,,173.93,51.81,3.47,506.37,8,12
,184.09,false,56.96,,111.98,player-09961,POR,37,,164.94,50.89,3,461.01,10,14
,218.8,false,49.41,,113.6,player-09962,DEF,37,,166.61,52.24,3,499.01,10,14
,186.2,false,47.24,,113.87,player-09963,DEF,37,,153.78,45.29,1.81,453.85,10,12
,219.65,false,47.4,,109.32,player-09964,MC,37,,130.47,40.18,2.64,459.44,9,12
843,194.98,true,50.29,9204,114.96,player-09965,MC,37,152,131.52,40.28,2.81,441.46,11,15
,211.8,false,50.56,,111.69,player-09966,DEL,37,,173.83,50.06,3,497.32,10,14
,212.01,false,51.65,,114.34,player-09967,DEF,37,,192.76,60.24,2.28,519.12,11,14
,220.09,false,50.25,,106.44,player-09968,MC,37,,105.13,35.23,3.78,431.67,7,11
,197.53,false,50.72,,109.69,player-09969,DEL,37,,167.61,49.69,3.22,474.84,9,13
688,214.12,true,49.7,7555,115.51,player-09970,DEF,37,135,211.22,61.59,3.26,540.85,11,16
1704,235.35,true,57.62,8036,117.99,player-09971,POR,04,97,173.27,50.7,3.64,526.61,15,20
1210,230.32,true,60.24,5432,120.01,player-09972,DEF,04,63,229.25,61.83,2.14,579.59,16,20
1183,234.19,true,67.87,5290,116.99,player-09973,DEF,04,61,230.51,70.8,3.14,581.68,14,20
1619,226.48,true,69.8,7654,118.6,player-09974,MC,04,91,192.82,59.46,4.04,537.91,16,23
961,251.55,true,66.87,4158,119.18,player-09975,MC,04,49,229.38,65.05,3.17,600.11,18,23
1805,219.13,true,58.02,8600,119.65,player-09976,DEL,04,104,166.91,51.18,3.17,505.69,18,23
1305,238.11,true,59.77,5941,119.85,player-09977,DEF,04,66,213.03,60.03,3.46,570.99,18,24
1712,235.91,true,58.29,8063,117.16,player-09978,MC,04,98,172.98,51.57,2.64,526.05,15,20
1774,223.19,true,46.84,8424,120.81,player-09979,DEL,04,103,170.13,48.52,2.87,514.14,15,18
953,244.84,true,65,4100,118.73,player-09980,DEF,04,48,237.43,64.27,4.04,601,16,23
355,224.53,true,79.83,1237,125.27,player-09981,POR,41,61,305.04,82.27,2.59,654.84,17,20
1435,204.85,true,70.98,6642,121.39,player-09982,DEF,41,278,231.93,67.91,2.01,558.17,13,16
1135,209.63,true,71.27,5076,123.17,player-09983,DEF,41,226,252.59,78.93,2.59,585.39,14,16
636,231.51,true,85.25,2439,125.3,player-09984,MC,41,118,273.25,80.06,1.76,630.06,17,18
1477,212.97,true,70.7,6801,124.25,player-09985,MC,41,296,218.24,64.74,2.09,555.45,14,15
653,229.79,true,79.44,2499,123.77,player-09986,DEL,41,121,275.27,78.75,1.32,628.83,15,17
798,213.55,true,73.94,3276,124.06,player-09987,DEF,41,150,277.16,79.37,2.87,614.77,15,18
1067,255.26,true,75.22,4738,123.85,player-09988,MC,41,209,211.65,65.98,2.09,590.76,14,15
,226.9,false,67.81,,123.92,player-09989,DEL,41,,221.03,66.27,0.85,571.85,13,14
,228.29,false,55.34,,122.61,player-09990,DEF,41,,164.71,50.77,3.03,515.61,14,17
1218,244.61,true,66.91,5477,120.54,player-09991,POR,41,240,213.88,64.91,7.51,579.03,15,26
989,252.66,true,73.8,4306,117.23,player-09992,DEF,41,195,227.64,66.73,6.9,597.53,13,27
1445,228.44,true,59.04,6674,121.28,player-09993,DEF,41,283,207.74,56.86,6,557.46,16,28
1128,229.77,true,62.61,5054,118.13,player-09994,MC,41,224,237.75,71.43,5.62,585.65,14,23
1010,254.6,true,64.22,4420,120.29,player-09995,MC,41,198,220.78,61.23,6,595.67,16,28
1471,244.61,true,53.51,6782,120.54,player-09996,DEL,41,292,190.54,55.28,7.77,555.69,16,29
1492,227.54,true,60.56,6866,118.19,player-09997,DEF,41,303,208.3,59.58,7.77,554.02,16,29
1171,233.52,true,65.68,5250,119.08,player-09998,MC,41,231,229.86,65.78,5.8,582.45,13,22
1159,243.49,true,61.83,5204,121.62,player-09999,DEL,41,230,218.21,58.85,3.47,583.31,16,24
851,231.76,true,70.74,3510,117.02,player-10000,DEF,41,167,262.23,72,3.3,611,13,19
